,Technology
0,TRLV_1_1
1,BACKSTOP
2,TRLV_1_0
3,KEEL00d_1
4,SOPV12h_1_1
5,SOPV12h_1_0
6,SOPV8h_1_1
7,SOPV8h_1_0
8,SOPV_1_1
9,SOPV_1_0
10,TRLV_5_1
11,TRLV_5_0
12,KEEL00d_5
13,SOPV12h_5_1
14,SOPV12h_5_0
15,SOPV8h_5_1
16,SOPV8h_5_0
17,SOPV_5_1
18,SOPV_5_0
19,TRLV_6_1
20,TRLV_6_0
21,KEEL00d_6
22,SOPV12h_6_1
23,SOPV12h_6_0
24,SOPV8h_6_1
25,SOPV8h_6_0
26,SOPV_6_1
27,SOPV_6_0
28,TRLV_8_1
29,TRLV_8_0
30,KEEL00d_8
31,SOPV12h_8_1
32,SOPV12h_8_0
33,SOPV8h_8_1
34,SOPV8h_8_0
35,SOPV_8_1
36,SOPV_8_0
37,TRLV_17_1
38,TRLV_17_0
39,KEEL00d_17
40,SOPV12h_17_1
41,SOPV12h_17_0
42,SOPV8h_17_1
43,SOPV8h_17_0
44,SOPV_17_1
45,SOPV_17_0
46,TRLV_30_1
47,TRLV_30_0
48,KEEL00d_30
49,SOPV12h_30_1
50,SOPV12h_30_0
51,SOPV8h_30_1
52,SOPV8h_30_0
53,SOPV_30_1
54,SOPV_30_0
55,TRLV_33_1
56,TRLV_33_0
57,KEEL00d_33
58,SOPV12h_33_1
59,SOPV12h_33_0
60,SOPV8h_33_1
61,SOPV8h_33_0
62,SOPV_33_1
63,SOPV_33_0
64,TRLV_34_1
65,TRLV_34_0
66,KEEL00d_34
67,SOPV12h_34_1
68,SOPV12h_34_0
69,SOPV8h_34_1
70,SOPV8h_34_0
71,SOPV_34_1
72,SOPV_34_0
73,TRLV_37_1
74,TRLV_37_0
75,KEEL00d_37
76,SOPV12h_37_1
77,SOPV12h_37_0
78,SOPV8h_37_1
79,SOPV8h_37_0
80,SOPV_37_1
81,SOPV_37_0
82,TRLV_39_1
83,TRLV_39_0
84,KEEL00d_39
85,SOPV12h_39_1
86,SOPV12h_39_0
87,SOPV8h_39_1
88,SOPV8h_39_0
89,SOPV_39_1
90,SOPV_39_0
91,TRLV_42_1
92,TRLV_42_0
93,KEEL00d_42
94,SOPV12h_42_1
95,SOPV12h_42_0
96,SOPV8h_42_1
97,SOPV8h_42_0
98,SOPV_42_1
99,SOPV_42_0
100,TRLV_43_1
101,TRLV_43_0
102,KEEL00d_43
103,SOPV12h_43_1
104,SOPV12h_43_0
105,SOPV8h_43_1
106,SOPV8h_43_0
107,SOPV_43_1
108,SOPV_43_0
109,TRLV_48_1
110,TRLV_48_0
111,KEEL00d_48
112,SOPV12h_48_1
113,SOPV12h_48_0
114,SOPV8h_48_1
115,SOPV8h_48_0
116,SOPV_48_1
117,SOPV_48_0
118,TRLV_49_1
119,TRLV_49_0
120,KEEL00d_49
121,SOPV12h_49_1
122,SOPV12h_49_0
123,SOPV8h_49_1
124,SOPV8h_49_0
125,SOPV_49_1
126,SOPV_49_0
127,TRLV_50_1
128,TRLV_50_0
129,KEEL00d_50
130,SOPV12h_50_1
131,SOPV12h_50_0
132,SOPV8h_50_1
133,SOPV8h_50_0
134,SOPV_50_1
135,SOPV_50_0
136,TRLV_51_1
137,TRLV_51_0
138,KEEL00d_51
139,SOPV12h_51_1
140,SOPV12h_51_0
141,SOPV8h_51_1
142,SOPV8h_51_0
143,SOPV_51_1
144,SOPV_51_0
145,TRLV_52_1
146,TRLV_52_0
147,KEEL00d_52
148,SOPV12h_52_1
149,SOPV12h_52_0
150,SOPV8h_52_1
151,SOPV8h_52_0
152,SOPV_52_1
153,SOPV_52_0
154,TRLV_53_1
155,TRLV_53_0
156,KEEL00d_53
157,SOPV12h_53_1
158,SOPV12h_53_0
159,SOPV8h_53_1
160,SOPV8h_53_0
161,SOPV_53_1
162,SOPV_53_0
163,TRLV_58_1
164,TRLV_58_0
165,KEEL00d_58
166,SOPV12h_58_1
167,SOPV12h_58_0
168,SOPV8h_58_1
169,SOPV8h_58_0
170,SOPV_58_1
171,SOPV_58_0
172,TRLV_59_1
173,TRLV_59_0
174,KEEL00d_59
175,SOPV12h_59_1
176,SOPV12h_59_0
177,SOPV8h_59_1
178,SOPV8h_59_0
179,SOPV_59_1
180,SOPV_59_0
181,TRLV_72_1
182,TRLV_72_0
183,KEEL00d_72
184,SOPV12h_72_1
185,SOPV12h_72_0
186,SOPV8h_72_1
187,SOPV8h_72_0
188,SOPV_72_1
189,SOPV_72_0
190,TRLV_73_1
191,TRLV_73_0
192,KEEL00d_73
193,SOPV12h_73_1
194,SOPV12h_73_0
195,SOPV8h_73_1
196,SOPV8h_73_0
197,SOPV_73_1
198,SOPV_73_0
199,TRLV_74_1
200,TRLV_74_0
201,KEEL00d_74
202,SOPV12h_74_1
203,SOPV12h_74_0
204,SOPV8h_74_1
205,SOPV8h_74_0
206,SOPV_74_1
207,SOPV_74_0
208,TRLV_87_1
209,TRLV_87_0
210,KEEL00d_87
211,SOPV12h_87_1
212,SOPV12h_87_0
213,SOPV8h_87_1
214,SOPV8h_87_0
215,SOPV_87_1
216,SOPV_87_0
217,TRLV_88_1
218,TRLV_88_0
219,KEEL00d_88
220,SOPV12h_88_1
221,SOPV12h_88_0
222,SOPV8h_88_1
223,SOPV8h_88_0
224,SOPV_88_1
225,SOPV_88_0
226,TRLV_91_1
227,TRLV_91_0
228,KEEL00d_91
229,SOPV12h_91_1
230,SOPV12h_91_0
231,SOPV8h_91_1
232,SOPV8h_91_0
233,SOPV_91_1
234,SOPV_91_0
235,TRLV_92_1
236,TRLV_92_0
237,KEEL00d_92
238,SOPV12h_92_1
239,SOPV12h_92_0
240,SOPV8h_92_1
241,SOPV8h_92_0
242,SOPV_92_1
243,SOPV_92_0
244,TRLV_100_1
245,TRLV_100_0
246,KEEL00d_100
247,SOPV12h_100_1
248,SOPV12h_100_0
249,SOPV8h_100_1
250,SOPV8h_100_0
251,SOPV_100_1
252,SOPV_100_0
253,TRLV_104_1
254,TRLV_104_0
255,KEEL00d_104
256,SOPV12h_104_1
257,SOPV12h_104_0
258,SOPV8h_104_1
259,SOPV8h_104_0
260,SOPV_104_1
261,SOPV_104_0
262,TRLV_105_1
263,TRLV_105_0
264,KEEL00d_105
265,SOPV12h_105_1
266,SOPV12h_105_0
267,SOPV8h_105_1
268,SOPV8h_105_0
269,SOPV_105_1
270,SOPV_105_0
271,TRLV_106_1
272,TRLV_106_0
273,KEEL00d_106
274,SOPV12h_106_1
275,SOPV12h_106_0
276,SOPV8h_106_1
277,SOPV8h_106_0
278,SOPV_106_1
279,SOPV_106_0
280,TRLV_109_1
281,TRLV_109_0
282,KEEL00d_109
283,SOPV12h_109_1
284,SOPV12h_109_0
285,SOPV8h_109_1
286,SOPV8h_109_0
287,SOPV_109_1
288,SOPV_109_0
289,TRLV_110_1
290,TRLV_110_0
291,KEEL00d_110
292,SOPV12h_110_1
293,SOPV12h_110_0
294,SOPV8h_110_1
295,SOPV8h_110_0
296,SOPV_110_1
297,SOPV_110_0
298,TRLV_112_1
299,TRLV_112_0
300,KEEL00d_112
301,SOPV12h_112_1
302,SOPV12h_112_0
303,SOPV8h_112_1
304,SOPV8h_112_0
305,SOPV_112_1
306,SOPV_112_0
307,TRLV_114_1
308,TRLV_114_0
309,KEEL00d_114
310,SOPV12h_114_1
311,SOPV12h_114_0
312,SOPV8h_114_1
313,SOPV8h_114_0
314,SOPV_114_1
315,SOPV_114_0
316,TRLV_117_1
317,TRLV_117_0
318,KEEL00d_117
319,SOPV12h_117_1
320,SOPV12h_117_0
321,SOPV8h_117_1
322,SOPV8h_117_0
323,SOPV_117_1
324,SOPV_117_0
325,TRLV_120_1
326,TRLV_120_0
327,KEEL00d_120
328,SOPV12h_120_1
329,SOPV12h_120_0
330,SOPV8h_120_1
331,SOPV8h_120_0
332,SOPV_120_1
333,SOPV_120_0
334,TRLV_122_1
335,TRLV_122_0
336,KEEL00d_122
337,SOPV12h_122_1
338,SOPV12h_122_0
339,SOPV8h_122_1
340,SOPV8h_122_0
341,SOPV_122_1
342,SOPV_122_0
343,TRLV_123_1
344,TRLV_123_0
345,KEEL00d_123
346,SOPV12h_123_1
347,SOPV12h_123_0
348,SOPV8h_123_1
349,SOPV8h_123_0
350,SOPV_123_1
351,SOPV_123_0
352,TRLV_126_1
353,TRLV_126_0
354,KEEL00d_126
355,SOPV12h_126_1
356,SOPV12h_126_0
357,SOPV8h_126_1
358,SOPV8h_126_0
359,SOPV_126_1
360,SOPV_126_0
361,TRLV_127_1
362,TRLV_127_0
363,KEEL00d_127
364,SOPV12h_127_1
365,SOPV12h_127_0
366,SOPV8h_127_1
367,SOPV8h_127_0
368,SOPV_127_1
369,SOPV_127_0
370,TRLV_128_1
371,TRLV_128_0
372,KEEL00d_128
373,SOPV12h_128_1
374,SOPV12h_128_0
375,SOPV8h_128_1
376,SOPV8h_128_0
377,SOPV_128_1
378,SOPV_128_0
379,TRLV_131_1
380,TRLV_131_0
381,KEEL00d_131
382,SOPV12h_131_1
383,SOPV12h_131_0
384,SOPV8h_131_1
385,SOPV8h_131_0
386,SOPV_131_1
387,SOPV_131_0
388,TRLV_134_1
389,TRLV_134_0
390,KEEL00d_134
391,SOPV12h_134_1
392,SOPV12h_134_0
393,SOPV8h_134_1
394,SOPV8h_134_0
395,SOPV_134_1
396,SOPV_134_0
397,TRLV_139_1
398,TRLV_139_0
399,KEEL00d_139
400,SOPV12h_139_1
401,SOPV12h_139_0
402,SOPV8h_139_1
403,SOPV8h_139_0
404,SOPV_139_1
405,SOPV_139_0
406,TRLV_140_1
407,TRLV_140_0
408,KEEL00d_140
409,SOPV12h_140_1
410,SOPV12h_140_0
411,SOPV8h_140_1
412,SOPV8h_140_0
413,SOPV_140_1
414,SOPV_140_0
415,TRLV_143_1
416,TRLV_143_0
417,KEEL00d_143
418,SOPV12h_143_1
419,SOPV12h_143_0
420,SOPV8h_143_1
421,SOPV8h_143_0
422,SOPV_143_1
423,SOPV_143_0
424,TRLV_144_1
425,TRLV_144_0
426,KEEL00d_144
427,SOPV12h_144_1
428,SOPV12h_144_0
429,SOPV8h_144_1
430,SOPV8h_144_0
431,SOPV_144_1
432,SOPV_144_0
433,TRLV_145_1
434,TRLV_145_0
435,KEEL00d_145
436,SOPV12h_145_1
437,SOPV12h_145_0
438,SOPV8h_145_1
439,SOPV8h_145_0
440,SOPV_145_1
441,SOPV_145_0
442,TRLV_147_1
443,TRLV_147_0
444,KEEL00d_147
445,SOPV12h_147_1
446,SOPV12h_147_0
447,SOPV8h_147_1
448,SOPV8h_147_0
449,SOPV_147_1
450,SOPV_147_0
451,TRLV_148_1
452,TRLV_148_0
453,KEEL00d_148
454,SOPV12h_148_1
455,SOPV12h_148_0
456,SOPV8h_148_1
457,SOPV8h_148_0
458,SOPV_148_1
459,SOPV_148_0
460,TRLV_149_1
461,TRLV_149_0
462,KEEL00d_149
463,SOPV12h_149_1
464,SOPV12h_149_0
465,SOPV8h_149_1
466,SOPV8h_149_0
467,SOPV_149_1
468,SOPV_149_0
469,TRLV_153_1
470,TRLV_153_0
471,KEEL00d_153
472,SOPV12h_153_1
473,SOPV12h_153_0
474,SOPV8h_153_1
475,SOPV8h_153_0
476,SOPV_153_1
477,SOPV_153_0
478,TRLV_160_1
479,TRLV_160_0
480,KEEL00d_160
481,SOPV12h_160_1
482,SOPV12h_160_0
483,SOPV8h_160_1
484,SOPV8h_160_0
485,SOPV_160_1
486,SOPV_160_0
487,TRLV_161_1
488,TRLV_161_0
489,KEEL00d_161
490,SOPV12h_161_1
491,SOPV12h_161_0
492,SOPV8h_161_1
493,SOPV8h_161_0
494,SOPV_161_1
495,SOPV_161_0
496,TRLV_162_1
497,TRLV_162_0
498,KEEL00d_162
499,SOPV12h_162_1
500,SOPV12h_162_0
501,SOPV8h_162_1
502,SOPV8h_162_0
503,SOPV_162_1
504,SOPV_162_0
505,TRLV_163_1
506,TRLV_163_0
507,KEEL00d_163
508,SOPV12h_163_1
509,SOPV12h_163_0
510,SOPV8h_163_1
511,SOPV8h_163_0
512,SOPV_163_1
513,SOPV_163_0
514,TRLV_164_1
515,TRLV_164_0
516,KEEL00d_164
517,SOPV12h_164_1
518,SOPV12h_164_0
519,SOPV8h_164_1
520,SOPV8h_164_0
521,SOPV_164_1
522,SOPV_164_0
523,TRLV_165_1
524,TRLV_165_0
525,KEEL00d_165
526,SOPV12h_165_1
527,SOPV12h_165_0
528,SOPV8h_165_1
529,SOPV8h_165_0
530,SOPV_165_1
531,SOPV_165_0
532,TRLV_166_1
533,TRLV_166_0
534,KEEL00d_166
535,SOPV12h_166_1
536,SOPV12h_166_0
537,SOPV8h_166_1
538,SOPV8h_166_0
539,SOPV_166_1
540,SOPV_166_0
541,TRLV_167_1
542,TRLV_167_0
543,KEEL00d_167
544,SOPV12h_167_1
545,SOPV12h_167_0
546,SOPV8h_167_1
547,SOPV8h_167_0
548,SOPV_167_1
549,SOPV_167_0
550,TRLV_168_1
551,TRLV_168_0
552,KEEL00d_168
553,SOPV12h_168_1
554,SOPV12h_168_0
555,SOPV8h_168_1
556,SOPV8h_168_0
557,SOPV_168_1
558,SOPV_168_0
559,TRLV_170_1
560,TRLV_170_0
561,KEEL00d_170
562,SOPV12h_170_1
563,SOPV12h_170_0
564,SOPV8h_170_1
565,SOPV8h_170_0
566,SOPV_170_1
567,SOPV_170_0
568,TRLV_171_1
569,TRLV_171_0
570,KEEL00d_171
571,SOPV12h_171_1
572,SOPV12h_171_0
573,SOPV8h_171_1
574,SOPV8h_171_0
575,SOPV_171_1
576,SOPV_171_0
577,TRLV_172_1
578,TRLV_172_0
579,KEEL00d_172
580,SOPV12h_172_1
581,SOPV12h_172_0
582,SOPV8h_172_1
583,SOPV8h_172_0
584,SOPV_172_1
585,SOPV_172_0
586,TRLV_173_1
587,TRLV_173_0
588,KEEL00d_173
589,SOPV12h_173_1
590,SOPV12h_173_0
591,SOPV8h_173_1
592,SOPV8h_173_0
593,SOPV_173_1
594,SOPV_173_0
595,TRLV_174_1
596,TRLV_174_0
597,KEEL00d_174
598,SOPV12h_174_1
599,SOPV12h_174_0
600,SOPV8h_174_1
601,SOPV8h_174_0
602,SOPV_174_1
603,SOPV_174_0
604,TRLV_178_1
605,TRLV_178_0
606,KEEL00d_178
607,SOPV12h_178_1
608,SOPV12h_178_0
609,SOPV8h_178_1
610,SOPV8h_178_0
611,SOPV_178_1
612,SOPV_178_0
613,TRLV_179_1
614,TRLV_179_0
615,KEEL00d_179
616,SOPV12h_179_1
617,SOPV12h_179_0
618,SOPV8h_179_1
619,SOPV8h_179_0
620,SOPV_179_1
621,SOPV_179_0
622,TRLV_180_1
623,TRLV_180_0
624,KEEL00d_180
625,SOPV12h_180_1
626,SOPV12h_180_0
627,SOPV8h_180_1
628,SOPV8h_180_0
629,SOPV_180_1
630,SOPV_180_0
631,TRLV_181_1
632,TRLV_181_0
633,KEEL00d_181
634,SOPV12h_181_1
635,SOPV12h_181_0
636,SOPV8h_181_1
637,SOPV8h_181_0
638,SOPV_181_1
639,SOPV_181_0
640,TRLV_182_1
641,TRLV_182_0
642,KEEL00d_182
643,SOPV12h_182_1
644,SOPV12h_182_0
645,SOPV8h_182_1
646,SOPV8h_182_0
647,SOPV_182_1
648,SOPV_182_0
649,TRLV_183_1
650,TRLV_183_0
651,KEEL00d_183
652,SOPV12h_183_1
653,SOPV12h_183_0
654,SOPV8h_183_1
655,SOPV8h_183_0
656,SOPV_183_1
657,SOPV_183_0
658,TRLV_184_1
659,TRLV_184_0
660,KEEL00d_184
661,SOPV12h_184_1
662,SOPV12h_184_0
663,SOPV8h_184_1
664,SOPV8h_184_0
665,SOPV_184_1
666,SOPV_184_0
667,TRLV_185_1
668,TRLV_185_0
669,KEEL00d_185
670,SOPV12h_185_1
671,SOPV12h_185_0
672,SOPV8h_185_1
673,SOPV8h_185_0
674,SOPV_185_1
675,SOPV_185_0
676,TRLV_186_1
677,TRLV_186_0
678,KEEL00d_186
679,SOPV12h_186_1
680,SOPV12h_186_0
681,SOPV8h_186_1
682,SOPV8h_186_0
683,SOPV_186_1
684,SOPV_186_0
685,TRLV_187_1
686,TRLV_187_0
687,KEEL00d_187
688,SOPV12h_187_1
689,SOPV12h_187_0
690,SOPV8h_187_1
691,SOPV8h_187_0
692,SOPV_187_1
693,SOPV_187_0
694,TRLV_188_1
695,TRLV_188_0
696,KEEL00d_188
697,SOPV12h_188_1
698,SOPV12h_188_0
699,SOPV8h_188_1
700,SOPV8h_188_0
701,SOPV_188_1
702,SOPV_188_0
703,TRLV_189_1
704,TRLV_189_0
705,KEEL00d_189
706,SOPV12h_189_1
707,SOPV12h_189_0
708,SOPV8h_189_1
709,SOPV8h_189_0
710,SOPV_189_1
711,SOPV_189_0
712,TRLV_190_1
713,TRLV_190_0
714,KEEL00d_190
715,SOPV12h_190_1
716,SOPV12h_190_0
717,SOPV8h_190_1
718,SOPV8h_190_0
719,SOPV_190_1
720,SOPV_190_0
721,TRLV_191_1
722,TRLV_191_0
723,KEEL00d_191
724,SOPV12h_191_1
725,SOPV12h_191_0
726,SOPV8h_191_1
727,SOPV8h_191_0
728,SOPV_191_1
729,SOPV_191_0
730,TRLV_192_1
731,TRLV_192_0
732,KEEL00d_192
733,SOPV12h_192_1
734,SOPV12h_192_0
735,SOPV8h_192_1
736,SOPV8h_192_0
737,SOPV_192_1
738,SOPV_192_0
739,TRLV_193_1
740,TRLV_193_0
741,KEEL00d_193
742,SOPV12h_193_1
743,SOPV12h_193_0
744,SOPV8h_193_1
745,SOPV8h_193_0
746,SOPV_193_1
747,SOPV_193_0
748,TRLV_197_1
749,TRLV_197_0
750,KEEL00d_197
751,SOPV12h_197_1
752,SOPV12h_197_0
753,SOPV8h_197_1
754,SOPV8h_197_0
755,SOPV_197_1
756,SOPV_197_0
757,TRLV_198_1
758,TRLV_198_0
759,KEEL00d_198
760,SOPV12h_198_1
761,SOPV12h_198_0
762,SOPV8h_198_1
763,SOPV8h_198_0
764,SOPV_198_1
765,SOPV_198_0
766,TRLV_199_1
767,TRLV_199_0
768,KEEL00d_199
769,SOPV12h_199_1
770,SOPV12h_199_0
771,SOPV8h_199_1
772,SOPV8h_199_0
773,SOPV_199_1
774,SOPV_199_0
775,TRLV_200_1
776,TRLV_200_0
777,KEEL00d_200
778,SOPV12h_200_1
779,SOPV12h_200_0
780,SOPV8h_200_1
781,SOPV8h_200_0
782,SOPV_200_1
783,SOPV_200_0
784,TRLV_201_1
785,TRLV_201_0
786,KEEL00d_201
787,SOPV12h_201_1
788,SOPV12h_201_0
789,SOPV8h_201_1
790,SOPV8h_201_0
791,SOPV_201_1
792,SOPV_201_0
793,TRLV_202_1
794,TRLV_202_0
795,KEEL00d_202
796,SOPV12h_202_1
797,SOPV12h_202_0
798,SOPV8h_202_1
799,SOPV8h_202_0
800,SOPV_202_1
801,SOPV_202_0
802,TRLV_203_1
803,TRLV_203_0
804,KEEL00d_203
805,SOPV12h_203_1
806,SOPV12h_203_0
807,SOPV8h_203_1
808,SOPV8h_203_0
809,SOPV_203_1
810,SOPV_203_0
811,TRLV_204_1
812,TRLV_204_0
813,KEEL00d_204
814,SOPV12h_204_1
815,SOPV12h_204_0
816,SOPV8h_204_1
817,SOPV8h_204_0
818,SOPV_204_1
819,SOPV_204_0
820,TRLV_205_1
821,TRLV_205_0
822,KEEL00d_205
823,SOPV12h_205_1
824,SOPV12h_205_0
825,SOPV8h_205_1
826,SOPV8h_205_0
827,SOPV_205_1
828,SOPV_205_0
829,TRLV_206_1
830,TRLV_206_0
831,KEEL00d_206
832,SOPV12h_206_1
833,SOPV12h_206_0
834,SOPV8h_206_1
835,SOPV8h_206_0
836,SOPV_206_1
837,SOPV_206_0
838,TRLV_207_1
839,TRLV_207_0
840,KEEL00d_207
841,SOPV12h_207_1
842,SOPV12h_207_0
843,SOPV8h_207_1
844,SOPV8h_207_0
845,SOPV_207_1
846,SOPV_207_0
847,TRLV_208_1
848,TRLV_208_0
849,KEEL00d_208
850,SOPV12h_208_1
851,SOPV12h_208_0
852,SOPV8h_208_1
853,SOPV8h_208_0
854,SOPV_208_1
855,SOPV_208_0
856,TRLV_209_1
857,TRLV_209_0
858,KEEL00d_209
859,SOPV12h_209_1
860,SOPV12h_209_0
861,SOPV8h_209_1
862,SOPV8h_209_0
863,SOPV_209_1
864,SOPV_209_0
865,TRLV_217_1
866,TRLV_217_0
867,KEEL00d_217
868,SOPV12h_217_1
869,SOPV12h_217_0
870,SOPV8h_217_1
871,SOPV8h_217_0
872,SOPV_217_1
873,SOPV_217_0
874,TRLV_218_1
875,TRLV_218_0
876,KEEL00d_218
877,SOPV12h_218_1
878,SOPV12h_218_0
879,SOPV8h_218_1
880,SOPV8h_218_0
881,SOPV_218_1
882,SOPV_218_0
883,TRLV_219_1
884,TRLV_219_0
885,KEEL00d_219
886,SOPV12h_219_1
887,SOPV12h_219_0
888,SOPV8h_219_1
889,SOPV8h_219_0
890,SOPV_219_1
891,SOPV_219_0
892,TRLV_220_1
893,TRLV_220_0
894,KEEL00d_220
895,SOPV12h_220_1
896,SOPV12h_220_0
897,SOPV8h_220_1
898,SOPV8h_220_0
899,SOPV_220_1
900,SOPV_220_0
901,TRLV_221_1
902,TRLV_221_0
903,KEEL00d_221
904,SOPV12h_221_1
905,SOPV12h_221_0
906,SOPV8h_221_1
907,SOPV8h_221_0
908,SOPV_221_1
909,SOPV_221_0
910,TRLV_222_1
911,TRLV_222_0
912,KEEL00d_222
913,SOPV12h_222_1
914,SOPV12h_222_0
915,SOPV8h_222_1
916,SOPV8h_222_0
917,SOPV_222_1
918,SOPV_222_0
919,TRLV_223_1
920,TRLV_223_0
921,KEEL00d_223
922,SOPV12h_223_1
923,SOPV12h_223_0
924,SOPV8h_223_1
925,SOPV8h_223_0
926,SOPV_223_1
927,SOPV_223_0
928,TRLV_224_1
929,TRLV_224_0
930,KEEL00d_224
931,SOPV12h_224_1
932,SOPV12h_224_0
933,SOPV8h_224_1
934,SOPV8h_224_0
935,SOPV_224_1
936,SOPV_224_0
937,TRLV_225_1
938,TRLV_225_0
939,KEEL00d_225
940,SOPV12h_225_1
941,SOPV12h_225_0
942,SOPV8h_225_1
943,SOPV8h_225_0
944,SOPV_225_1
945,SOPV_225_0
946,TRLV_226_1
947,TRLV_226_0
948,KEEL00d_226
949,SOPV12h_226_1
950,SOPV12h_226_0
951,SOPV8h_226_1
952,SOPV8h_226_0
953,SOPV_226_1
954,SOPV_226_0
955,TRLV_227_1
956,TRLV_227_0
957,KEEL00d_227
958,SOPV12h_227_1
959,SOPV12h_227_0
960,SOPV8h_227_1
961,SOPV8h_227_0
962,SOPV_227_1
963,SOPV_227_0
964,TRLV_228_1
965,TRLV_228_0
966,KEEL00d_228
967,SOPV12h_228_1
968,SOPV12h_228_0
969,SOPV8h_228_1
970,SOPV8h_228_0
971,SOPV_228_1
972,SOPV_228_0
973,TRLV_229_1
974,TRLV_229_0
975,KEEL00d_229
976,SOPV12h_229_1
977,SOPV12h_229_0
978,SOPV8h_229_1
979,SOPV8h_229_0
980,SOPV_229_1
981,SOPV_229_0
982,TRLV_232_1
983,TRLV_232_0
984,KEEL00d_232
985,SOPV12h_232_1
986,SOPV12h_232_0
987,SOPV8h_232_1
988,SOPV8h_232_0
989,SOPV_232_1
990,SOPV_232_0
991,TRLV_233_1
992,TRLV_233_0
993,KEEL00d_233
994,SOPV12h_233_1
995,SOPV12h_233_0
996,SOPV8h_233_1
997,SOPV8h_233_0
998,SOPV_233_1
999,SOPV_233_0
1000,TRLV_237_1
1001,TRLV_237_0
1002,KEEL00d_237
1003,SOPV12h_237_1
1004,SOPV12h_237_0
1005,SOPV8h_237_1
1006,SOPV8h_237_0
1007,SOPV_237_1
1008,SOPV_237_0
1009,TRLV_238_1
1010,TRLV_238_0
1011,KEEL00d_238
1012,SOPV12h_238_1
1013,SOPV12h_238_0
1014,SOPV8h_238_1
1015,SOPV8h_238_0
1016,SOPV_238_1
1017,SOPV_238_0
1018,TRLV_239_1
1019,TRLV_239_0
1020,KEEL00d_239
1021,SOPV12h_239_1
1022,SOPV12h_239_0
1023,SOPV8h_239_1
1024,SOPV8h_239_0
1025,SOPV_239_1
1026,SOPV_239_0
1027,TRLV_240_1
1028,TRLV_240_0
1029,KEEL00d_240
1030,SOPV12h_240_1
1031,SOPV12h_240_0
1032,SOPV8h_240_1
1033,SOPV8h_240_0
1034,SOPV_240_1
1035,SOPV_240_0
1036,TRLV_241_1
1037,TRLV_241_0
1038,KEEL00d_241
1039,SOPV12h_241_1
1040,SOPV12h_241_0
1041,SOPV8h_241_1
1042,SOPV8h_241_0
1043,SOPV_241_1
1044,SOPV_241_0
1045,TRLV_242_1
1046,TRLV_242_0
1047,KEEL00d_242
1048,SOPV12h_242_1
1049,SOPV12h_242_0
1050,SOPV8h_242_1
1051,SOPV8h_242_0
1052,SOPV_242_1
1053,SOPV_242_0
1054,TRLV_243_1
1055,TRLV_243_0
1056,KEEL00d_243
1057,SOPV12h_243_1
1058,SOPV12h_243_0
1059,SOPV8h_243_1
1060,SOPV8h_243_0
1061,SOPV_243_1
1062,SOPV_243_0
1063,TRLV_244_1
1064,TRLV_244_0
1065,KEEL00d_244
1066,SOPV12h_244_1
1067,SOPV12h_244_0
1068,SOPV8h_244_1
1069,SOPV8h_244_0
1070,SOPV_244_1
1071,SOPV_244_0
1072,TRLV_245_1
1073,TRLV_245_0
1074,KEEL00d_245
1075,SOPV12h_245_1
1076,SOPV12h_245_0
1077,SOPV8h_245_1
1078,SOPV8h_245_0
1079,SOPV_245_1
1080,SOPV_245_0
1081,TRLV_246_1
1082,TRLV_246_0
1083,KEEL00d_246
1084,SOPV12h_246_1
1085,SOPV12h_246_0
1086,SOPV8h_246_1
1087,SOPV8h_246_0
1088,SOPV_246_1
1089,SOPV_246_0
1090,TRLV_247_1
1091,TRLV_247_0
1092,KEEL00d_247
1093,SOPV12h_247_1
1094,SOPV12h_247_0
1095,SOPV8h_247_1
1096,SOPV8h_247_0
1097,SOPV_247_1
1098,SOPV_247_0
1099,TRLV_248_1
1100,TRLV_248_0
1101,KEEL00d_248
1102,SOPV12h_248_1
1103,SOPV12h_248_0
1104,SOPV8h_248_1
1105,SOPV8h_248_0
1106,SOPV_248_1
1107,SOPV_248_0
1108,TRLV_249_1
1109,TRLV_249_0
1110,KEEL00d_249
1111,SOPV12h_249_1
1112,SOPV12h_249_0
1113,SOPV8h_249_1
1114,SOPV8h_249_0
1115,SOPV_249_1
1116,SOPV_249_0
1117,TRLV_250_1
1118,TRLV_250_0
1119,KEEL00d_250
1120,SOPV12h_250_1
1121,SOPV12h_250_0
1122,SOPV8h_250_1
1123,SOPV8h_250_0
1124,SOPV_250_1
1125,SOPV_250_0
1126,TRLV_251_1
1127,TRLV_251_0
1128,KEEL00d_251
1129,SOPV12h_251_1
1130,SOPV12h_251_0
1131,SOPV8h_251_1
1132,SOPV8h_251_0
1133,SOPV_251_1
1134,SOPV_251_0
1135,TRLV_252_1
1136,TRLV_252_0
1137,KEEL00d_252
1138,SOPV12h_252_1
1139,SOPV12h_252_0
1140,SOPV8h_252_1
1141,SOPV8h_252_0
1142,SOPV_252_1
1143,SOPV_252_0
1144,TRLV_253_1
1145,TRLV_253_0
1146,KEEL00d_253
1147,SOPV12h_253_1
1148,SOPV12h_253_0
1149,SOPV8h_253_1
1150,SOPV8h_253_0
1151,SOPV_253_1
1152,SOPV_253_0
1153,TRLV_257_1
1154,TRLV_257_0
1155,KEEL00d_257
1156,SOPV12h_257_1
1157,SOPV12h_257_0
1158,SOPV8h_257_1
1159,SOPV8h_257_0
1160,SOPV_257_1
1161,SOPV_257_0
1162,TRLV_258_1
1163,TRLV_258_0
1164,KEEL00d_258
1165,SOPV12h_258_1
1166,SOPV12h_258_0
1167,SOPV8h_258_1
1168,SOPV8h_258_0
1169,SOPV_258_1
1170,SOPV_258_0
1171,TRLV_259_1
1172,TRLV_259_0
1173,KEEL00d_259
1174,SOPV12h_259_1
1175,SOPV12h_259_0
1176,SOPV8h_259_1
1177,SOPV8h_259_0
1178,SOPV_259_1
1179,SOPV_259_0
1180,TRLV_260_1
1181,TRLV_260_0
1182,KEEL00d_260
1183,SOPV12h_260_1
1184,SOPV12h_260_0
1185,SOPV8h_260_1
1186,SOPV8h_260_0
1187,SOPV_260_1
1188,SOPV_260_0
1189,TRLV_261_1
1190,TRLV_261_0
1191,KEEL00d_261
1192,SOPV12h_261_1
1193,SOPV12h_261_0
1194,SOPV8h_261_1
1195,SOPV8h_261_0
1196,SOPV_261_1
1197,SOPV_261_0
1198,TRLV_262_1
1199,TRLV_262_0
1200,KEEL00d_262
1201,SOPV12h_262_1
1202,SOPV12h_262_0
1203,SOPV8h_262_1
1204,SOPV8h_262_0
1205,SOPV_262_1
1206,SOPV_262_0
1207,TRLV_263_1
1208,TRLV_263_0
1209,KEEL00d_263
1210,SOPV12h_263_1
1211,SOPV12h_263_0
1212,SOPV8h_263_1
1213,SOPV8h_263_0
1214,SOPV_263_1
1215,SOPV_263_0
1216,TRLV_264_1
1217,TRLV_264_0
1218,KEEL00d_264
1219,SOPV12h_264_1
1220,SOPV12h_264_0
1221,SOPV8h_264_1
1222,SOPV8h_264_0
1223,SOPV_264_1
1224,SOPV_264_0
1225,TRLV_265_1
1226,TRLV_265_0
1227,KEEL00d_265
1228,SOPV12h_265_1
1229,SOPV12h_265_0
1230,SOPV8h_265_1
1231,SOPV8h_265_0
1232,SOPV_265_1
1233,SOPV_265_0
1234,TRLV_266_1
1235,TRLV_266_0
1236,KEEL00d_266
1237,SOPV12h_266_1
1238,SOPV12h_266_0
1239,SOPV8h_266_1
1240,SOPV8h_266_0
1241,SOPV_266_1
1242,SOPV_266_0
1243,TRLV_267_1
1244,TRLV_267_0
1245,KEEL00d_267
1246,SOPV12h_267_1
1247,SOPV12h_267_0
1248,SOPV8h_267_1
1249,SOPV8h_267_0
1250,SOPV_267_1
1251,SOPV_267_0
1252,TRLV_268_1
1253,TRLV_268_0
1254,KEEL00d_268
1255,SOPV12h_268_1
1256,SOPV12h_268_0
1257,SOPV8h_268_1
1258,SOPV8h_268_0
1259,SOPV_268_1
1260,SOPV_268_0
1261,TRLV_269_1
1262,TRLV_269_0
1263,KEEL00d_269
1264,SOPV12h_269_1
1265,SOPV12h_269_0
1266,SOPV8h_269_1
1267,SOPV8h_269_0
1268,SOPV_269_1
1269,SOPV_269_0
1270,TRLV_270_1
1271,TRLV_270_0
1272,KEEL00d_270
1273,SOPV12h_270_1
1274,SOPV12h_270_0
1275,SOPV8h_270_1
1276,SOPV8h_270_0
1277,SOPV_270_1
1278,SOPV_270_0
1279,TRLV_271_1
1280,TRLV_271_0
1281,KEEL00d_271
1282,SOPV12h_271_1
1283,SOPV12h_271_0
1284,SOPV8h_271_1
1285,SOPV8h_271_0
1286,SOPV_271_1
1287,SOPV_271_0
1288,TRLV_272_1
1289,TRLV_272_0
1290,KEEL00d_272
1291,SOPV12h_272_1
1292,SOPV12h_272_0
1293,SOPV8h_272_1
1294,SOPV8h_272_0
1295,SOPV_272_1
1296,SOPV_272_0
1297,TRLV_277_1
1298,TRLV_277_0
1299,KEEL00d_277
1300,SOPV12h_277_1
1301,SOPV12h_277_0
1302,SOPV8h_277_1
1303,SOPV8h_277_0
1304,SOPV_277_1
1305,SOPV_277_0
1306,TRLV_278_1
1307,TRLV_278_0
1308,KEEL00d_278
1309,SOPV12h_278_1
1310,SOPV12h_278_0
1311,SOPV8h_278_1
1312,SOPV8h_278_0
1313,SOPV_278_1
1314,SOPV_278_0
1315,TRLV_279_1
1316,TRLV_279_0
1317,KEEL00d_279
1318,SOPV12h_279_1
1319,SOPV12h_279_0
1320,SOPV8h_279_1
1321,SOPV8h_279_0
1322,SOPV_279_1
1323,SOPV_279_0
1324,TRLV_280_1
1325,TRLV_280_0
1326,KEEL00d_280
1327,SOPV12h_280_1
1328,SOPV12h_280_0
1329,SOPV8h_280_1
1330,SOPV8h_280_0
1331,SOPV_280_1
1332,SOPV_280_0
1333,TRLV_281_1
1334,TRLV_281_0
1335,KEEL00d_281
1336,SOPV12h_281_1
1337,SOPV12h_281_0
1338,SOPV8h_281_1
1339,SOPV8h_281_0
1340,SOPV_281_1
1341,SOPV_281_0
1342,TRLV_282_1
1343,TRLV_282_0
1344,KEEL00d_282
1345,SOPV12h_282_1
1346,SOPV12h_282_0
1347,SOPV8h_282_1
1348,SOPV8h_282_0
1349,SOPV_282_1
1350,SOPV_282_0
1351,TRLV_283_1
1352,TRLV_283_0
1353,KEEL00d_283
1354,SOPV12h_283_1
1355,SOPV12h_283_0
1356,SOPV8h_283_1
1357,SOPV8h_283_0
1358,SOPV_283_1
1359,SOPV_283_0
1360,TRLV_284_1
1361,TRLV_284_0
1362,KEEL00d_284
1363,SOPV12h_284_1
1364,SOPV12h_284_0
1365,SOPV8h_284_1
1366,SOPV8h_284_0
1367,SOPV_284_1
1368,SOPV_284_0
1369,TRLV_285_1
1370,TRLV_285_0
1371,KEEL00d_285
1372,SOPV12h_285_1
1373,SOPV12h_285_0
1374,SOPV8h_285_1
1375,SOPV8h_285_0
1376,SOPV_285_1
1377,SOPV_285_0
1378,TRLV_286_1
1379,TRLV_286_0
1380,KEEL00d_286
1381,SOPV12h_286_1
1382,SOPV12h_286_0
1383,SOPV8h_286_1
1384,SOPV8h_286_0
1385,SOPV_286_1
1386,SOPV_286_0
1387,TRLV_287_1
1388,TRLV_287_0
1389,KEEL00d_287
1390,SOPV12h_287_1
1391,SOPV12h_287_0
1392,SOPV8h_287_1
1393,SOPV8h_287_0
1394,SOPV_287_1
1395,SOPV_287_0
1396,TRLV_288_1
1397,TRLV_288_0
1398,KEEL00d_288
1399,SOPV12h_288_1
1400,SOPV12h_288_0
1401,SOPV8h_288_1
1402,SOPV8h_288_0
1403,SOPV_288_1
1404,SOPV_288_0
1405,TRLV_291_1
1406,TRLV_291_0
1407,KEEL00d_291
1408,SOPV12h_291_1
1409,SOPV12h_291_0
1410,SOPV8h_291_1
1411,SOPV8h_291_0
1412,SOPV_291_1
1413,SOPV_291_0
1414,TRLV_292_1
1415,TRLV_292_0
1416,KEEL00d_292
1417,SOPV12h_292_1
1418,SOPV12h_292_0
1419,SOPV8h_292_1
1420,SOPV8h_292_0
1421,SOPV_292_1
1422,SOPV_292_0
1423,TRLV_297_1
1424,TRLV_297_0
1425,KEEL00d_297
1426,SOPV12h_297_1
1427,SOPV12h_297_0
1428,SOPV8h_297_1
1429,SOPV8h_297_0
1430,SOPV_297_1
1431,SOPV_297_0
1432,TRLV_298_1
1433,TRLV_298_0
1434,KEEL00d_298
1435,SOPV12h_298_1
1436,SOPV12h_298_0
1437,SOPV8h_298_1
1438,SOPV8h_298_0
1439,SOPV_298_1
1440,SOPV_298_0
1441,TRLV_299_1
1442,TRLV_299_0
1443,KEEL00d_299
1444,SOPV12h_299_1
1445,SOPV12h_299_0
1446,SOPV8h_299_1
1447,SOPV8h_299_0
1448,SOPV_299_1
1449,SOPV_299_0
1450,TRLV_300_1
1451,TRLV_300_0
1452,KEEL00d_300
1453,SOPV12h_300_1
1454,SOPV12h_300_0
1455,SOPV8h_300_1
1456,SOPV8h_300_0
1457,SOPV_300_1
1458,SOPV_300_0
1459,TRLV_301_1
1460,TRLV_301_0
1461,KEEL00d_301
1462,SOPV12h_301_1
1463,SOPV12h_301_0
1464,SOPV8h_301_1
1465,SOPV8h_301_0
1466,SOPV_301_1
1467,SOPV_301_0
1468,TRLV_302_1
1469,TRLV_302_0
1470,KEEL00d_302
1471,SOPV12h_302_1
1472,SOPV12h_302_0
1473,SOPV8h_302_1
1474,SOPV8h_302_0
1475,SOPV_302_1
1476,SOPV_302_0
1477,TRLV_303_1
1478,TRLV_303_0
1479,KEEL00d_303
1480,SOPV12h_303_1
1481,SOPV12h_303_0
1482,SOPV8h_303_1
1483,SOPV8h_303_0
1484,SOPV_303_1
1485,SOPV_303_0
1486,TRLV_304_1
1487,TRLV_304_0
1488,KEEL00d_304
1489,SOPV12h_304_1
1490,SOPV12h_304_0
1491,SOPV8h_304_1
1492,SOPV8h_304_0
1493,SOPV_304_1
1494,SOPV_304_0
1495,TRLV_305_1
1496,TRLV_305_0
1497,KEEL00d_305
1498,SOPV12h_305_1
1499,SOPV12h_305_0
1500,SOPV8h_305_1
1501,SOPV8h_305_0
1502,SOPV_305_1
1503,SOPV_305_0
1504,TRLV_310_1
1505,TRLV_310_0
1506,KEEL00d_310
1507,SOPV12h_310_1
1508,SOPV12h_310_0
1509,SOPV8h_310_1
1510,SOPV8h_310_0
1511,SOPV_310_1
1512,SOPV_310_0
1513,TRLV_314_1
1514,TRLV_314_0
1515,KEEL00d_314
1516,SOPV12h_314_1
1517,SOPV12h_314_0
1518,SOPV8h_314_1
1519,SOPV8h_314_0
1520,SOPV_314_1
1521,SOPV_314_0
1522,TRLV_315_1
1523,TRLV_315_0
1524,KEEL00d_315
1525,SOPV12h_315_1
1526,SOPV12h_315_0
1527,SOPV8h_315_1
1528,SOPV8h_315_0
1529,SOPV_315_1
1530,SOPV_315_0
1531,TRLV_316_1
1532,TRLV_316_0
1533,KEEL00d_316
1534,SOPV12h_316_1
1535,SOPV12h_316_0
1536,SOPV8h_316_1
1537,SOPV8h_316_0
1538,SOPV_316_1
1539,SOPV_316_0
1540,TRLV_317_1
1541,TRLV_317_0
1542,KEEL00d_317
1543,SOPV12h_317_1
1544,SOPV12h_317_0
1545,SOPV8h_317_1
1546,SOPV8h_317_0
1547,SOPV_317_1
1548,SOPV_317_0
1549,TRLV_318_1
1550,TRLV_318_0
1551,KEEL00d_318
1552,SOPV12h_318_1
1553,SOPV12h_318_0
1554,SOPV8h_318_1
1555,SOPV8h_318_0
1556,SOPV_318_1
1557,SOPV_318_0
1558,TRLV_319_1
1559,TRLV_319_0
1560,KEEL00d_319
1561,SOPV12h_319_1
1562,SOPV12h_319_0
1563,SOPV8h_319_1
1564,SOPV8h_319_0
1565,SOPV_319_1
1566,SOPV_319_0
1567,TRLV_320_1
1568,TRLV_320_0
1569,KEEL00d_320
1570,SOPV12h_320_1
1571,SOPV12h_320_0
1572,SOPV8h_320_1
1573,SOPV8h_320_0
1574,SOPV_320_1
1575,SOPV_320_0
1576,TRLV_321_1
1577,TRLV_321_0
1578,KEEL00d_321
1579,SOPV12h_321_1
1580,SOPV12h_321_0
1581,SOPV8h_321_1
1582,SOPV8h_321_0
1583,SOPV_321_1
1584,SOPV_321_0
1585,TRLV_322_1
1586,TRLV_322_0
1587,KEEL00d_322
1588,SOPV12h_322_1
1589,SOPV12h_322_0
1590,SOPV8h_322_1
1591,SOPV8h_322_0
1592,SOPV_322_1
1593,SOPV_322_0
1594,TRLV_327_1
1595,TRLV_327_0
1596,KEEL00d_327
1597,SOPV12h_327_1
1598,SOPV12h_327_0
1599,SOPV8h_327_1
1600,SOPV8h_327_0
1601,SOPV_327_1
1602,SOPV_327_0
1603,TRLV_329_1
1604,TRLV_329_0
1605,KEEL00d_329
1606,SOPV12h_329_1
1607,SOPV12h_329_0
1608,SOPV8h_329_1
1609,SOPV8h_329_0
1610,SOPV_329_1
1611,SOPV_329_0
1612,TRLV_330_1
1613,TRLV_330_0
1614,KEEL00d_330
1615,SOPV12h_330_1
1616,SOPV12h_330_0
1617,SOPV8h_330_1
1618,SOPV8h_330_0
1619,SOPV_330_1
1620,SOPV_330_0
1621,TRLV_331_1
1622,TRLV_331_0
1623,KEEL00d_331
1624,SOPV12h_331_1
1625,SOPV12h_331_0
1626,SOPV8h_331_1
1627,SOPV8h_331_0
1628,SOPV_331_1
1629,SOPV_331_0
1630,TRLV_332_1
1631,TRLV_332_0
1632,KEEL00d_332
1633,SOPV12h_332_1
1634,SOPV12h_332_0
1635,SOPV8h_332_1
1636,SOPV8h_332_0
1637,SOPV_332_1
1638,SOPV_332_0
1639,TRLV_333_1
1640,TRLV_333_0
1641,KEEL00d_333
1642,SOPV12h_333_1
1643,SOPV12h_333_0
1644,SOPV8h_333_1
1645,SOPV8h_333_0
1646,SOPV_333_1
1647,SOPV_333_0
1648,TRLV_334_1
1649,TRLV_334_0
1650,KEEL00d_334
1651,SOPV12h_334_1
1652,SOPV12h_334_0
1653,SOPV8h_334_1
1654,SOPV8h_334_0
1655,SOPV_334_1
1656,SOPV_334_0
1657,TRLV_335_1
1658,TRLV_335_0
1659,KEEL00d_335
1660,SOPV12h_335_1
1661,SOPV12h_335_0
1662,SOPV8h_335_1
1663,SOPV8h_335_0
1664,SOPV_335_1
1665,SOPV_335_0
1666,TRLV_336_1
1667,TRLV_336_0
1668,KEEL00d_336
1669,SOPV12h_336_1
1670,SOPV12h_336_0
1671,SOPV8h_336_1
1672,SOPV8h_336_0
1673,SOPV_336_1
1674,SOPV_336_0
1675,TRLV_337_1
1676,TRLV_337_0
1677,KEEL00d_337
1678,SOPV12h_337_1
1679,SOPV12h_337_0
1680,SOPV8h_337_1
1681,SOPV8h_337_0
1682,SOPV_337_1
1683,SOPV_337_0
1684,TRLV_341_1
1685,TRLV_341_0
1686,KEEL00d_341
1687,SOPV12h_341_1
1688,SOPV12h_341_0
1689,SOPV8h_341_1
1690,SOPV8h_341_0
1691,SOPV_341_1
1692,SOPV_341_0
1693,TRLV_342_1
1694,TRLV_342_0
1695,KEEL00d_342
1696,SOPV12h_342_1
1697,SOPV12h_342_0
1698,SOPV8h_342_1
1699,SOPV8h_342_0
1700,SOPV_342_1
1701,SOPV_342_0
1702,TRLV_343_1
1703,TRLV_343_0
1704,KEEL00d_343
1705,SOPV12h_343_1
1706,SOPV12h_343_0
1707,SOPV8h_343_1
1708,SOPV8h_343_0
1709,SOPV_343_1
1710,SOPV_343_0
1711,TRLV_344_1
1712,TRLV_344_0
1713,KEEL00d_344
1714,SOPV12h_344_1
1715,SOPV12h_344_0
1716,SOPV8h_344_1
1717,SOPV8h_344_0
1718,SOPV_344_1
1719,SOPV_344_0
1720,TRLV_345_1
1721,TRLV_345_0
1722,KEEL00d_345
1723,SOPV12h_345_1
1724,SOPV12h_345_0
1725,SOPV8h_345_1
1726,SOPV8h_345_0
1727,SOPV_345_1
1728,SOPV_345_0
1729,TRLV_346_1
1730,TRLV_346_0
1731,KEEL00d_346
1732,SOPV12h_346_1
1733,SOPV12h_346_0
1734,SOPV8h_346_1
1735,SOPV8h_346_0
1736,SOPV_346_1
1737,SOPV_346_0
1738,TRLV_347_1
1739,TRLV_347_0
1740,KEEL00d_347
1741,SOPV12h_347_1
1742,SOPV12h_347_0
1743,SOPV8h_347_1
1744,SOPV8h_347_0
1745,SOPV_347_1
1746,SOPV_347_0
1747,TRLV_348_1
1748,TRLV_348_0
1749,KEEL00d_348
1750,SOPV12h_348_1
1751,SOPV12h_348_0
1752,SOPV8h_348_1
1753,SOPV8h_348_0
1754,SOPV_348_1
1755,SOPV_348_0
1756,TRLV_352_1
1757,TRLV_352_0
1758,KEEL00d_352
1759,SOPV12h_352_1
1760,SOPV12h_352_0
1761,SOPV8h_352_1
1762,SOPV8h_352_0
1763,SOPV_352_1
1764,SOPV_352_0
1765,TRLV_353_1
1766,TRLV_353_0
1767,KEEL00d_353
1768,SOPV12h_353_1
1769,SOPV12h_353_0
1770,SOPV8h_353_1
1771,SOPV8h_353_0
1772,SOPV_353_1
1773,SOPV_353_0
1774,TRLV_354_1
1775,TRLV_354_0
1776,KEEL00d_354
1777,SOPV12h_354_1
1778,SOPV12h_354_0
1779,SOPV8h_354_1
1780,SOPV8h_354_0
1781,SOPV_354_1
1782,SOPV_354_0
1783,TRLV_355_1
1784,TRLV_355_0
1785,KEEL00d_355
1786,SOPV12h_355_1
1787,SOPV12h_355_0
1788,SOPV8h_355_1
1789,SOPV8h_355_0
1790,SOPV_355_1
1791,SOPV_355_0
1792,TRLV_356_1
1793,TRLV_356_0
1794,KEEL00d_356
1795,SOPV12h_356_1
1796,SOPV12h_356_0
1797,SOPV8h_356_1
1798,SOPV8h_356_0
1799,SOPV_356_1
1800,SOPV_356_0
1801,TRLV_358_1
1802,TRLV_358_0
1803,KEEL00d_358
1804,SOPV12h_358_1
1805,SOPV12h_358_0
1806,SOPV8h_358_1
1807,SOPV8h_358_0
1808,SOPV_358_1
1809,SOPV_358_0
1810,TRLV_359_1
1811,TRLV_359_0
1812,KEEL00d_359
1813,SOPV12h_359_1
1814,SOPV12h_359_0
1815,SOPV8h_359_1
1816,SOPV8h_359_0
1817,SOPV_359_1
1818,SOPV_359_0
1819,TRLV_360_1
1820,TRLV_360_0
1821,KEEL00d_360
1822,SOPV12h_360_1
1823,SOPV12h_360_0
1824,SOPV8h_360_1
1825,SOPV8h_360_0
1826,SOPV_360_1
1827,SOPV_360_0
1828,TRLV_361_1
1829,TRLV_361_0
1830,KEEL00d_361
1831,SOPV12h_361_1
1832,SOPV12h_361_0
1833,SOPV8h_361_1
1834,SOPV8h_361_0
1835,SOPV_361_1
1836,SOPV_361_0
1837,TRLV_362_1
1838,TRLV_362_0
1839,KEEL00d_362
1840,SOPV12h_362_1
1841,SOPV12h_362_0
1842,SOPV8h_362_1
1843,SOPV8h_362_0
1844,SOPV_362_1
1845,SOPV_362_0
1846,TRLV_363_1
1847,TRLV_363_0
1848,KEEL00d_363
1849,SOPV12h_363_1
1850,SOPV12h_363_0
1851,SOPV8h_363_1
1852,SOPV8h_363_0
1853,SOPV_363_1
1854,SOPV_363_0
1855,TRLV_364_1
1856,TRLV_364_0
1857,KEEL00d_364
1858,SOPV12h_364_1
1859,SOPV12h_364_0
1860,SOPV8h_364_1
1861,SOPV8h_364_0
1862,SOPV_364_1
1863,SOPV_364_0
1864,TRLV_365_1
1865,TRLV_365_0
1866,KEEL00d_365
1867,SOPV12h_365_1
1868,SOPV12h_365_0
1869,SOPV8h_365_1
1870,SOPV8h_365_0
1871,SOPV_365_1
1872,SOPV_365_0
1873,TRLV_366_1
1874,TRLV_366_0
1875,KEEL00d_366
1876,SOPV12h_366_1
1877,SOPV12h_366_0
1878,SOPV8h_366_1
1879,SOPV8h_366_0
1880,SOPV_366_1
1881,SOPV_366_0
1882,TRLV_367_1
1883,TRLV_367_0
1884,KEEL00d_367
1885,SOPV12h_367_1
1886,SOPV12h_367_0
1887,SOPV8h_367_1
1888,SOPV8h_367_0
1889,SOPV_367_1
1890,SOPV_367_0
1891,TRLV_368_1
1892,TRLV_368_0
1893,KEEL00d_368
1894,SOPV12h_368_1
1895,SOPV12h_368_0
1896,SOPV8h_368_1
1897,SOPV8h_368_0
1898,SOPV_368_1
1899,SOPV_368_0
1900,TRLV_369_1
1901,TRLV_369_0
1902,KEEL00d_369
1903,SOPV12h_369_1
1904,SOPV12h_369_0
1905,SOPV8h_369_1
1906,SOPV8h_369_0
1907,SOPV_369_1
1908,SOPV_369_0
1909,TRLV_370_1
1910,TRLV_370_0
1911,KEEL00d_370
1912,SOPV12h_370_1
1913,SOPV12h_370_0
1914,SOPV8h_370_1
1915,SOPV8h_370_0
1916,SOPV_370_1
1917,SOPV_370_0
1918,TRLV_371_1
1919,TRLV_371_0
1920,KEEL00d_371
1921,SOPV12h_371_1
1922,SOPV12h_371_0
1923,SOPV8h_371_1
1924,SOPV8h_371_0
1925,SOPV_371_1
1926,SOPV_371_0
1927,TRLV_373_1
1928,TRLV_373_0
1929,KEEL00d_373
1930,SOPV12h_373_1
1931,SOPV12h_373_0
1932,SOPV8h_373_1
1933,SOPV8h_373_0
1934,SOPV_373_1
1935,SOPV_373_0
1936,TRLV_374_1
1937,TRLV_374_0
1938,KEEL00d_374
1939,SOPV12h_374_1
1940,SOPV12h_374_0
1941,SOPV8h_374_1
1942,SOPV8h_374_0
1943,SOPV_374_1
1944,SOPV_374_0
1945,TRLV_375_1
1946,TRLV_375_0
1947,KEEL00d_375
1948,SOPV12h_375_1
1949,SOPV12h_375_0
1950,SOPV8h_375_1
1951,SOPV8h_375_0
1952,SOPV_375_1
1953,SOPV_375_0
1954,TRLV_376_1
1955,TRLV_376_0
1956,KEEL00d_376
1957,SOPV12h_376_1
1958,SOPV12h_376_0
1959,SOPV8h_376_1
1960,SOPV8h_376_0
1961,SOPV_376_1
1962,SOPV_376_0
1963,TRLV_2_0
1964,TRHV_2
1965,SOPV12h_2_0
1966,SOPV8h_2_0
1967,SOPV_2_0
1968,KEEL00t00
1969,TRLV_3_0
1970,TRHV_3
1971,SOPV12h_3_0
1972,SOPV8h_3_0
1973,SOPV_3_0
1974,TRLV_4_0
1975,TRHV_4
1976,SOPV12h_4_0
1977,SOPV8h_4_0
1978,SOPV_4_0
1979,TRLV_7_0
1980,TRHV_7
1981,SOPV12h_7_0
1982,SOPV8h_7_0
1983,SOPV_7_0
1984,TRLV_9_0
1985,TRHV_9
1986,SOPV12h_9_0
1987,SOPV8h_9_0
1988,SOPV_9_0
1989,TRLV_10_0
1990,TRHV_10
1991,SOPV12h_10_0
1992,SOPV8h_10_0
1993,SOPV_10_0
1994,TRLV_11_0
1995,TRHV_11
1996,SOPV12h_11_0
1997,SOPV8h_11_0
1998,SOPV_11_0
1999,TRLV_12_0
2000,TRHV_12
2001,SOPV12h_12_0
2002,SOPV8h_12_0
2003,SOPV_12_0
2004,TRLV_13_0
2005,TRHV_13
2006,SOPV12h_13_0
2007,SOPV8h_13_0
2008,SOPV_13_0
2009,TRLV_14_0
2010,TRHV_14
2011,SOPV12h_14_0
2012,SOPV8h_14_0
2013,SOPV_14_0
2014,TRLV_15_0
2015,TRHV_15
2016,SOPV12h_15_0
2017,SOPV8h_15_0
2018,SOPV_15_0
2019,TRLV_16_0
2020,TRHV_16
2021,SOPV12h_16_0
2022,SOPV8h_16_0
2023,SOPV_16_0
2024,TRLV_18_0
2025,TRHV_18
2026,SOPV12h_18_0
2027,SOPV8h_18_0
2028,SOPV_18_0
2029,TRLV_19_0
2030,TRHV_19
2031,SOPV12h_19_0
2032,SOPV8h_19_0
2033,SOPV_19_0
2034,TRLV_20_0
2035,TRHV_20
2036,SOPV12h_20_0
2037,SOPV8h_20_0
2038,SOPV_20_0
2039,TRLV_21_0
2040,TRHV_21
2041,SOPV12h_21_0
2042,SOPV8h_21_0
2043,SOPV_21_0
2044,TRLV_22_0
2045,TRHV_22
2046,SOPV12h_22_0
2047,SOPV8h_22_0
2048,SOPV_22_0
2049,TRLV_23_0
2050,TRHV_23
2051,SOPV12h_23_0
2052,SOPV8h_23_0
2053,SOPV_23_0
2054,TRLV_24_0
2055,TRHV_24
2056,SOPV12h_24_0
2057,SOPV8h_24_0
2058,SOPV_24_0
2059,TRLV_25_0
2060,TRHV_25
2061,SOPV12h_25_0
2062,SOPV8h_25_0
2063,SOPV_25_0
2064,TRLV_26_0
2065,TRHV_26
2066,SOPV12h_26_0
2067,SOPV8h_26_0
2068,SOPV_26_0
2069,TRLV_27_0
2070,TRHV_27
2071,SOPV12h_27_0
2072,SOPV8h_27_0
2073,SOPV_27_0
2074,TRLV_28_0
2075,TRHV_28
2076,SOPV12h_28_0
2077,SOPV8h_28_0
2078,SOPV_28_0
2079,TRLV_29_0
2080,TRHV_29
2081,SOPV12h_29_0
2082,SOPV8h_29_0
2083,SOPV_29_0
2084,TRLV_31_0
2085,TRHV_31
2086,SOPV12h_31_0
2087,SOPV8h_31_0
2088,SOPV_31_0
2089,TRLV_32_0
2090,TRHV_32
2091,SOPV12h_32_0
2092,SOPV8h_32_0
2093,SOPV_32_0
2094,TRLV_35_0
2095,TRHV_35
2096,SOPV12h_35_0
2097,SOPV8h_35_0
2098,SOPV_35_0
2099,TRLV_36_0
2100,TRHV_36
2101,SOPV12h_36_0
2102,SOPV8h_36_0
2103,SOPV_36_0
2104,TRLV_38_0
2105,TRHV_38
2106,SOPV12h_38_0
2107,SOPV8h_38_0
2108,SOPV_38_0
2109,TRLV_40_0
2110,TRHV_40
2111,SOPV12h_40_0
2112,SOPV8h_40_0
2113,SOPV_40_0
2114,TRLV_41_0
2115,TRHV_41
2116,SOPV12h_41_0
2117,SOPV8h_41_0
2118,SOPV_41_0
2119,TRLV_44_0
2120,TRHV_44
2121,SOPV12h_44_0
2122,SOPV8h_44_0
2123,SOPV_44_0
2124,TRLV_45_0
2125,TRHV_45
2126,SOPV12h_45_0
2127,SOPV8h_45_0
2128,SOPV_45_0
2129,TRLV_46_0
2130,TRHV_46
2131,SOPV12h_46_0
2132,SOPV8h_46_0
2133,SOPV_46_0
2134,TRLV_47_0
2135,TRHV_47
2136,SOPV12h_47_0
2137,SOPV8h_47_0
2138,SOPV_47_0
2139,TRLV_54_0
2140,TRHV_54
2141,SOPV12h_54_0
2142,SOPV8h_54_0
2143,SOPV_54_0
2144,TRLV_55_0
2145,TRHV_55
2146,SOPV12h_55_0
2147,SOPV8h_55_0
2148,SOPV_55_0
2149,TRLV_56_0
2150,TRHV_56
2151,SOPV12h_56_0
2152,SOPV8h_56_0
2153,SOPV_56_0
2154,TRLV_57_0
2155,TRHV_57
2156,SOPV12h_57_0
2157,SOPV8h_57_0
2158,SOPV_57_0
2159,TRLV_60_0
2160,TRHV_60
2161,SOPV12h_60_0
2162,SOPV8h_60_0
2163,SOPV_60_0
2164,TRLV_61_0
2165,TRHV_61
2166,SOPV12h_61_0
2167,SOPV8h_61_0
2168,SOPV_61_0
2169,TRLV_62_0
2170,TRHV_62
2171,SOPV12h_62_0
2172,SOPV8h_62_0
2173,SOPV_62_0
2174,TRLV_63_0
2175,TRHV_63
2176,SOPV12h_63_0
2177,SOPV8h_63_0
2178,SOPV_63_0
2179,TRLV_64_0
2180,TRHV_64
2181,SOPV12h_64_0
2182,SOPV8h_64_0
2183,SOPV_64_0
2184,TRLV_65_0
2185,TRHV_65
2186,SOPV12h_65_0
2187,SOPV8h_65_0
2188,SOPV_65_0
2189,TRLV_66_0
2190,TRHV_66
2191,SOPV12h_66_0
2192,SOPV8h_66_0
2193,SOPV_66_0
2194,TRLV_67_0
2195,TRHV_67
2196,SOPV12h_67_0
2197,SOPV8h_67_0
2198,SOPV_67_0
2199,TRLV_68_0
2200,TRHV_68
2201,SOPV12h_68_0
2202,SOPV8h_68_0
2203,SOPV_68_0
2204,TRLV_69_0
2205,TRHV_69
2206,SOPV12h_69_0
2207,SOPV8h_69_0
2208,SOPV_69_0
2209,TRLV_70_0
2210,TRHV_70
2211,SOPV12h_70_0
2212,SOPV8h_70_0
2213,SOPV_70_0
2214,TRLV_71_0
2215,TRHV_71
2216,SOPV12h_71_0
2217,SOPV8h_71_0
2218,SOPV_71_0
2219,TRLV_75_0
2220,TRHV_75
2221,SOPV12h_75_0
2222,SOPV8h_75_0
2223,SOPV_75_0
2224,TRLV_76_0
2225,TRHV_76
2226,SOPV12h_76_0
2227,SOPV8h_76_0
2228,SOPV_76_0
2229,TRLV_77_0
2230,TRHV_77
2231,SOPV12h_77_0
2232,SOPV8h_77_0
2233,SOPV_77_0
2234,TRLV_78_0
2235,TRHV_78
2236,SOPV12h_78_0
2237,SOPV8h_78_0
2238,SOPV_78_0
2239,TRLV_79_0
2240,TRHV_79
2241,SOPV12h_79_0
2242,SOPV8h_79_0
2243,SOPV_79_0
2244,TRLV_80_0
2245,TRHV_80
2246,SOPV12h_80_0
2247,SOPV8h_80_0
2248,SOPV_80_0
2249,TRLV_81_0
2250,TRHV_81
2251,SOPV12h_81_0
2252,SOPV8h_81_0
2253,SOPV_81_0
2254,TRLV_82_0
2255,TRHV_82
2256,SOPV12h_82_0
2257,SOPV8h_82_0
2258,SOPV_82_0
2259,TRLV_83_0
2260,TRHV_83
2261,SOPV12h_83_0
2262,SOPV8h_83_0
2263,SOPV_83_0
2264,TRLV_84_0
2265,TRHV_84
2266,SOPV12h_84_0
2267,SOPV8h_84_0
2268,SOPV_84_0
2269,TRLV_85_0
2270,TRHV_85
2271,SOPV12h_85_0
2272,SOPV8h_85_0
2273,SOPV_85_0
2274,TRLV_86_0
2275,TRHV_86
2276,SOPV12h_86_0
2277,SOPV8h_86_0
2278,SOPV_86_0
2279,TRLV_89_0
2280,TRHV_89
2281,SOPV12h_89_0
2282,SOPV8h_89_0
2283,SOPV_89_0
2284,TRLV_90_0
2285,TRHV_90
2286,SOPV12h_90_0
2287,SOPV8h_90_0
2288,SOPV_90_0
2289,TRLV_93_0
2290,TRHV_93
2291,SOPV12h_93_0
2292,SOPV8h_93_0
2293,SOPV_93_0
2294,TRLV_94_0
2295,TRHV_94
2296,SOPV12h_94_0
2297,SOPV8h_94_0
2298,SOPV_94_0
2299,TRLV_95_0
2300,TRHV_95
2301,SOPV12h_95_0
2302,SOPV8h_95_0
2303,SOPV_95_0
2304,TRLV_96_0
2305,TRHV_96
2306,SOPV12h_96_0
2307,SOPV8h_96_0
2308,SOPV_96_0
2309,TRLV_97_0
2310,TRHV_97
2311,SOPV12h_97_0
2312,SOPV8h_97_0
2313,SOPV_97_0
2314,TRLV_98_0
2315,TRHV_98
2316,SOPV12h_98_0
2317,SOPV8h_98_0
2318,SOPV_98_0
2319,TRLV_99_0
2320,TRHV_99
2321,SOPV12h_99_0
2322,SOPV8h_99_0
2323,SOPV_99_0
2324,TRLV_101_0
2325,TRHV_101
2326,SOPV12h_101_0
2327,SOPV8h_101_0
2328,SOPV_101_0
2329,TRLV_102_0
2330,TRHV_102
2331,SOPV12h_102_0
2332,SOPV8h_102_0
2333,SOPV_102_0
2334,TRLV_103_0
2335,TRHV_103
2336,SOPV12h_103_0
2337,SOPV8h_103_0
2338,SOPV_103_0
2339,TRLV_107_0
2340,TRHV_107
2341,SOPV12h_107_0
2342,SOPV8h_107_0
2343,SOPV_107_0
2344,TRLV_108_0
2345,TRHV_108
2346,SOPV12h_108_0
2347,SOPV8h_108_0
2348,SOPV_108_0
2349,TRLV_111_0
2350,TRHV_111
2351,SOPV12h_111_0
2352,SOPV8h_111_0
2353,SOPV_111_0
2354,TRLV_113_0
2355,TRHV_113
2356,SOPV12h_113_0
2357,SOPV8h_113_0
2358,SOPV_113_0
2359,TRLV_115_0
2360,TRHV_115
2361,SOPV12h_115_0
2362,SOPV8h_115_0
2363,SOPV_115_0
2364,TRLV_116_0
2365,TRHV_116
2366,SOPV12h_116_0
2367,SOPV8h_116_0
2368,SOPV_116_0
2369,TRLV_118_0
2370,TRHV_118
2371,SOPV12h_118_0
2372,SOPV8h_118_0
2373,SOPV_118_0
2374,TRLV_119_0
2375,TRHV_119
2376,SOPV12h_119_0
2377,SOPV8h_119_0
2378,SOPV_119_0
2379,TRLV_121_0
2380,TRHV_121
2381,SOPV12h_121_0
2382,SOPV8h_121_0
2383,SOPV_121_0
2384,TRLV_124_0
2385,TRHV_124
2386,SOPV12h_124_0
2387,SOPV8h_124_0
2388,SOPV_124_0
2389,TRLV_125_0
2390,TRHV_125
2391,SOPV12h_125_0
2392,SOPV8h_125_0
2393,SOPV_125_0
2394,TRLV_129_0
2395,TRHV_129
2396,SOPV12h_129_0
2397,SOPV8h_129_0
2398,SOPV_129_0
2399,TRLV_130_0
2400,TRHV_130
2401,SOPV12h_130_0
2402,SOPV8h_130_0
2403,SOPV_130_0
2404,TRLV_132_0
2405,TRHV_132
2406,SOPV12h_132_0
2407,SOPV8h_132_0
2408,SOPV_132_0
2409,TRLV_133_0
2410,TRHV_133
2411,SOPV12h_133_0
2412,SOPV8h_133_0
2413,SOPV_133_0
2414,TRLV_135_0
2415,TRHV_135
2416,SOPV12h_135_0
2417,SOPV8h_135_0
2418,SOPV_135_0
2419,TRLV_136_0
2420,TRHV_136
2421,SOPV12h_136_0
2422,SOPV8h_136_0
2423,SOPV_136_0
2424,TRLV_137_0
2425,TRHV_137
2426,SOPV12h_137_0
2427,SOPV8h_137_0
2428,SOPV_137_0
2429,TRLV_138_0
2430,TRHV_138
2431,SOPV12h_138_0
2432,SOPV8h_138_0
2433,SOPV_138_0
2434,TRLV_141_0
2435,TRHV_141
2436,SOPV12h_141_0
2437,SOPV8h_141_0
2438,SOPV_141_0
2439,TRLV_142_0
2440,TRHV_142
2441,SOPV12h_142_0
2442,SOPV8h_142_0
2443,SOPV_142_0
2444,TRLV_146_0
2445,TRHV_146
2446,SOPV12h_146_0
2447,SOPV8h_146_0
2448,SOPV_146_0
2449,TRLV_150_0
2450,TRHV_150
2451,SOPV12h_150_0
2452,SOPV8h_150_0
2453,SOPV_150_0
2454,TRLV_151_0
2455,TRHV_151
2456,SOPV12h_151_0
2457,SOPV8h_151_0
2458,SOPV_151_0
2459,TRLV_152_0
2460,TRHV_152
2461,SOPV12h_152_0
2462,SOPV8h_152_0
2463,SOPV_152_0
2464,TRLV_154_0
2465,TRHV_154
2466,SOPV12h_154_0
2467,SOPV8h_154_0
2468,SOPV_154_0
2469,TRLV_155_0
2470,TRHV_155
2471,SOPV12h_155_0
2472,SOPV8h_155_0
2473,SOPV_155_0
2474,TRLV_156_0
2475,TRHV_156
2476,SOPV12h_156_0
2477,SOPV8h_156_0
2478,SOPV_156_0
2479,TRLV_157_0
2480,TRHV_157
2481,SOPV12h_157_0
2482,SOPV8h_157_0
2483,SOPV_157_0
2484,TRLV_158_0
2485,TRHV_158
2486,SOPV12h_158_0
2487,SOPV8h_158_0
2488,SOPV_158_0
2489,TRLV_159_0
2490,TRHV_159
2491,SOPV12h_159_0
2492,SOPV8h_159_0
2493,SOPV_159_0
2494,TRLV_169_0
2495,TRHV_169
2496,SOPV12h_169_0
2497,SOPV8h_169_0
2498,SOPV_169_0
2499,TRLV_175_0
2500,TRHV_175
2501,SOPV12h_175_0
2502,SOPV8h_175_0
2503,SOPV_175_0
2504,TRLV_176_0
2505,TRHV_176
2506,SOPV12h_176_0
2507,SOPV8h_176_0
2508,SOPV_176_0
2509,TRLV_177_0
2510,TRHV_177
2511,SOPV12h_177_0
2512,SOPV8h_177_0
2513,SOPV_177_0
2514,TRLV_194_0
2515,TRHV_194
2516,SOPV12h_194_0
2517,SOPV8h_194_0
2518,SOPV_194_0
2519,TRLV_195_0
2520,TRHV_195
2521,SOPV12h_195_0
2522,SOPV8h_195_0
2523,SOPV_195_0
2524,TRLV_196_0
2525,TRHV_196
2526,SOPV12h_196_0
2527,SOPV8h_196_0
2528,SOPV_196_0
2529,TRLV_210_0
2530,TRHV_210
2531,SOPV12h_210_0
2532,SOPV8h_210_0
2533,SOPV_210_0
2534,TRLV_211_0
2535,TRHV_211
2536,SOPV12h_211_0
2537,SOPV8h_211_0
2538,SOPV_211_0
2539,TRLV_212_0
2540,TRHV_212
2541,SOPV12h_212_0
2542,SOPV8h_212_0
2543,SOPV_212_0
2544,TRLV_213_0
2545,TRHV_213
2546,SOPV12h_213_0
2547,SOPV8h_213_0
2548,SOPV_213_0
2549,TRLV_214_0
2550,TRHV_214
2551,SOPV12h_214_0
2552,SOPV8h_214_0
2553,SOPV_214_0
2554,TRLV_215_0
2555,TRHV_215
2556,SOPV12h_215_0
2557,SOPV8h_215_0
2558,SOPV_215_0
2559,TRLV_216_0
2560,TRHV_216
2561,SOPV12h_216_0
2562,SOPV8h_216_0
2563,SOPV_216_0
2564,TRLV_230_0
2565,TRHV_230
2566,SOPV12h_230_0
2567,SOPV8h_230_0
2568,SOPV_230_0
2569,TRLV_231_0
2570,TRHV_231
2571,SOPV12h_231_0
2572,SOPV8h_231_0
2573,SOPV_231_0
2574,TRLV_234_0
2575,TRHV_234
2576,SOPV12h_234_0
2577,SOPV8h_234_0
2578,SOPV_234_0
2579,TRLV_235_0
2580,TRHV_235
2581,SOPV12h_235_0
2582,SOPV8h_235_0
2583,SOPV_235_0
2584,TRLV_236_0
2585,TRHV_236
2586,SOPV12h_236_0
2587,SOPV8h_236_0
2588,SOPV_236_0
2589,TRLV_254_0
2590,TRHV_254
2591,SOPV12h_254_0
2592,SOPV8h_254_0
2593,SOPV_254_0
2594,TRLV_255_0
2595,TRHV_255
2596,SOPV12h_255_0
2597,SOPV8h_255_0
2598,SOPV_255_0
2599,TRLV_256_0
2600,TRHV_256
2601,SOPV12h_256_0
2602,SOPV8h_256_0
2603,SOPV_256_0
2604,TRLV_273_0
2605,TRHV_273
2606,SOPV12h_273_0
2607,SOPV8h_273_0
2608,SOPV_273_0
2609,TRLV_274_0
2610,TRHV_274
2611,SOPV12h_274_0
2612,SOPV8h_274_0
2613,SOPV_274_0
2614,TRLV_275_0
2615,TRHV_275
2616,SOPV12h_275_0
2617,SOPV8h_275_0
2618,SOPV_275_0
2619,TRLV_276_0
2620,TRHV_276
2621,SOPV12h_276_0
2622,SOPV8h_276_0
2623,SOPV_276_0
2624,TRLV_289_0
2625,TRHV_289
2626,SOPV12h_289_0
2627,SOPV8h_289_0
2628,SOPV_289_0
2629,TRLV_290_0
2630,TRHV_290
2631,SOPV12h_290_0
2632,SOPV8h_290_0
2633,SOPV_290_0
2634,TRLV_293_0
2635,TRHV_293
2636,SOPV12h_293_0
2637,SOPV8h_293_0
2638,SOPV_293_0
2639,TRLV_294_0
2640,TRHV_294
2641,SOPV12h_294_0
2642,SOPV8h_294_0
2643,SOPV_294_0
2644,TRLV_295_0
2645,TRHV_295
2646,SOPV12h_295_0
2647,SOPV8h_295_0
2648,SOPV_295_0
2649,TRLV_296_0
2650,TRHV_296
2651,SOPV12h_296_0
2652,SOPV8h_296_0
2653,SOPV_296_0
2654,TRLV_306_0
2655,TRHV_306
2656,SOPV12h_306_0
2657,SOPV8h_306_0
2658,SOPV_306_0
2659,TRLV_307_0
2660,TRHV_307
2661,SOPV12h_307_0
2662,SOPV8h_307_0
2663,SOPV_307_0
2664,TRLV_308_0
2665,TRHV_308
2666,SOPV12h_308_0
2667,SOPV8h_308_0
2668,SOPV_308_0
2669,TRLV_309_0
2670,TRHV_309
2671,SOPV12h_309_0
2672,SOPV8h_309_0
2673,SOPV_309_0
2674,TRLV_311_0
2675,TRHV_311
2676,SOPV12h_311_0
2677,SOPV8h_311_0
2678,SOPV_311_0
2679,TRLV_312_0
2680,TRHV_312
2681,SOPV12h_312_0
2682,SOPV8h_312_0
2683,SOPV_312_0
2684,TRLV_313_0
2685,TRHV_313
2686,SOPV12h_313_0
2687,SOPV8h_313_0
2688,SOPV_313_0
2689,TRLV_323_0
2690,TRHV_323
2691,SOPV12h_323_0
2692,SOPV8h_323_0
2693,SOPV_323_0
2694,TRLV_324_0
2695,TRHV_324
2696,SOPV12h_324_0
2697,SOPV8h_324_0
2698,SOPV_324_0
2699,TRLV_325_0
2700,TRHV_325
2701,SOPV12h_325_0
2702,SOPV8h_325_0
2703,SOPV_325_0
2704,TRLV_326_0
2705,TRHV_326
2706,SOPV12h_326_0
2707,SOPV8h_326_0
2708,SOPV_326_0
2709,TRLV_328_0
2710,TRHV_328
2711,SOPV12h_328_0
2712,SOPV8h_328_0
2713,SOPV_328_0
2714,TRLV_338_0
2715,TRHV_338
2716,SOPV12h_338_0
2717,SOPV8h_338_0
2718,SOPV_338_0
2719,TRLV_339_0
2720,TRHV_339
2721,SOPV12h_339_0
2722,SOPV8h_339_0
2723,SOPV_339_0
2724,TRLV_340_0
2725,TRHV_340
2726,SOPV12h_340_0
2727,SOPV8h_340_0
2728,SOPV_340_0
2729,TRLV_349_0
2730,TRHV_349
2731,SOPV12h_349_0
2732,SOPV8h_349_0
2733,SOPV_349_0
2734,TRLV_350_0
2735,TRHV_350
2736,SOPV12h_350_0
2737,SOPV8h_350_0
2738,SOPV_350_0
2739,TRLV_351_0
2740,TRHV_351
2741,SOPV12h_351_0
2742,SOPV8h_351_0
2743,SOPV_351_0
2744,TRLV_357_0
2745,TRHV_357
2746,SOPV12h_357_0
2747,SOPV8h_357_0
2748,SOPV_357_0
2749,TRLV_372_0
2750,TRHV_372
2751,SOPV12h_372_0
2752,SOPV8h_372_0
2753,SOPV_372_0
2754,TRLV_377_0
2755,TRHV_377
2756,SOPV12h_377_0
2757,SOPV8h_377_0
2758,SOPV_377_0
2759,TRLV_378_0
2760,TRHV_378
2761,SOPV12h_378_0
2762,SOPV8h_378_0
2763,SOPV_378_0
2765,SOMG_1
2766,SOMG12h_1
2767,WI_1
2768,WI13h_1
2769,KEDSGEN_1
2771,SOMG_2
2772,SOMG12h_2
2773,WI_2
2774,WI13h_2
2775,KEDSGEN_2
2777,SOMG_3
2778,SOMG12h_3
2779,WI_3
2780,WI13h_3
2781,KEDSGEN_3
2783,SOMG_4
2784,SOMG12h_4
2785,WI_4
2786,WI13h_4
2787,KEDSGEN_4
2789,SOMG_5
2790,SOMG12h_5
2791,WI_5
2792,WI13h_5
2793,KEDSGEN_5
2795,SOMG_6
2796,SOMG12h_6
2797,WI_6
2798,WI13h_6
2799,KEDSGEN_6
2801,SOMG_7
2802,SOMG12h_7
2803,WI_7
2804,WI13h_7
2805,KEDSGEN_7
2807,SOMG_8
2808,SOMG12h_8
2809,WI_8
2810,WI13h_8
2811,KEDSGEN_8
2813,SOMG_9
2814,SOMG12h_9
2815,WI_9
2816,WI13h_9
2817,KEDSGEN_9
2819,SOMG_10
2820,SOMG12h_10
2821,WI_10
2822,WI13h_10
2823,KEDSGEN_10
2825,SOMG_11
2826,SOMG12h_11
2827,WI_11
2828,WI13h_11
2829,KEDSGEN_11
2831,SOMG_12
2832,SOMG12h_12
2833,WI_12
2834,WI13h_12
2835,KEDSGEN_12
2837,SOMG_13
2838,SOMG12h_13
2839,WI_13
2840,WI13h_13
2841,KEDSGEN_13
2843,SOMG_14
2844,SOMG12h_14
2845,WI_14
2846,WI13h_14
2847,KEDSGEN_14
2849,SOMG_15
2850,SOMG12h_15
2851,WI_15
2852,WI13h_15
2853,KEDSGEN_15
2855,SOMG_16
2856,SOMG12h_16
2857,WI_16
2858,WI13h_16
2859,KEDSGEN_16
2861,SOMG_17
2862,SOMG12h_17
2863,WI_17
2864,WI13h_17
2865,KEDSGEN_17
2867,SOMG_18
2868,SOMG12h_18
2869,WI_18
2870,WI13h_18
2871,KEDSGEN_18
2873,SOMG_19
2874,SOMG12h_19
2875,WI_19
2876,WI13h_19
2877,KEDSGEN_19
2879,SOMG_20
2880,SOMG12h_20
2881,WI_20
2882,WI13h_20
2883,KEDSGEN_20
2885,SOMG_21
2886,SOMG12h_21
2887,WI_21
2888,WI13h_21
2889,KEDSGEN_21
2891,SOMG_22
2892,SOMG12h_22
2893,WI_22
2894,WI13h_22
2895,KEDSGEN_22
2897,SOMG_23
2898,SOMG12h_23
2899,WI_23
2900,WI13h_23
2901,KEDSGEN_23
2903,SOMG_24
2904,SOMG12h_24
2905,WI_24
2906,WI13h_24
2907,KEDSGEN_24
2909,SOMG_25
2910,SOMG12h_25
2911,WI_25
2912,WI13h_25
2913,KEDSGEN_25
2915,SOMG_26
2916,SOMG12h_26
2917,WI_26
2918,WI13h_26
2919,KEDSGEN_26
2921,SOMG_27
2922,SOMG12h_27
2923,WI_27
2924,WI13h_27
2925,KEDSGEN_27
2927,SOMG_28
2928,SOMG12h_28
2929,WI_28
2930,WI13h_28
2931,KEDSGEN_28
2933,SOMG_29
2934,SOMG12h_29
2935,WI_29
2936,WI13h_29
2937,KEDSGEN_29
2939,SOMG_30
2940,SOMG12h_30
2941,WI_30
2942,WI13h_30
2943,KEDSGEN_30
2945,SOMG_31
2946,SOMG12h_31
2947,WI_31
2948,WI13h_31
2949,KEDSGEN_31
2951,SOMG_32
2952,SOMG12h_32
2953,WI_32
2954,WI13h_32
2955,KEDSGEN_32
2957,SOMG_33
2958,SOMG12h_33
2959,WI_33
2960,WI13h_33
2961,KEDSGEN_33
2963,SOMG_34
2964,SOMG12h_34
2965,WI_34
2966,WI13h_34
2967,KEDSGEN_34
2969,SOMG_35
2970,SOMG12h_35
2971,WI_35
2972,WI13h_35
2973,KEDSGEN_35
2975,SOMG_36
2976,SOMG12h_36
2977,WI_36
2978,WI13h_36
2979,KEDSGEN_36
2981,SOMG_37
2982,SOMG12h_37
2983,WI_37
2984,WI13h_37
2985,KEDSGEN_37
2987,SOMG_38
2988,SOMG12h_38
2989,WI_38
2990,WI13h_38
2991,KEDSGEN_38
2993,SOMG_39
2994,SOMG12h_39
2995,WI_39
2996,WI13h_39
2997,KEDSGEN_39
2999,SOMG_40
3000,SOMG12h_40
3001,WI_40
3002,WI13h_40
3003,KEDSGEN_40
3005,SOMG_41
3006,SOMG12h_41
3007,WI_41
3008,WI13h_41
3009,KEDSGEN_41
3011,SOMG_42
3012,SOMG12h_42
3013,WI_42
3014,WI13h_42
3015,KEDSGEN_42
3017,SOMG_43
3018,SOMG12h_43
3019,WI_43
3020,WI13h_43
3021,KEDSGEN_43
3023,SOMG_44
3024,SOMG12h_44
3025,WI_44
3026,WI13h_44
3027,KEDSGEN_44
3029,SOMG_45
3030,SOMG12h_45
3031,WI_45
3032,WI13h_45
3033,KEDSGEN_45
3035,SOMG_46
3036,SOMG12h_46
3037,WI_46
3038,WI13h_46
3039,KEDSGEN_46
3041,SOMG_47
3042,SOMG12h_47
3043,WI_47
3044,WI13h_47
3045,KEDSGEN_47
3047,SOMG_48
3048,SOMG12h_48
3049,WI_48
3050,WI13h_48
3051,KEDSGEN_48
3053,SOMG_49
3054,SOMG12h_49
3055,WI_49
3056,WI13h_49
3057,KEDSGEN_49
3059,SOMG_50
3060,SOMG12h_50
3061,WI_50
3062,WI13h_50
3063,KEDSGEN_50
3065,SOMG_51
3066,SOMG12h_51
3067,WI_51
3068,WI13h_51
3069,KEDSGEN_51
3071,SOMG_52
3072,SOMG12h_52
3073,WI_52
3074,WI13h_52
3075,KEDSGEN_52
3077,SOMG_53
3078,SOMG12h_53
3079,WI_53
3080,WI13h_53
3081,KEDSGEN_53
3083,SOMG_54
3084,SOMG12h_54
3085,WI_54
3086,WI13h_54
3087,KEDSGEN_54
3089,SOMG_55
3090,SOMG12h_55
3091,WI_55
3092,WI13h_55
3093,KEDSGEN_55
3095,SOMG_56
3096,SOMG12h_56
3097,WI_56
3098,WI13h_56
3099,KEDSGEN_56
3101,SOMG_57
3102,SOMG12h_57
3103,WI_57
3104,WI13h_57
3105,KEDSGEN_57
3107,SOMG_58
3108,SOMG12h_58
3109,WI_58
3110,WI13h_58
3111,KEDSGEN_58
3113,SOMG_59
3114,SOMG12h_59
3115,WI_59
3116,WI13h_59
3117,KEDSGEN_59
3119,SOMG_60
3120,SOMG12h_60
3121,WI_60
3122,WI13h_60
3123,KEDSGEN_60
3125,SOMG_61
3126,SOMG12h_61
3127,WI_61
3128,WI13h_61
3129,KEDSGEN_61
3131,SOMG_62
3132,SOMG12h_62
3133,WI_62
3134,WI13h_62
3135,KEDSGEN_62
3137,SOMG_63
3138,SOMG12h_63
3139,WI_63
3140,WI13h_63
3141,KEDSGEN_63
3143,SOMG_64
3144,SOMG12h_64
3145,WI_64
3146,WI13h_64
3147,KEDSGEN_64
3149,SOMG_65
3150,SOMG12h_65
3151,WI_65
3152,WI13h_65
3153,KEDSGEN_65
3155,SOMG_66
3156,SOMG12h_66
3157,WI_66
3158,WI13h_66
3159,KEDSGEN_66
3161,SOMG_67
3162,SOMG12h_67
3163,WI_67
3164,WI13h_67
3165,KEDSGEN_67
3167,SOMG_68
3168,SOMG12h_68
3169,WI_68
3170,WI13h_68
3171,KEDSGEN_68
3173,SOMG_69
3174,SOMG12h_69
3175,WI_69
3176,WI13h_69
3177,KEDSGEN_69
3179,SOMG_70
3180,SOMG12h_70
3181,WI_70
3182,WI13h_70
3183,KEDSGEN_70
3185,SOMG_71
3186,SOMG12h_71
3187,WI_71
3188,WI13h_71
3189,KEDSGEN_71
3191,SOMG_72
3192,SOMG12h_72
3193,WI_72
3194,WI13h_72
3195,KEDSGEN_72
3197,SOMG_73
3198,SOMG12h_73
3199,WI_73
3200,WI13h_73
3201,KEDSGEN_73
3203,SOMG_74
3204,SOMG12h_74
3205,WI_74
3206,WI13h_74
3207,KEDSGEN_74
3209,SOMG_75
3210,SOMG12h_75
3211,WI_75
3212,WI13h_75
3213,KEDSGEN_75
3215,SOMG_76
3216,SOMG12h_76
3217,WI_76
3218,WI13h_76
3219,KEDSGEN_76
3221,SOMG_77
3222,SOMG12h_77
3223,WI_77
3224,WI13h_77
3225,KEDSGEN_77
3227,SOMG_78
3228,SOMG12h_78
3229,WI_78
3230,WI13h_78
3231,KEDSGEN_78
3233,SOMG_79
3234,SOMG12h_79
3235,WI_79
3236,WI13h_79
3237,KEDSGEN_79
3239,SOMG_80
3240,SOMG12h_80
3241,WI_80
3242,WI13h_80
3243,KEDSGEN_80
3245,SOMG_81
3246,SOMG12h_81
3247,WI_81
3248,WI13h_81
3249,KEDSGEN_81
3251,SOMG_82
3252,SOMG12h_82
3253,WI_82
3254,WI13h_82
3255,KEDSGEN_82
3257,SOMG_83
3258,SOMG12h_83
3259,WI_83
3260,WI13h_83
3261,KEDSGEN_83
3263,SOMG_84
3264,SOMG12h_84
3265,WI_84
3266,WI13h_84
3267,KEDSGEN_84
3269,SOMG_85
3270,SOMG12h_85
3271,WI_85
3272,WI13h_85
3273,KEDSGEN_85
3275,SOMG_86
3276,SOMG12h_86
3277,WI_86
3278,WI13h_86
3279,KEDSGEN_86
3281,SOMG_87
3282,SOMG12h_87
3283,WI_87
3284,WI13h_87
3285,KEDSGEN_87
3287,SOMG_88
3288,SOMG12h_88
3289,WI_88
3290,WI13h_88
3291,KEDSGEN_88
3293,SOMG_89
3294,SOMG12h_89
3295,WI_89
3296,WI13h_89
3297,KEDSGEN_89
3299,SOMG_90
3300,SOMG12h_90
3301,WI_90
3302,WI13h_90
3303,KEDSGEN_90
3305,SOMG_91
3306,SOMG12h_91
3307,WI_91
3308,WI13h_91
3309,KEDSGEN_91
3311,SOMG_92
3312,SOMG12h_92
3313,WI_92
3314,WI13h_92
3315,KEDSGEN_92
3317,SOMG_93
3318,SOMG12h_93
3319,WI_93
3320,WI13h_93
3321,KEDSGEN_93
3323,SOMG_94
3324,SOMG12h_94
3325,WI_94
3326,WI13h_94
3327,KEDSGEN_94
3329,SOMG_95
3330,SOMG12h_95
3331,WI_95
3332,WI13h_95
3333,KEDSGEN_95
3335,SOMG_96
3336,SOMG12h_96
3337,WI_96
3338,WI13h_96
3339,KEDSGEN_96
3341,SOMG_97
3342,SOMG12h_97
3343,WI_97
3344,WI13h_97
3345,KEDSGEN_97
3347,SOMG_98
3348,SOMG12h_98
3349,WI_98
3350,WI13h_98
3351,KEDSGEN_98
3353,SOMG_99
3354,SOMG12h_99
3355,WI_99
3356,WI13h_99
3357,KEDSGEN_99
3359,SOMG_100
3360,SOMG12h_100
3361,WI_100
3362,WI13h_100
3363,KEDSGEN_100
3365,SOMG_101
3366,SOMG12h_101
3367,WI_101
3368,WI13h_101
3369,KEDSGEN_101
3371,SOMG_102
3372,SOMG12h_102
3373,WI_102
3374,WI13h_102
3375,KEDSGEN_102
3377,SOMG_103
3378,SOMG12h_103
3379,WI_103
3380,WI13h_103
3381,KEDSGEN_103
3383,SOMG_104
3384,SOMG12h_104
3385,WI_104
3386,WI13h_104
3387,KEDSGEN_104
3389,SOMG_105
3390,SOMG12h_105
3391,WI_105
3392,WI13h_105
3393,KEDSGEN_105
3395,SOMG_106
3396,SOMG12h_106
3397,WI_106
3398,WI13h_106
3399,KEDSGEN_106
3401,SOMG_107
3402,SOMG12h_107
3403,WI_107
3404,WI13h_107
3405,KEDSGEN_107
3407,SOMG_108
3408,SOMG12h_108
3409,WI_108
3410,WI13h_108
3411,KEDSGEN_108
3413,SOMG_109
3414,SOMG12h_109
3415,WI_109
3416,WI13h_109
3417,KEDSGEN_109
3419,SOMG_110
3420,SOMG12h_110
3421,WI_110
3422,WI13h_110
3423,KEDSGEN_110
3425,SOMG_111
3426,SOMG12h_111
3427,WI_111
3428,WI13h_111
3429,KEDSGEN_111
3431,SOMG_112
3432,SOMG12h_112
3433,WI_112
3434,WI13h_112
3435,KEDSGEN_112
3437,SOMG_113
3438,SOMG12h_113
3439,WI_113
3440,WI13h_113
3441,KEDSGEN_113
3443,SOMG_114
3444,SOMG12h_114
3445,WI_114
3446,WI13h_114
3447,KEDSGEN_114
3449,SOMG_115
3450,SOMG12h_115
3451,WI_115
3452,WI13h_115
3453,KEDSGEN_115
3455,SOMG_116
3456,SOMG12h_116
3457,WI_116
3458,WI13h_116
3459,KEDSGEN_116
3461,SOMG_117
3462,SOMG12h_117
3463,WI_117
3464,WI13h_117
3465,KEDSGEN_117
3467,SOMG_118
3468,SOMG12h_118
3469,WI_118
3470,WI13h_118
3471,KEDSGEN_118
3473,SOMG_119
3474,SOMG12h_119
3475,WI_119
3476,WI13h_119
3477,KEDSGEN_119
3479,SOMG_120
3480,SOMG12h_120
3481,WI_120
3482,WI13h_120
3483,KEDSGEN_120
3485,SOMG_121
3486,SOMG12h_121
3487,WI_121
3488,WI13h_121
3489,KEDSGEN_121
3491,SOMG_122
3492,SOMG12h_122
3493,WI_122
3494,WI13h_122
3495,KEDSGEN_122
3497,SOMG_123
3498,SOMG12h_123
3499,WI_123
3500,WI13h_123
3501,KEDSGEN_123
3503,SOMG_124
3504,SOMG12h_124
3505,WI_124
3506,WI13h_124
3507,KEDSGEN_124
3509,SOMG_125
3510,SOMG12h_125
3511,WI_125
3512,WI13h_125
3513,KEDSGEN_125
3515,SOMG_126
3516,SOMG12h_126
3517,WI_126
3518,WI13h_126
3519,KEDSGEN_126
3521,SOMG_127
3522,SOMG12h_127
3523,WI_127
3524,WI13h_127
3525,KEDSGEN_127
3527,SOMG_128
3528,SOMG12h_128
3529,WI_128
3530,WI13h_128
3531,KEDSGEN_128
3533,SOMG_129
3534,SOMG12h_129
3535,WI_129
3536,WI13h_129
3537,KEDSGEN_129
3539,SOMG_130
3540,SOMG12h_130
3541,WI_130
3542,WI13h_130
3543,KEDSGEN_130
3545,SOMG_131
3546,SOMG12h_131
3547,WI_131
3548,WI13h_131
3549,KEDSGEN_131
3551,SOMG_132
3552,SOMG12h_132
3553,WI_132
3554,WI13h_132
3555,KEDSGEN_132
3557,SOMG_133
3558,SOMG12h_133
3559,WI_133
3560,WI13h_133
3561,KEDSGEN_133
3563,SOMG_134
3564,SOMG12h_134
3565,WI_134
3566,WI13h_134
3567,KEDSGEN_134
3569,SOMG_135
3570,SOMG12h_135
3571,WI_135
3572,WI13h_135
3573,KEDSGEN_135
3575,SOMG_136
3576,SOMG12h_136
3577,WI_136
3578,WI13h_136
3579,KEDSGEN_136
3581,SOMG_137
3582,SOMG12h_137
3583,WI_137
3584,WI13h_137
3585,KEDSGEN_137
3587,SOMG_138
3588,SOMG12h_138
3589,WI_138
3590,WI13h_138
3591,KEDSGEN_138
3593,SOMG_139
3594,SOMG12h_139
3595,WI_139
3596,WI13h_139
3597,KEDSGEN_139
3599,SOMG_140
3600,SOMG12h_140
3601,WI_140
3602,WI13h_140
3603,KEDSGEN_140
3605,SOMG_141
3606,SOMG12h_141
3607,WI_141
3608,WI13h_141
3609,KEDSGEN_141
3611,SOMG_142
3612,SOMG12h_142
3613,WI_142
3614,WI13h_142
3615,KEDSGEN_142
3617,SOMG_143
3618,SOMG12h_143
3619,WI_143
3620,WI13h_143
3621,KEDSGEN_143
3623,SOMG_144
3624,SOMG12h_144
3625,WI_144
3626,WI13h_144
3627,KEDSGEN_144
3629,SOMG_145
3630,SOMG12h_145
3631,WI_145
3632,WI13h_145
3633,KEDSGEN_145
3635,SOMG_146
3636,SOMG12h_146
3637,WI_146
3638,WI13h_146
3639,KEDSGEN_146
3641,SOMG_147
3642,SOMG12h_147
3643,WI_147
3644,WI13h_147
3645,KEDSGEN_147
3647,SOMG_148
3648,SOMG12h_148
3649,WI_148
3650,WI13h_148
3651,KEDSGEN_148
3653,SOMG_149
3654,SOMG12h_149
3655,WI_149
3656,WI13h_149
3657,KEDSGEN_149
3659,SOMG_150
3660,SOMG12h_150
3661,WI_150
3662,WI13h_150
3663,KEDSGEN_150
3665,SOMG_151
3666,SOMG12h_151
3667,WI_151
3668,WI13h_151
3669,KEDSGEN_151
3671,SOMG_152
3672,SOMG12h_152
3673,WI_152
3674,WI13h_152
3675,KEDSGEN_152
3677,SOMG_153
3678,SOMG12h_153
3679,WI_153
3680,WI13h_153
3681,KEDSGEN_153
3683,SOMG_154
3684,SOMG12h_154
3685,WI_154
3686,WI13h_154
3687,KEDSGEN_154
3689,SOMG_155
3690,SOMG12h_155
3691,WI_155
3692,WI13h_155
3693,KEDSGEN_155
3695,SOMG_156
3696,SOMG12h_156
3697,WI_156
3698,WI13h_156
3699,KEDSGEN_156
3701,SOMG_157
3702,SOMG12h_157
3703,WI_157
3704,WI13h_157
3705,KEDSGEN_157
3707,SOMG_158
3708,SOMG12h_158
3709,WI_158
3710,WI13h_158
3711,KEDSGEN_158
3713,SOMG_159
3714,SOMG12h_159
3715,WI_159
3716,WI13h_159
3717,KEDSGEN_159
3719,SOMG_160
3720,SOMG12h_160
3721,WI_160
3722,WI13h_160
3723,KEDSGEN_160
3725,SOMG_161
3726,SOMG12h_161
3727,WI_161
3728,WI13h_161
3729,KEDSGEN_161
3731,SOMG_162
3732,SOMG12h_162
3733,WI_162
3734,WI13h_162
3735,KEDSGEN_162
3737,SOMG_163
3738,SOMG12h_163
3739,WI_163
3740,WI13h_163
3741,KEDSGEN_163
3743,SOMG_164
3744,SOMG12h_164
3745,WI_164
3746,WI13h_164
3747,KEDSGEN_164
3749,SOMG_165
3750,SOMG12h_165
3751,WI_165
3752,WI13h_165
3753,KEDSGEN_165
3755,SOMG_166
3756,SOMG12h_166
3757,WI_166
3758,WI13h_166
3759,KEDSGEN_166
3761,SOMG_167
3762,SOMG12h_167
3763,WI_167
3764,WI13h_167
3765,KEDSGEN_167
3767,SOMG_168
3768,SOMG12h_168
3769,WI_168
3770,WI13h_168
3771,KEDSGEN_168
3773,SOMG_169
3774,SOMG12h_169
3775,WI_169
3776,WI13h_169
3777,KEDSGEN_169
3779,SOMG_170
3780,SOMG12h_170
3781,WI_170
3782,WI13h_170
3783,KEDSGEN_170
3785,SOMG_171
3786,SOMG12h_171
3787,WI_171
3788,WI13h_171
3789,KEDSGEN_171
3791,SOMG_172
3792,SOMG12h_172
3793,WI_172
3794,WI13h_172
3795,KEDSGEN_172
3797,SOMG_173
3798,SOMG12h_173
3799,WI_173
3800,WI13h_173
3801,KEDSGEN_173
3803,SOMG_174
3804,SOMG12h_174
3805,WI_174
3806,WI13h_174
3807,KEDSGEN_174
3809,SOMG_175
3810,SOMG12h_175
3811,WI_175
3812,WI13h_175
3813,KEDSGEN_175
3815,SOMG_176
3816,SOMG12h_176
3817,WI_176
3818,WI13h_176
3819,KEDSGEN_176
3821,SOMG_177
3822,SOMG12h_177
3823,WI_177
3824,WI13h_177
3825,KEDSGEN_177
3827,SOMG_178
3828,SOMG12h_178
3829,WI_178
3830,WI13h_178
3831,KEDSGEN_178
3833,SOMG_179
3834,SOMG12h_179
3835,WI_179
3836,WI13h_179
3837,KEDSGEN_179
3839,SOMG_180
3840,SOMG12h_180
3841,WI_180
3842,WI13h_180
3843,KEDSGEN_180
3845,SOMG_181
3846,SOMG12h_181
3847,WI_181
3848,WI13h_181
3849,KEDSGEN_181
3851,SOMG_182
3852,SOMG12h_182
3853,WI_182
3854,WI13h_182
3855,KEDSGEN_182
3857,SOMG_183
3858,SOMG12h_183
3859,WI_183
3860,WI13h_183
3861,KEDSGEN_183
3863,SOMG_184
3864,SOMG12h_184
3865,WI_184
3866,WI13h_184
3867,KEDSGEN_184
3869,SOMG_185
3870,SOMG12h_185
3871,WI_185
3872,WI13h_185
3873,KEDSGEN_185
3875,SOMG_186
3876,SOMG12h_186
3877,WI_186
3878,WI13h_186
3879,KEDSGEN_186
3881,SOMG_187
3882,SOMG12h_187
3883,WI_187
3884,WI13h_187
3885,KEDSGEN_187
3887,SOMG_188
3888,SOMG12h_188
3889,WI_188
3890,WI13h_188
3891,KEDSGEN_188
3893,SOMG_189
3894,SOMG12h_189
3895,WI_189
3896,WI13h_189
3897,KEDSGEN_189
3899,SOMG_190
3900,SOMG12h_190
3901,WI_190
3902,WI13h_190
3903,KEDSGEN_190
3905,SOMG_191
3906,SOMG12h_191
3907,WI_191
3908,WI13h_191
3909,KEDSGEN_191
3911,SOMG_192
3912,SOMG12h_192
3913,WI_192
3914,WI13h_192
3915,KEDSGEN_192
3917,SOMG_193
3918,SOMG12h_193
3919,WI_193
3920,WI13h_193
3921,KEDSGEN_193
3923,SOMG_194
3924,SOMG12h_194
3925,WI_194
3926,WI13h_194
3927,KEDSGEN_194
3929,SOMG_195
3930,SOMG12h_195
3931,WI_195
3932,WI13h_195
3933,KEDSGEN_195
3935,SOMG_196
3936,SOMG12h_196
3937,WI_196
3938,WI13h_196
3939,KEDSGEN_196
3941,SOMG_197
3942,SOMG12h_197
3943,WI_197
3944,WI13h_197
3945,KEDSGEN_197
3947,SOMG_198
3948,SOMG12h_198
3949,WI_198
3950,WI13h_198
3951,KEDSGEN_198
3953,SOMG_199
3954,SOMG12h_199
3955,WI_199
3956,WI13h_199
3957,KEDSGEN_199
3959,SOMG_200
3960,SOMG12h_200
3961,WI_200
3962,WI13h_200
3963,KEDSGEN_200
3965,SOMG_201
3966,SOMG12h_201
3967,WI_201
3968,WI13h_201
3969,KEDSGEN_201
3971,SOMG_202
3972,SOMG12h_202
3973,WI_202
3974,WI13h_202
3975,KEDSGEN_202
3977,SOMG_203
3978,SOMG12h_203
3979,WI_203
3980,WI13h_203
3981,KEDSGEN_203
3983,SOMG_204
3984,SOMG12h_204
3985,WI_204
3986,WI13h_204
3987,KEDSGEN_204
3989,SOMG_205
3990,SOMG12h_205
3991,WI_205
3992,WI13h_205
3993,KEDSGEN_205
3995,SOMG_206
3996,SOMG12h_206
3997,WI_206
3998,WI13h_206
3999,KEDSGEN_206
4001,SOMG_207
4002,SOMG12h_207
4003,WI_207
4004,WI13h_207
4005,KEDSGEN_207
4007,SOMG_208
4008,SOMG12h_208
4009,WI_208
4010,WI13h_208
4011,KEDSGEN_208
4013,SOMG_209
4014,SOMG12h_209
4015,WI_209
4016,WI13h_209
4017,KEDSGEN_209
4019,SOMG_210
4020,SOMG12h_210
4021,WI_210
4022,WI13h_210
4023,KEDSGEN_210
4025,SOMG_211
4026,SOMG12h_211
4027,WI_211
4028,WI13h_211
4029,KEDSGEN_211
4031,SOMG_212
4032,SOMG12h_212
4033,WI_212
4034,WI13h_212
4035,KEDSGEN_212
4037,SOMG_213
4038,SOMG12h_213
4039,WI_213
4040,WI13h_213
4041,KEDSGEN_213
4043,SOMG_214
4044,SOMG12h_214
4045,WI_214
4046,WI13h_214
4047,KEDSGEN_214
4049,SOMG_215
4050,SOMG12h_215
4051,WI_215
4052,WI13h_215
4053,KEDSGEN_215
4055,SOMG_216
4056,SOMG12h_216
4057,WI_216
4058,WI13h_216
4059,KEDSGEN_216
4061,SOMG_217
4062,SOMG12h_217
4063,WI_217
4064,WI13h_217
4065,KEDSGEN_217
4067,SOMG_218
4068,SOMG12h_218
4069,WI_218
4070,WI13h_218
4071,KEDSGEN_218
4073,SOMG_219
4074,SOMG12h_219
4075,WI_219
4076,WI13h_219
4077,KEDSGEN_219
4079,SOMG_220
4080,SOMG12h_220
4081,WI_220
4082,WI13h_220
4083,KEDSGEN_220
4085,SOMG_221
4086,SOMG12h_221
4087,WI_221
4088,WI13h_221
4089,KEDSGEN_221
4091,SOMG_222
4092,SOMG12h_222
4093,WI_222
4094,WI13h_222
4095,KEDSGEN_222
4097,SOMG_223
4098,SOMG12h_223
4099,WI_223
4100,WI13h_223
4101,KEDSGEN_223
4103,SOMG_224
4104,SOMG12h_224
4105,WI_224
4106,WI13h_224
4107,KEDSGEN_224
4109,SOMG_225
4110,SOMG12h_225
4111,WI_225
4112,WI13h_225
4113,KEDSGEN_225
4115,SOMG_226
4116,SOMG12h_226
4117,WI_226
4118,WI13h_226
4119,KEDSGEN_226
4121,SOMG_227
4122,SOMG12h_227
4123,WI_227
4124,WI13h_227
4125,KEDSGEN_227
4127,SOMG_228
4128,SOMG12h_228
4129,WI_228
4130,WI13h_228
4131,KEDSGEN_228
4133,SOMG_229
4134,SOMG12h_229
4135,WI_229
4136,WI13h_229
4137,KEDSGEN_229
4139,SOMG_230
4140,SOMG12h_230
4141,WI_230
4142,WI13h_230
4143,KEDSGEN_230
4145,SOMG_231
4146,SOMG12h_231
4147,WI_231
4148,WI13h_231
4149,KEDSGEN_231
4151,SOMG_232
4152,SOMG12h_232
4153,WI_232
4154,WI13h_232
4155,KEDSGEN_232
4157,SOMG_233
4158,SOMG12h_233
4159,WI_233
4160,WI13h_233
4161,KEDSGEN_233
4163,SOMG_234
4164,SOMG12h_234
4165,WI_234
4166,WI13h_234
4167,KEDSGEN_234
4169,SOMG_235
4170,SOMG12h_235
4171,WI_235
4172,WI13h_235
4173,KEDSGEN_235
4175,SOMG_236
4176,SOMG12h_236
4177,WI_236
4178,WI13h_236
4179,KEDSGEN_236
4181,SOMG_237
4182,SOMG12h_237
4183,WI_237
4184,WI13h_237
4185,KEDSGEN_237
4187,SOMG_238
4188,SOMG12h_238
4189,WI_238
4190,WI13h_238
4191,KEDSGEN_238
4193,SOMG_239
4194,SOMG12h_239
4195,WI_239
4196,WI13h_239
4197,KEDSGEN_239
4199,SOMG_240
4200,SOMG12h_240
4201,WI_240
4202,WI13h_240
4203,KEDSGEN_240
4205,SOMG_241
4206,SOMG12h_241
4207,WI_241
4208,WI13h_241
4209,KEDSGEN_241
4211,SOMG_242
4212,SOMG12h_242
4213,WI_242
4214,WI13h_242
4215,KEDSGEN_242
4217,SOMG_243
4218,SOMG12h_243
4219,WI_243
4220,WI13h_243
4221,KEDSGEN_243
4223,SOMG_244
4224,SOMG12h_244
4225,WI_244
4226,WI13h_244
4227,KEDSGEN_244
4229,SOMG_245
4230,SOMG12h_245
4231,WI_245
4232,WI13h_245
4233,KEDSGEN_245
4235,SOMG_246
4236,SOMG12h_246
4237,WI_246
4238,WI13h_246
4239,KEDSGEN_246
4241,SOMG_247
4242,SOMG12h_247
4243,WI_247
4244,WI13h_247
4245,KEDSGEN_247
4247,SOMG_248
4248,SOMG12h_248
4249,WI_248
4250,WI13h_248
4251,KEDSGEN_248
4253,SOMG_249
4254,SOMG12h_249
4255,WI_249
4256,WI13h_249
4257,KEDSGEN_249
4259,SOMG_250
4260,SOMG12h_250
4261,WI_250
4262,WI13h_250
4263,KEDSGEN_250
4265,SOMG_251
4266,SOMG12h_251
4267,WI_251
4268,WI13h_251
4269,KEDSGEN_251
4271,SOMG_252
4272,SOMG12h_252
4273,WI_252
4274,WI13h_252
4275,KEDSGEN_252
4277,SOMG_253
4278,SOMG12h_253
4279,WI_253
4280,WI13h_253
4281,KEDSGEN_253
4283,SOMG_254
4284,SOMG12h_254
4285,WI_254
4286,WI13h_254
4287,KEDSGEN_254
4289,SOMG_255
4290,SOMG12h_255
4291,WI_255
4292,WI13h_255
4293,KEDSGEN_255
4295,SOMG_256
4296,SOMG12h_256
4297,WI_256
4298,WI13h_256
4299,KEDSGEN_256
4301,SOMG_257
4302,SOMG12h_257
4303,WI_257
4304,WI13h_257
4305,KEDSGEN_257
4307,SOMG_258
4308,SOMG12h_258
4309,WI_258
4310,WI13h_258
4311,KEDSGEN_258
4313,SOMG_259
4314,SOMG12h_259
4315,WI_259
4316,WI13h_259
4317,KEDSGEN_259
4319,SOMG_260
4320,SOMG12h_260
4321,WI_260
4322,WI13h_260
4323,KEDSGEN_260
4325,SOMG_261
4326,SOMG12h_261
4327,WI_261
4328,WI13h_261
4329,KEDSGEN_261
4331,SOMG_262
4332,SOMG12h_262
4333,WI_262
4334,WI13h_262
4335,KEDSGEN_262
4337,SOMG_263
4338,SOMG12h_263
4339,WI_263
4340,WI13h_263
4341,KEDSGEN_263
4343,SOMG_264
4344,SOMG12h_264
4345,WI_264
4346,WI13h_264
4347,KEDSGEN_264
4349,SOMG_265
4350,SOMG12h_265
4351,WI_265
4352,WI13h_265
4353,KEDSGEN_265
4355,SOMG_266
4356,SOMG12h_266
4357,WI_266
4358,WI13h_266
4359,KEDSGEN_266
4361,SOMG_267
4362,SOMG12h_267
4363,WI_267
4364,WI13h_267
4365,KEDSGEN_267
4367,SOMG_268
4368,SOMG12h_268
4369,WI_268
4370,WI13h_268
4371,KEDSGEN_268
4373,SOMG_269
4374,SOMG12h_269
4375,WI_269
4376,WI13h_269
4377,KEDSGEN_269
4379,SOMG_270
4380,SOMG12h_270
4381,WI_270
4382,WI13h_270
4383,KEDSGEN_270
4385,SOMG_271
4386,SOMG12h_271
4387,WI_271
4388,WI13h_271
4389,KEDSGEN_271
4391,SOMG_272
4392,SOMG12h_272
4393,WI_272
4394,WI13h_272
4395,KEDSGEN_272
4397,SOMG_273
4398,SOMG12h_273
4399,WI_273
4400,WI13h_273
4401,KEDSGEN_273
4403,SOMG_274
4404,SOMG12h_274
4405,WI_274
4406,WI13h_274
4407,KEDSGEN_274
4409,SOMG_275
4410,SOMG12h_275
4411,WI_275
4412,WI13h_275
4413,KEDSGEN_275
4415,SOMG_276
4416,SOMG12h_276
4417,WI_276
4418,WI13h_276
4419,KEDSGEN_276
4421,SOMG_277
4422,SOMG12h_277
4423,WI_277
4424,WI13h_277
4425,KEDSGEN_277
4427,SOMG_278
4428,SOMG12h_278
4429,WI_278
4430,WI13h_278
4431,KEDSGEN_278
4433,SOMG_279
4434,SOMG12h_279
4435,WI_279
4436,WI13h_279
4437,KEDSGEN_279
4439,SOMG_280
4440,SOMG12h_280
4441,WI_280
4442,WI13h_280
4443,KEDSGEN_280
4445,SOMG_281
4446,SOMG12h_281
4447,WI_281
4448,WI13h_281
4449,KEDSGEN_281
4451,SOMG_282
4452,SOMG12h_282
4453,WI_282
4454,WI13h_282
4455,KEDSGEN_282
4457,SOMG_283
4458,SOMG12h_283
4459,WI_283
4460,WI13h_283
4461,KEDSGEN_283
4463,SOMG_284
4464,SOMG12h_284
4465,WI_284
4466,WI13h_284
4467,KEDSGEN_284
4469,SOMG_285
4470,SOMG12h_285
4471,WI_285
4472,WI13h_285
4473,KEDSGEN_285
4475,SOMG_286
4476,SOMG12h_286
4477,WI_286
4478,WI13h_286
4479,KEDSGEN_286
4481,SOMG_287
4482,SOMG12h_287
4483,WI_287
4484,WI13h_287
4485,KEDSGEN_287
4487,SOMG_288
4488,SOMG12h_288
4489,WI_288
4490,WI13h_288
4491,KEDSGEN_288
4493,SOMG_289
4494,SOMG12h_289
4495,WI_289
4496,WI13h_289
4497,KEDSGEN_289
4499,SOMG_290
4500,SOMG12h_290
4501,WI_290
4502,WI13h_290
4503,KEDSGEN_290
4505,SOMG_291
4506,SOMG12h_291
4507,WI_291
4508,WI13h_291
4509,KEDSGEN_291
4511,SOMG_292
4512,SOMG12h_292
4513,WI_292
4514,WI13h_292
4515,KEDSGEN_292
4517,SOMG_293
4518,SOMG12h_293
4519,WI_293
4520,WI13h_293
4521,KEDSGEN_293
4523,SOMG_294
4524,SOMG12h_294
4525,WI_294
4526,WI13h_294
4527,KEDSGEN_294
4529,SOMG_295
4530,SOMG12h_295
4531,WI_295
4532,WI13h_295
4533,KEDSGEN_295
4535,SOMG_296
4536,SOMG12h_296
4537,WI_296
4538,WI13h_296
4539,KEDSGEN_296
4541,SOMG_297
4542,SOMG12h_297
4543,WI_297
4544,WI13h_297
4545,KEDSGEN_297
4547,SOMG_298
4548,SOMG12h_298
4549,WI_298
4550,WI13h_298
4551,KEDSGEN_298
4553,SOMG_299
4554,SOMG12h_299
4555,WI_299
4556,WI13h_299
4557,KEDSGEN_299
4559,SOMG_300
4560,SOMG12h_300
4561,WI_300
4562,WI13h_300
4563,KEDSGEN_300
4565,SOMG_301
4566,SOMG12h_301
4567,WI_301
4568,WI13h_301
4569,KEDSGEN_301
4571,SOMG_302
4572,SOMG12h_302
4573,WI_302
4574,WI13h_302
4575,KEDSGEN_302
4577,SOMG_303
4578,SOMG12h_303
4579,WI_303
4580,WI13h_303
4581,KEDSGEN_303
4583,SOMG_304
4584,SOMG12h_304
4585,WI_304
4586,WI13h_304
4587,KEDSGEN_304
4589,SOMG_305
4590,SOMG12h_305
4591,WI_305
4592,WI13h_305
4593,KEDSGEN_305
4595,SOMG_306
4596,SOMG12h_306
4597,WI_306
4598,WI13h_306
4599,KEDSGEN_306
4601,SOMG_307
4602,SOMG12h_307
4603,WI_307
4604,WI13h_307
4605,KEDSGEN_307
4607,SOMG_308
4608,SOMG12h_308
4609,WI_308
4610,WI13h_308
4611,KEDSGEN_308
4613,SOMG_309
4614,SOMG12h_309
4615,WI_309
4616,WI13h_309
4617,KEDSGEN_309
4619,SOMG_310
4620,SOMG12h_310
4621,WI_310
4622,WI13h_310
4623,KEDSGEN_310
4625,SOMG_311
4626,SOMG12h_311
4627,WI_311
4628,WI13h_311
4629,KEDSGEN_311
4631,SOMG_312
4632,SOMG12h_312
4633,WI_312
4634,WI13h_312
4635,KEDSGEN_312
4637,SOMG_313
4638,SOMG12h_313
4639,WI_313
4640,WI13h_313
4641,KEDSGEN_313
4643,SOMG_314
4644,SOMG12h_314
4645,WI_314
4646,WI13h_314
4647,KEDSGEN_314
4649,SOMG_315
4650,SOMG12h_315
4651,WI_315
4652,WI13h_315
4653,KEDSGEN_315
4655,SOMG_316
4656,SOMG12h_316
4657,WI_316
4658,WI13h_316
4659,KEDSGEN_316
4661,SOMG_317
4662,SOMG12h_317
4663,WI_317
4664,WI13h_317
4665,KEDSGEN_317
4667,SOMG_318
4668,SOMG12h_318
4669,WI_318
4670,WI13h_318
4671,KEDSGEN_318
4673,SOMG_319
4674,SOMG12h_319
4675,WI_319
4676,WI13h_319
4677,KEDSGEN_319
4679,SOMG_320
4680,SOMG12h_320
4681,WI_320
4682,WI13h_320
4683,KEDSGEN_320
4685,SOMG_321
4686,SOMG12h_321
4687,WI_321
4688,WI13h_321
4689,KEDSGEN_321
4691,SOMG_322
4692,SOMG12h_322
4693,WI_322
4694,WI13h_322
4695,KEDSGEN_322
4697,SOMG_323
4698,SOMG12h_323
4699,WI_323
4700,WI13h_323
4701,KEDSGEN_323
4703,SOMG_324
4704,SOMG12h_324
4705,WI_324
4706,WI13h_324
4707,KEDSGEN_324
4709,SOMG_325
4710,SOMG12h_325
4711,WI_325
4712,WI13h_325
4713,KEDSGEN_325
4715,SOMG_326
4716,SOMG12h_326
4717,WI_326
4718,WI13h_326
4719,KEDSGEN_326
4721,SOMG_327
4722,SOMG12h_327
4723,WI_327
4724,WI13h_327
4725,KEDSGEN_327
4727,SOMG_328
4728,SOMG12h_328
4729,WI_328
4730,WI13h_328
4731,KEDSGEN_328
4733,SOMG_329
4734,SOMG12h_329
4735,WI_329
4736,WI13h_329
4737,KEDSGEN_329
4739,SOMG_330
4740,SOMG12h_330
4741,WI_330
4742,WI13h_330
4743,KEDSGEN_330
4745,SOMG_331
4746,SOMG12h_331
4747,WI_331
4748,WI13h_331
4749,KEDSGEN_331
4751,SOMG_332
4752,SOMG12h_332
4753,WI_332
4754,WI13h_332
4755,KEDSGEN_332
4757,SOMG_333
4758,SOMG12h_333
4759,WI_333
4760,WI13h_333
4761,KEDSGEN_333
4763,SOMG_334
4764,SOMG12h_334
4765,WI_334
4766,WI13h_334
4767,KEDSGEN_334
4769,SOMG_335
4770,SOMG12h_335
4771,WI_335
4772,WI13h_335
4773,KEDSGEN_335
4775,SOMG_336
4776,SOMG12h_336
4777,WI_336
4778,WI13h_336
4779,KEDSGEN_336
4781,SOMG_337
4782,SOMG12h_337
4783,WI_337
4784,WI13h_337
4785,KEDSGEN_337
4787,SOMG_338
4788,SOMG12h_338
4789,WI_338
4790,WI13h_338
4791,KEDSGEN_338
4793,SOMG_339
4794,SOMG12h_339
4795,WI_339
4796,WI13h_339
4797,KEDSGEN_339
4799,SOMG_340
4800,SOMG12h_340
4801,WI_340
4802,WI13h_340
4803,KEDSGEN_340
4805,SOMG_341
4806,SOMG12h_341
4807,WI_341
4808,WI13h_341
4809,KEDSGEN_341
4811,SOMG_342
4812,SOMG12h_342
4813,WI_342
4814,WI13h_342
4815,KEDSGEN_342
4817,SOMG_343
4818,SOMG12h_343
4819,WI_343
4820,WI13h_343
4821,KEDSGEN_343
4823,SOMG_344
4824,SOMG12h_344
4825,WI_344
4826,WI13h_344
4827,KEDSGEN_344
4829,SOMG_345
4830,SOMG12h_345
4831,WI_345
4832,WI13h_345
4833,KEDSGEN_345
4835,SOMG_346
4836,SOMG12h_346
4837,WI_346
4838,WI13h_346
4839,KEDSGEN_346
4841,SOMG_347
4842,SOMG12h_347
4843,WI_347
4844,WI13h_347
4845,KEDSGEN_347
4847,SOMG_348
4848,SOMG12h_348
4849,WI_348
4850,WI13h_348
4851,KEDSGEN_348
4853,SOMG_349
4854,SOMG12h_349
4855,WI_349
4856,WI13h_349
4857,KEDSGEN_349
4859,SOMG_350
4860,SOMG12h_350
4861,WI_350
4862,WI13h_350
4863,KEDSGEN_350
4865,SOMG_351
4866,SOMG12h_351
4867,WI_351
4868,WI13h_351
4869,KEDSGEN_351
4871,SOMG_352
4872,SOMG12h_352
4873,WI_352
4874,WI13h_352
4875,KEDSGEN_352
4877,SOMG_353
4878,SOMG12h_353
4879,WI_353
4880,WI13h_353
4881,KEDSGEN_353
4883,SOMG_354
4884,SOMG12h_354
4885,WI_354
4886,WI13h_354
4887,KEDSGEN_354
4889,SOMG_355
4890,SOMG12h_355
4891,WI_355
4892,WI13h_355
4893,KEDSGEN_355
4895,SOMG_356
4896,SOMG12h_356
4897,WI_356
4898,WI13h_356
4899,KEDSGEN_356
4901,SOMG_357
4902,SOMG12h_357
4903,WI_357
4904,WI13h_357
4905,KEDSGEN_357
4907,SOMG_358
4908,SOMG12h_358
4909,WI_358
4910,WI13h_358
4911,KEDSGEN_358
4913,SOMG_359
4914,SOMG12h_359
4915,WI_359
4916,WI13h_359
4917,KEDSGEN_359
4919,SOMG_360
4920,SOMG12h_360
4921,WI_360
4922,WI13h_360
4923,KEDSGEN_360
4925,SOMG_361
4926,SOMG12h_361
4927,WI_361
4928,WI13h_361
4929,KEDSGEN_361
4931,SOMG_362
4932,SOMG12h_362
4933,WI_362
4934,WI13h_362
4935,KEDSGEN_362
4937,SOMG_363
4938,SOMG12h_363
4939,WI_363
4940,WI13h_363
4941,KEDSGEN_363
4943,SOMG_364
4944,SOMG12h_364
4945,WI_364
4946,WI13h_364
4947,KEDSGEN_364
4949,SOMG_365
4950,SOMG12h_365
4951,WI_365
4952,WI13h_365
4953,KEDSGEN_365
4955,SOMG_366
4956,SOMG12h_366
4957,WI_366
4958,WI13h_366
4959,KEDSGEN_366
4961,SOMG_367
4962,SOMG12h_367
4963,WI_367
4964,WI13h_367
4965,KEDSGEN_367
4967,SOMG_368
4968,SOMG12h_368
4969,WI_368
4970,WI13h_368
4971,KEDSGEN_368
4973,SOMG_369
4974,SOMG12h_369
4975,WI_369
4976,WI13h_369
4977,KEDSGEN_369
4979,SOMG_370
4980,SOMG12h_370
4981,WI_370
4982,WI13h_370
4983,KEDSGEN_370
4985,SOMG_371
4986,SOMG12h_371
4987,WI_371
4988,WI13h_371
4989,KEDSGEN_371
4991,SOMG_372
4992,SOMG12h_372
4993,WI_372
4994,WI13h_372
4995,KEDSGEN_372
4997,SOMG_373
4998,SOMG12h_373
4999,WI_373
5000,WI13h_373
5001,KEDSGEN_373
5003,SOMG_374
5004,SOMG12h_374
5005,WI_374
5006,WI13h_374
5007,KEDSGEN_374
5009,SOMG_375
5010,SOMG12h_375
5011,WI_375
5012,WI13h_375
5013,KEDSGEN_375
5015,SOMG_376
5016,SOMG12h_376
5017,WI_376
5018,WI13h_376
5019,KEDSGEN_376
5021,SOMG_377
5022,SOMG12h_377
5023,WI_377
5024,WI13h_377
5025,KEDSGEN_377
5027,SOMG_378
5028,SOMG12h_378
5029,WI_378
5030,WI13h_378
5031,KEDSGEN_378
