,DISTANCE,SendTech,INFUEL,INTECH,OUTFUEL,ReceiveTech
2,39210.49395,TRHV_1,EL2_1,TRHV_2,EL2_2,TRHV_2
3,39210.49395,TRHV_2,EL2_2,TRHV_9,EL2_9,TRHV_9
4,39210.49395,TRHV_2,EL2_2,TRHV_1,EL2_1,TRHV_1
6,39210.49395,TRHV_2,EL2_2,TRHV_3,EL2_3,TRHV_3
7,39210.49395,TRHV_3,EL2_3,TRHV_10,EL2_10,TRHV_10
8,39210.49395,TRHV_3,EL2_3,TRHV_2,EL2_2,TRHV_2
10,39210.49395,TRHV_3,EL2_3,TRHV_4,EL2_4,TRHV_4
11,39209.99996,TRHV_3,EL2_3,TRHV_377,EL2_377,TRHV_377
12,39210.49395,TRHV_4,EL2_4,TRHV_11,EL2_11,TRHV_11
13,39210.49395,TRHV_4,EL2_4,TRHV_3,EL2_3,TRHV_3
14,39210.49395,TRHV_4,EL2_4,TRHV_5,EL2_5,TRHV_5
16,39209.99996,TRHV_4,EL2_4,TRHV_378,EL2_378,TRHV_378
17,39210.49395,TRHV_5,EL2_5,TRHV_12,EL2_12,TRHV_12
19,39210.49395,TRHV_5,EL2_5,TRHV_4,EL2_4,TRHV_4
20,39210.49395,TRHV_5,EL2_5,TRHV_6,EL2_6,TRHV_6
21,39210.49395,TRHV_6,EL2_6,TRHV_13,EL2_13,TRHV_13
22,39210.49395,TRHV_6,EL2_6,TRHV_5,EL2_5,TRHV_5
25,39210.49395,TRHV_7,EL2_7,TRHV_14,EL2_14,TRHV_14
26,39210.49395,TRHV_7,EL2_7,TRHV_6,EL2_6,TRHV_6
28,39210.49395,KEEL00t00,KEEL2,TRHV_19,EL2_19,TRHV_19
30,39210.49395,KEEL00t00,KEEL2,TRHV_9,EL2_9,TRHV_9
31,39210.49395,KEEL00t00,KEEL2,TRHV_1,EL2_1,TRHV_1
35,39210.49395,TRHV_9,EL2_9,TRHV_10,EL2_10,TRHV_10
36,39210.49395,TRHV_9,EL2_9,TRHV_2,EL2_2,TRHV_2
38,39210.49395,TRHV_10,EL2_10,TRHV_9,EL2_9,TRHV_9
40,39210.49395,TRHV_10,EL2_10,TRHV_11,EL2_11,TRHV_11
41,39210.49395,TRHV_10,EL2_10,TRHV_3,EL2_3,TRHV_3
42,39210.49395,TRHV_11,EL2_11,TRHV_22,EL2_22,TRHV_22
43,39210.49395,TRHV_11,EL2_11,TRHV_10,EL2_10,TRHV_10
44,39210.49395,TRHV_11,EL2_11,TRHV_12,EL2_12,TRHV_12
46,39210.49395,TRHV_11,EL2_11,TRHV_4,EL2_4,TRHV_4
47,39210.49395,TRHV_12,EL2_12,TRHV_23,EL2_23,TRHV_23
49,39210.49395,TRHV_12,EL2_12,TRHV_11,EL2_11,TRHV_11
50,39210.49395,TRHV_12,EL2_12,TRHV_13,EL2_13,TRHV_13
51,39210.49395,TRHV_12,EL2_12,TRHV_5,EL2_5,TRHV_5
52,39210.49395,TRHV_13,EL2_13,TRHV_24,EL2_24,TRHV_24
53,39210.49395,TRHV_13,EL2_13,TRHV_12,EL2_12,TRHV_12
55,39210.49395,TRHV_13,EL2_13,TRHV_14,EL2_14,TRHV_14
56,39210.49395,TRHV_13,EL2_13,TRHV_6,EL2_6,TRHV_6
57,39210.49395,TRHV_14,EL2_14,TRHV_25,EL2_25,TRHV_25
58,39210.49395,TRHV_14,EL2_14,TRHV_13,EL2_13,TRHV_13
60,39210.49395,TRHV_14,EL2_14,TRHV_15,EL2_15,TRHV_15
62,39210.49395,TRHV_15,EL2_15,TRHV_26,EL2_26,TRHV_26
63,39210.49395,TRHV_15,EL2_15,TRHV_14,EL2_14,TRHV_14
65,39210.49395,TRHV_15,EL2_15,TRHV_16,EL2_16,TRHV_16
66,39210.49395,TRHV_16,EL2_16,TRHV_27,EL2_27,TRHV_27
67,39210.49395,TRHV_16,EL2_16,TRHV_15,EL2_15,TRHV_15
69,39210.49395,TRHV_17,EL2_17,TRHV_31,EL2_31,TRHV_31
71,39210.49395,TRHV_17,EL2_17,TRHV_18,EL2_18,TRHV_18
72,39210.49395,TRHV_18,EL2_18,TRHV_32,EL2_32,TRHV_32
73,39210.49395,TRHV_18,EL2_18,TRHV_17,EL2_17,TRHV_17
75,39210.49395,TRHV_19,EL2_19,TRHV_35,EL2_35,TRHV_35
79,39210.49395,KEEL00t00,KEEL2,TRHV_36,EL2_36,TRHV_36
84,39210.49395,KEEL00t00,KEEL2,TRHV_37,EL2_37,TRHV_37
87,39210.49395,KEEL00t00,KEEL2,TRHV_22,EL2_22,TRHV_22
88,39210.49395,KEEL00t00,KEEL2,TRHV_10,EL2_10,TRHV_10
89,39210.49395,TRHV_22,EL2_22,TRHV_38,EL2_38,TRHV_38
91,39210.49395,TRHV_22,EL2_22,TRHV_23,EL2_23,TRHV_23
93,39210.49395,TRHV_22,EL2_22,TRHV_11,EL2_11,TRHV_11
94,39210.49395,TRHV_23,EL2_23,TRHV_39,EL2_39,TRHV_39
96,39210.49395,TRHV_23,EL2_23,TRHV_22,EL2_22,TRHV_22
97,39210.49395,TRHV_23,EL2_23,TRHV_24,EL2_24,TRHV_24
98,39210.49395,TRHV_23,EL2_23,TRHV_12,EL2_12,TRHV_12
99,39210.49395,TRHV_24,EL2_24,TRHV_40,EL2_40,TRHV_40
100,39210.49395,TRHV_24,EL2_24,TRHV_23,EL2_23,TRHV_23
102,39210.49395,TRHV_24,EL2_24,TRHV_25,EL2_25,TRHV_25
103,39210.49395,TRHV_24,EL2_24,TRHV_13,EL2_13,TRHV_13
104,39210.49395,TRHV_25,EL2_25,TRHV_41,EL2_41,TRHV_41
105,39210.49395,TRHV_25,EL2_25,TRHV_24,EL2_24,TRHV_24
107,39210.49395,TRHV_25,EL2_25,TRHV_26,EL2_26,TRHV_26
108,39210.49395,TRHV_25,EL2_25,TRHV_14,EL2_14,TRHV_14
110,39210.49395,TRHV_26,EL2_26,TRHV_25,EL2_25,TRHV_25
112,39210.49395,TRHV_26,EL2_26,TRHV_27,EL2_27,TRHV_27
113,39210.49395,TRHV_26,EL2_26,TRHV_15,EL2_15,TRHV_15
115,39210.49395,TRHV_27,EL2_27,TRHV_26,EL2_26,TRHV_26
117,39210.49395,TRHV_27,EL2_27,TRHV_28,EL2_28,TRHV_28
118,39210.49395,TRHV_27,EL2_27,TRHV_16,EL2_16,TRHV_16
119,39210.49395,TRHV_28,EL2_28,TRHV_44,EL2_44,TRHV_44
120,39210.49395,TRHV_28,EL2_28,TRHV_27,EL2_27,TRHV_27
122,39210.49395,TRHV_28,EL2_28,TRHV_29,EL2_29,TRHV_29
123,39210.49395,TRHV_29,EL2_29,TRHV_45,EL2_45,TRHV_45
124,39210.49395,TRHV_29,EL2_29,TRHV_28,EL2_28,TRHV_28
128,39210.49395,TRHV_30,EL2_30,TRHV_31,EL2_31,TRHV_31
130,39210.49395,TRHV_31,EL2_31,TRHV_30,EL2_30,TRHV_30
132,39210.49395,TRHV_31,EL2_31,TRHV_32,EL2_32,TRHV_32
133,39210.49395,TRHV_31,EL2_31,TRHV_17,EL2_17,TRHV_17
134,39210.49395,TRHV_32,EL2_32,TRHV_53,EL2_53,TRHV_53
135,39210.49395,TRHV_32,EL2_32,TRHV_31,EL2_31,TRHV_31
138,39210.49395,TRHV_32,EL2_32,TRHV_18,EL2_18,TRHV_18
139,39210.49395,KEEL00t00,KEEL2,TRHV_54,EL2_54,TRHV_54
140,39210.49395,KEEL00t00,KEEL2,TRHV_32,EL2_32,TRHV_32
143,39210.49395,KEEL00t00,KEEL2,TRHV_55,EL2_55,TRHV_55
147,39210.49395,TRHV_35,EL2_35,TRHV_36,EL2_36,TRHV_36
148,39210.49395,TRHV_35,EL2_35,TRHV_19,EL2_19,TRHV_19
149,39210.49395,TRHV_36,EL2_36,TRHV_56,EL2_56,TRHV_56
150,39210.49395,TRHV_36,EL2_36,TRHV_35,EL2_35,TRHV_35
152,39210.49395,TRHV_36,EL2_36,TRHV_37,EL2_37,TRHV_37
154,39210.49395,TRHV_37,EL2_37,TRHV_57,EL2_57,TRHV_57
155,39210.49395,TRHV_37,EL2_37,TRHV_36,EL2_36,TRHV_36
157,39210.49395,TRHV_37,EL2_37,TRHV_38,EL2_38,TRHV_38
160,39210.49395,TRHV_38,EL2_38,TRHV_37,EL2_37,TRHV_37
161,39210.49395,TRHV_38,EL2_38,TRHV_39,EL2_39,TRHV_39
163,39210.49395,TRHV_38,EL2_38,TRHV_22,EL2_22,TRHV_22
164,39210.49395,TRHV_39,EL2_39,TRHV_59,EL2_59,TRHV_59
166,39210.49395,TRHV_39,EL2_39,TRHV_38,EL2_38,TRHV_38
167,39210.49395,TRHV_39,EL2_39,TRHV_40,EL2_40,TRHV_40
168,39210.49395,TRHV_39,EL2_39,TRHV_23,EL2_23,TRHV_23
169,39210.49395,TRHV_40,EL2_40,TRHV_60,EL2_60,TRHV_60
170,39210.49395,TRHV_40,EL2_40,TRHV_39,EL2_39,TRHV_39
172,39210.49395,TRHV_40,EL2_40,TRHV_41,EL2_41,TRHV_41
173,39210.49395,TRHV_40,EL2_40,TRHV_24,EL2_24,TRHV_24
174,39210.49395,TRHV_41,EL2_41,TRHV_61,EL2_61,TRHV_61
175,39210.49395,TRHV_41,EL2_41,TRHV_40,EL2_40,TRHV_40
178,39210.49395,TRHV_41,EL2_41,TRHV_25,EL2_25,TRHV_25
179,39210.49395,KEEL00t00,KEEL2,TRHV_62,EL2_62,TRHV_62
180,39210.49395,KEEL00t00,KEEL2,TRHV_41,EL2_41,TRHV_41
183,39210.49395,KEEL00t00,KEEL2,TRHV_26,EL2_26,TRHV_26
184,39210.49395,KEEL00t00,KEEL2,TRHV_63,EL2_63,TRHV_63
187,39210.49395,KEEL00t00,KEEL2,TRHV_44,EL2_44,TRHV_44
188,39210.49395,KEEL00t00,KEEL2,TRHV_27,EL2_27,TRHV_27
189,39210.49395,TRHV_44,EL2_44,TRHV_64,EL2_64,TRHV_64
192,39210.49395,TRHV_44,EL2_44,TRHV_45,EL2_45,TRHV_45
193,39210.49395,TRHV_44,EL2_44,TRHV_28,EL2_28,TRHV_28
194,39210.49395,TRHV_45,EL2_45,TRHV_65,EL2_65,TRHV_65
195,39210.49395,TRHV_45,EL2_45,TRHV_44,EL2_44,TRHV_44
197,39210.49395,TRHV_45,EL2_45,TRHV_46,EL2_46,TRHV_46
198,39210.49395,TRHV_45,EL2_45,TRHV_29,EL2_29,TRHV_29
199,39210.49395,TRHV_46,EL2_46,TRHV_66,EL2_66,TRHV_66
200,39210.49395,TRHV_46,EL2_46,TRHV_45,EL2_45,TRHV_45
202,39210.49395,TRHV_46,EL2_46,TRHV_47,EL2_47,TRHV_47
203,39210.49395,TRHV_47,EL2_47,TRHV_67,EL2_67,TRHV_67
204,39210.49395,TRHV_47,EL2_47,TRHV_46,EL2_46,TRHV_46
207,39210.49395,KEEL00t00,KEEL2,TRHV_68,EL2_68,TRHV_68
208,39210.49395,KEEL00t00,KEEL2,TRHV_47,EL2_47,TRHV_47
211,39210.49395,KEEL00t00,KEEL2,TRHV_69,EL2_69,TRHV_69
214,39210.49395,KEEL00t00,KEEL2,TRHV_50,EL2_50,TRHV_50
215,39210.49395,TRHV_50,EL2_50,TRHV_70,EL2_70,TRHV_70
219,39210.49395,KEEL00t00,KEEL2,TRHV_71,EL2_71,TRHV_71
223,39210.49395,KEEL00t00,KEEL2,TRHV_30,EL2_30,TRHV_30
224,39210.49395,KEEL00t00,KEEL2,TRHV_72,EL2_72,TRHV_72
227,39210.49395,KEEL00t00,KEEL2,TRHV_53,EL2_53,TRHV_53
228,39210.49395,KEEL00t00,KEEL2,TRHV_31,EL2_31,TRHV_31
232,39210.49395,TRHV_53,EL2_53,TRHV_54,EL2_54,TRHV_54
233,39210.49395,TRHV_53,EL2_53,TRHV_32,EL2_32,TRHV_32
235,39210.49395,TRHV_54,EL2_54,TRHV_53,EL2_53,TRHV_53
237,39210.49395,TRHV_54,EL2_54,TRHV_55,EL2_55,TRHV_55
239,39210.49395,TRHV_55,EL2_55,TRHV_54,EL2_54,TRHV_54
243,39210.49395,TRHV_56,EL2_56,TRHV_57,EL2_57,TRHV_57
244,39210.49395,TRHV_56,EL2_56,TRHV_36,EL2_36,TRHV_36
245,39210.49395,TRHV_57,EL2_57,TRHV_75,EL2_75,TRHV_75
246,39210.49395,TRHV_57,EL2_57,TRHV_56,EL2_56,TRHV_56
249,39210.49395,TRHV_57,EL2_57,TRHV_37,EL2_37,TRHV_37
250,39210.49395,KEEL00t00,KEEL2,TRHV_76,EL2_76,TRHV_76
251,39210.49395,KEEL00t00,KEEL2,TRHV_57,EL2_57,TRHV_57
252,39210.49395,KEEL00t00,KEEL2,TRHV_59,EL2_59,TRHV_59
254,39210.49395,KEEL00t00,KEEL2,TRHV_38,EL2_38,TRHV_38
255,39210.49395,TRHV_59,EL2_59,TRHV_77,EL2_77,TRHV_77
258,39210.49395,TRHV_59,EL2_59,TRHV_60,EL2_60,TRHV_60
259,39210.49395,TRHV_59,EL2_59,TRHV_39,EL2_39,TRHV_39
260,39210.49395,TRHV_60,EL2_60,TRHV_78,EL2_78,TRHV_78
261,39210.49395,TRHV_60,EL2_60,TRHV_59,EL2_59,TRHV_59
263,39210.49395,TRHV_60,EL2_60,TRHV_61,EL2_61,TRHV_61
264,39210.49395,TRHV_60,EL2_60,TRHV_40,EL2_40,TRHV_40
265,39210.49395,TRHV_61,EL2_61,TRHV_79,EL2_79,TRHV_79
266,39210.49395,TRHV_61,EL2_61,TRHV_60,EL2_60,TRHV_60
268,39210.49395,TRHV_61,EL2_61,TRHV_62,EL2_62,TRHV_62
269,39210.49395,TRHV_61,EL2_61,TRHV_41,EL2_41,TRHV_41
270,39210.49395,TRHV_62,EL2_62,TRHV_80,EL2_80,TRHV_80
271,39210.49395,TRHV_62,EL2_62,TRHV_61,EL2_61,TRHV_61
273,39210.49395,TRHV_62,EL2_62,TRHV_63,EL2_63,TRHV_63
275,39210.49395,TRHV_63,EL2_63,TRHV_81,EL2_81,TRHV_81
276,39210.49395,TRHV_63,EL2_63,TRHV_62,EL2_62,TRHV_62
278,39210.49395,TRHV_63,EL2_63,TRHV_64,EL2_64,TRHV_64
280,39210.49395,TRHV_64,EL2_64,TRHV_82,EL2_82,TRHV_82
281,39210.49395,TRHV_64,EL2_64,TRHV_63,EL2_63,TRHV_63
283,39210.49395,TRHV_64,EL2_64,TRHV_65,EL2_65,TRHV_65
284,39210.49395,TRHV_64,EL2_64,TRHV_44,EL2_44,TRHV_44
285,39210.49395,TRHV_65,EL2_65,TRHV_83,EL2_83,TRHV_83
286,39210.49395,TRHV_65,EL2_65,TRHV_64,EL2_64,TRHV_64
288,39210.49395,TRHV_65,EL2_65,TRHV_66,EL2_66,TRHV_66
289,39210.49395,TRHV_65,EL2_65,TRHV_45,EL2_45,TRHV_45
290,39210.49395,TRHV_66,EL2_66,TRHV_84,EL2_84,TRHV_84
291,39210.49395,TRHV_66,EL2_66,TRHV_65,EL2_65,TRHV_65
293,39210.49395,TRHV_66,EL2_66,TRHV_67,EL2_67,TRHV_67
294,39210.49395,TRHV_66,EL2_66,TRHV_46,EL2_46,TRHV_46
295,39210.49395,TRHV_67,EL2_67,TRHV_85,EL2_85,TRHV_85
296,39210.49395,TRHV_67,EL2_67,TRHV_66,EL2_66,TRHV_66
298,39210.49395,TRHV_67,EL2_67,TRHV_68,EL2_68,TRHV_68
299,39210.49395,TRHV_67,EL2_67,TRHV_47,EL2_47,TRHV_47
300,39210.49395,TRHV_68,EL2_68,TRHV_86,EL2_86,TRHV_86
301,39210.49395,TRHV_68,EL2_68,TRHV_67,EL2_67,TRHV_67
303,39210.49395,TRHV_68,EL2_68,TRHV_69,EL2_69,TRHV_69
306,39210.49395,TRHV_69,EL2_69,TRHV_68,EL2_68,TRHV_68
308,39210.49395,TRHV_69,EL2_69,TRHV_70,EL2_70,TRHV_70
311,39210.49395,TRHV_70,EL2_70,TRHV_69,EL2_69,TRHV_69
313,39210.49395,TRHV_70,EL2_70,TRHV_71,EL2_71,TRHV_71
314,39210.49395,TRHV_70,EL2_70,TRHV_50,EL2_50,TRHV_50
315,39210.49395,TRHV_71,EL2_71,TRHV_89,EL2_89,TRHV_89
316,39210.49395,TRHV_71,EL2_71,TRHV_70,EL2_70,TRHV_70
318,39210.49395,TRHV_71,EL2_71,TRHV_72,EL2_72,TRHV_72
320,39210.49395,TRHV_72,EL2_72,TRHV_90,EL2_90,TRHV_90
321,39210.49395,TRHV_72,EL2_72,TRHV_71,EL2_71,TRHV_71
335,39210.49395,TRHV_75,EL2_75,TRHV_76,EL2_76,TRHV_76
336,39210.49395,TRHV_75,EL2_75,TRHV_57,EL2_57,TRHV_57
338,39210.49395,TRHV_76,EL2_76,TRHV_75,EL2_75,TRHV_75
339,39210.49395,TRHV_76,EL2_76,TRHV_77,EL2_77,TRHV_77
344,39210.49395,TRHV_77,EL2_77,TRHV_76,EL2_76,TRHV_76
345,39210.49395,TRHV_77,EL2_77,TRHV_78,EL2_78,TRHV_78
346,39210.49395,TRHV_77,EL2_77,TRHV_59,EL2_59,TRHV_59
347,39210.49395,TRHV_78,EL2_78,TRHV_95,EL2_95,TRHV_95
348,39210.49395,TRHV_78,EL2_78,TRHV_77,EL2_77,TRHV_77
350,39210.49395,TRHV_78,EL2_78,TRHV_79,EL2_79,TRHV_79
351,39210.49395,TRHV_78,EL2_78,TRHV_60,EL2_60,TRHV_60
352,39210.49395,TRHV_79,EL2_79,TRHV_96,EL2_96,TRHV_96
353,39210.49395,TRHV_79,EL2_79,TRHV_78,EL2_78,TRHV_78
355,39210.49395,TRHV_79,EL2_79,TRHV_80,EL2_80,TRHV_80
356,39210.49395,TRHV_79,EL2_79,TRHV_61,EL2_61,TRHV_61
358,39210.49395,TRHV_80,EL2_80,TRHV_79,EL2_79,TRHV_79
360,39210.49395,TRHV_80,EL2_80,TRHV_81,EL2_81,TRHV_81
361,39210.49395,TRHV_80,EL2_80,TRHV_62,EL2_62,TRHV_62
362,39210.49395,TRHV_81,EL2_81,TRHV_98,EL2_98,TRHV_98
363,39210.49395,TRHV_81,EL2_81,TRHV_80,EL2_80,TRHV_80
365,39210.49395,TRHV_81,EL2_81,TRHV_82,EL2_82,TRHV_82
366,39210.49395,TRHV_81,EL2_81,TRHV_63,EL2_63,TRHV_63
367,39210.49395,TRHV_82,EL2_82,TRHV_99,EL2_99,TRHV_99
368,39210.49395,TRHV_82,EL2_82,TRHV_81,EL2_81,TRHV_81
370,39210.49395,TRHV_82,EL2_82,TRHV_83,EL2_83,TRHV_83
371,39210.49395,TRHV_82,EL2_82,TRHV_64,EL2_64,TRHV_64
373,39210.49395,TRHV_83,EL2_83,TRHV_82,EL2_82,TRHV_82
375,39210.49395,TRHV_83,EL2_83,TRHV_84,EL2_84,TRHV_84
376,39210.49395,TRHV_83,EL2_83,TRHV_65,EL2_65,TRHV_65
377,39210.49395,TRHV_84,EL2_84,TRHV_101,EL2_101,TRHV_101
378,39210.49395,TRHV_84,EL2_84,TRHV_83,EL2_83,TRHV_83
380,39210.49395,TRHV_84,EL2_84,TRHV_85,EL2_85,TRHV_85
381,39210.49395,TRHV_84,EL2_84,TRHV_66,EL2_66,TRHV_66
383,39210.49395,TRHV_85,EL2_85,TRHV_84,EL2_84,TRHV_84
385,39210.49395,TRHV_85,EL2_85,TRHV_86,EL2_86,TRHV_86
386,39210.49395,TRHV_85,EL2_85,TRHV_67,EL2_67,TRHV_67
387,39210.49395,TRHV_86,EL2_86,TRHV_103,EL2_103,TRHV_103
388,39210.49395,TRHV_86,EL2_86,TRHV_85,EL2_85,TRHV_85
391,39210.49395,TRHV_86,EL2_86,TRHV_68,EL2_68,TRHV_68
392,39210.49395,KEEL00t00,KEEL2,TRHV_104,EL2_104,TRHV_104
393,39210.49395,KEEL00t00,KEEL2,TRHV_86,EL2_86,TRHV_86
400,39210.49395,KEEL00t00,KEEL2,TRHV_89,EL2_89,TRHV_89
401,39210.49395,KEEL00t00,KEEL2,TRHV_70,EL2_70,TRHV_70
405,39210.49395,TRHV_89,EL2_89,TRHV_90,EL2_90,TRHV_90
406,39210.49395,TRHV_89,EL2_89,TRHV_71,EL2_71,TRHV_71
407,39210.49395,TRHV_90,EL2_90,TRHV_107,EL2_107,TRHV_107
408,39210.49395,TRHV_90,EL2_90,TRHV_89,EL2_89,TRHV_89
411,39210.49395,TRHV_90,EL2_90,TRHV_72,EL2_72,TRHV_72
413,39210.49395,KEEL00t00,KEEL2,TRHV_90,EL2_90,TRHV_90
419,39210.49395,KEEL00t00,KEEL2,TRHV_75,EL2_75,TRHV_75
425,39210.49395,KEEL00t00,KEEL2,TRHV_111,EL2_111,TRHV_111
428,39210.49395,KEEL00t00,KEEL2,TRHV_95,EL2_95,TRHV_95
429,39210.49395,KEEL00t00,KEEL2,TRHV_77,EL2_77,TRHV_77
430,39210.49395,TRHV_95,EL2_95,TRHV_112,EL2_112,TRHV_112
433,39210.49395,TRHV_95,EL2_95,TRHV_96,EL2_96,TRHV_96
434,39210.49395,TRHV_95,EL2_95,TRHV_78,EL2_78,TRHV_78
435,39210.49395,TRHV_96,EL2_96,TRHV_113,EL2_113,TRHV_113
436,39210.49395,TRHV_96,EL2_96,TRHV_95,EL2_95,TRHV_95
439,39210.49395,TRHV_96,EL2_96,TRHV_79,EL2_79,TRHV_79
441,39210.49395,KEEL00t00,KEEL2,TRHV_96,EL2_96,TRHV_96
443,39210.49395,KEEL00t00,KEEL2,TRHV_98,EL2_98,TRHV_98
444,39210.49395,KEEL00t00,KEEL2,TRHV_80,EL2_80,TRHV_80
445,39210.49395,TRHV_98,EL2_98,TRHV_115,EL2_115,TRHV_115
448,39210.49395,TRHV_98,EL2_98,TRHV_99,EL2_99,TRHV_99
449,39210.49395,TRHV_98,EL2_98,TRHV_81,EL2_81,TRHV_81
450,39210.49395,TRHV_99,EL2_99,TRHV_116,EL2_116,TRHV_116
451,39210.49395,TRHV_99,EL2_99,TRHV_98,EL2_98,TRHV_98
454,39210.49395,TRHV_99,EL2_99,TRHV_82,EL2_82,TRHV_82
456,39210.49395,KEEL00t00,KEEL2,TRHV_99,EL2_99,TRHV_99
458,39210.49395,KEEL00t00,KEEL2,TRHV_101,EL2_101,TRHV_101
459,39210.49395,KEEL00t00,KEEL2,TRHV_83,EL2_83,TRHV_83
460,39210.49395,TRHV_101,EL2_101,TRHV_118,EL2_118,TRHV_118
464,39210.49395,TRHV_101,EL2_101,TRHV_84,EL2_84,TRHV_84
465,39210.49395,TRHV_102,EL2_102,TRHV_119,EL2_119,TRHV_119
466,39210.49395,TRHV_102,EL2_102,TRHV_101,EL2_101,TRHV_101
468,39210.49395,TRHV_102,EL2_102,TRHV_103,EL2_103,TRHV_103
469,39210.49395,TRHV_102,EL2_102,TRHV_85,EL2_85,TRHV_85
470,39210.49395,TRHV_103,EL2_103,TRHV_120,EL2_120,TRHV_120
473,39210.49395,TRHV_103,EL2_103,TRHV_104,EL2_104,TRHV_104
474,39210.49395,TRHV_103,EL2_103,TRHV_86,EL2_86,TRHV_86
475,39210.49395,TRHV_104,EL2_104,TRHV_121,EL2_121,TRHV_121
476,39210.49395,TRHV_104,EL2_104,TRHV_103,EL2_103,TRHV_103
488,39210.49395,KEEL00t00,KEEL2,TRHV_107,EL2_107,TRHV_107
490,39210.49395,TRHV_107,EL2_107,TRHV_124,EL2_124,TRHV_124
494,39210.49395,TRHV_107,EL2_107,TRHV_90,EL2_90,TRHV_90
495,39210.49395,KEEL00t00,KEEL2,TRHV_125,EL2_125,TRHV_125
508,39210.49395,TRHV_111,EL2_111,TRHV_128,EL2_128,TRHV_128
511,39210.49395,TRHV_111,EL2_111,TRHV_112,EL2_112,TRHV_112
513,39210.49395,TRHV_112,EL2_112,TRHV_129,EL2_129,TRHV_129
514,39210.49395,TRHV_112,EL2_112,TRHV_111,EL2_111,TRHV_111
516,39210.49395,TRHV_112,EL2_112,TRHV_113,EL2_113,TRHV_113
517,39210.49395,TRHV_112,EL2_112,TRHV_95,EL2_95,TRHV_95
518,39210.49395,TRHV_113,EL2_113,TRHV_130,EL2_130,TRHV_130
519,39210.49395,TRHV_113,EL2_113,TRHV_112,EL2_112,TRHV_112
522,39210.49395,TRHV_113,EL2_113,TRHV_96,EL2_96,TRHV_96
524,39210.49395,KEEL00t00,KEEL2,TRHV_113,EL2_113,TRHV_113
526,39210.49395,KEEL00t00,KEEL2,TRHV_115,EL2_115,TRHV_115
528,39210.49395,TRHV_115,EL2_115,TRHV_132,EL2_132,TRHV_132
531,39210.49395,TRHV_115,EL2_115,TRHV_116,EL2_116,TRHV_116
532,39210.49395,TRHV_115,EL2_115,TRHV_98,EL2_98,TRHV_98
533,39210.49395,TRHV_116,EL2_116,TRHV_133,EL2_133,TRHV_133
534,39210.49395,TRHV_116,EL2_116,TRHV_115,EL2_115,TRHV_115
537,39210.49395,TRHV_116,EL2_116,TRHV_99,EL2_99,TRHV_99
539,39210.49395,KEEL00t00,KEEL2,TRHV_116,EL2_116,TRHV_116
541,39210.49395,KEEL00t00,KEEL2,TRHV_118,EL2_118,TRHV_118
543,39210.49395,TRHV_118,EL2_118,TRHV_135,EL2_135,TRHV_135
546,39210.49395,TRHV_118,EL2_118,TRHV_119,EL2_119,TRHV_119
547,39210.49395,TRHV_118,EL2_118,TRHV_101,EL2_101,TRHV_101
548,39210.49395,TRHV_119,EL2_119,TRHV_136,EL2_136,TRHV_136
549,39210.49395,TRHV_119,EL2_119,TRHV_118,EL2_118,TRHV_118
551,39210.49395,TRHV_119,EL2_119,TRHV_120,EL2_120,TRHV_120
553,39210.49395,TRHV_120,EL2_120,TRHV_137,EL2_137,TRHV_137
554,39210.49395,TRHV_120,EL2_120,TRHV_119,EL2_119,TRHV_119
556,39210.49395,TRHV_120,EL2_120,TRHV_121,EL2_121,TRHV_121
557,39210.49395,TRHV_120,EL2_120,TRHV_103,EL2_103,TRHV_103
558,39210.49395,TRHV_121,EL2_121,TRHV_138,EL2_138,TRHV_138
559,39210.49395,TRHV_121,EL2_121,TRHV_120,EL2_120,TRHV_120
562,39210.49395,TRHV_121,EL2_121,TRHV_104,EL2_104,TRHV_104
563,39210.49395,KEEL00t00,KEEL2,TRHV_139,EL2_139,TRHV_139
564,39210.49395,KEEL00t00,KEEL2,TRHV_121,EL2_121,TRHV_121
571,39210.49395,KEEL00t00,KEEL2,TRHV_124,EL2_124,TRHV_124
573,39210.49395,TRHV_124,EL2_124,TRHV_141,EL2_141,TRHV_141
576,39210.49395,TRHV_124,EL2_124,TRHV_125,EL2_125,TRHV_125
577,39210.49395,TRHV_124,EL2_124,TRHV_107,EL2_107,TRHV_107
578,39210.49395,TRHV_125,EL2_125,TRHV_142,EL2_142,TRHV_142
579,39210.49395,TRHV_125,EL2_125,TRHV_124,EL2_124,TRHV_124
588,39210.49395,KEEL00t00,KEEL2,TRHV_128,EL2_128,TRHV_128
594,39210.49395,TRHV_128,EL2_128,TRHV_129,EL2_129,TRHV_129
595,39210.49395,TRHV_128,EL2_128,TRHV_111,EL2_111,TRHV_111
596,39210.49395,TRHV_129,EL2_129,TRHV_146,EL2_146,TRHV_146
597,39210.49395,TRHV_129,EL2_129,TRHV_128,EL2_128,TRHV_128
599,39210.49395,TRHV_129,EL2_129,TRHV_130,EL2_130,TRHV_130
600,39210.49395,TRHV_129,EL2_129,TRHV_112,EL2_112,TRHV_112
602,39210.49395,TRHV_130,EL2_130,TRHV_129,EL2_129,TRHV_129
605,39210.49395,TRHV_130,EL2_130,TRHV_113,EL2_113,TRHV_113
607,39210.49395,KEEL00t00,KEEL2,TRHV_130,EL2_130,TRHV_130
609,39210.49395,KEEL00t00,KEEL2,TRHV_132,EL2_132,TRHV_132
614,39210.49395,TRHV_132,EL2_132,TRHV_133,EL2_133,TRHV_133
615,39210.49395,TRHV_132,EL2_132,TRHV_115,EL2_115,TRHV_115
616,39210.49395,TRHV_133,EL2_133,TRHV_150,EL2_150,TRHV_150
617,39210.49395,TRHV_133,EL2_133,TRHV_132,EL2_132,TRHV_132
620,39210.49395,TRHV_133,EL2_133,TRHV_116,EL2_116,TRHV_116
621,39210.49395,KEEL00t00,KEEL2,TRHV_151,EL2_151,TRHV_151
622,39210.49395,KEEL00t00,KEEL2,TRHV_133,EL2_133,TRHV_133
624,39210.49395,KEEL00t00,KEEL2,TRHV_135,EL2_135,TRHV_135
626,39210.49395,TRHV_135,EL2_135,TRHV_152,EL2_152,TRHV_152
629,39210.49395,TRHV_135,EL2_135,TRHV_136,EL2_136,TRHV_136
630,39210.49395,TRHV_135,EL2_135,TRHV_118,EL2_118,TRHV_118
632,39210.49395,TRHV_136,EL2_136,TRHV_135,EL2_135,TRHV_135
634,39210.49395,TRHV_136,EL2_136,TRHV_137,EL2_137,TRHV_137
635,39210.49395,TRHV_136,EL2_136,TRHV_119,EL2_119,TRHV_119
636,39210.49395,TRHV_137,EL2_137,TRHV_154,EL2_154,TRHV_154
637,39210.49395,TRHV_137,EL2_137,TRHV_136,EL2_136,TRHV_136
639,39210.49395,TRHV_137,EL2_137,TRHV_138,EL2_138,TRHV_138
640,39210.49395,TRHV_137,EL2_137,TRHV_120,EL2_120,TRHV_120
641,39210.49395,TRHV_138,EL2_138,TRHV_155,EL2_155,TRHV_155
642,39210.49395,TRHV_138,EL2_138,TRHV_137,EL2_137,TRHV_137
644,39210.49395,TRHV_138,EL2_138,TRHV_139,EL2_139,TRHV_139
645,39210.49395,TRHV_138,EL2_138,TRHV_121,EL2_121,TRHV_121
646,39210.49395,TRHV_139,EL2_139,TRHV_156,EL2_156,TRHV_156
647,39210.49395,TRHV_139,EL2_139,TRHV_138,EL2_138,TRHV_138
651,39210.49395,KEEL00t00,KEEL2,TRHV_157,EL2_157,TRHV_157
654,39210.49395,KEEL00t00,KEEL2,TRHV_141,EL2_141,TRHV_141
656,39210.49395,TRHV_141,EL2_141,TRHV_158,EL2_158,TRHV_158
659,39210.49395,TRHV_141,EL2_141,TRHV_142,EL2_142,TRHV_142
660,39210.49395,TRHV_141,EL2_141,TRHV_124,EL2_124,TRHV_124
661,39210.49395,TRHV_142,EL2_142,TRHV_159,EL2_159,TRHV_159
662,39210.49395,TRHV_142,EL2_142,TRHV_141,EL2_141,TRHV_141
664,39210.49395,TRHV_142,EL2_142,TRHV_125,EL2_125,TRHV_125
677,39210.49395,KEEL00t00,KEEL2,TRHV_146,EL2_146,TRHV_146
683,39210.49395,TRHV_146,EL2_146,TRHV_129,EL2_129,TRHV_129
697,39210.49395,KEEL00t00,KEEL2,TRHV_150,EL2_150,TRHV_150
702,39210.49395,TRHV_150,EL2_150,TRHV_151,EL2_151,TRHV_151
703,39210.49395,TRHV_150,EL2_150,TRHV_133,EL2_133,TRHV_133
704,39210.49395,TRHV_151,EL2_151,TRHV_169,EL2_169,TRHV_169
705,39210.49395,TRHV_151,EL2_151,TRHV_150,EL2_150,TRHV_150
707,39210.49395,TRHV_151,EL2_151,TRHV_152,EL2_152,TRHV_152
709,39210.49395,TRHV_152,EL2_152,TRHV_170,EL2_170,TRHV_170
710,39210.49395,TRHV_152,EL2_152,TRHV_151,EL2_151,TRHV_151
713,39210.49395,TRHV_152,EL2_152,TRHV_135,EL2_135,TRHV_135
715,39210.49395,KEEL00t00,KEEL2,TRHV_152,EL2_152,TRHV_152
717,39210.49395,KEEL00t00,KEEL2,TRHV_154,EL2_154,TRHV_154
718,39210.49395,KEEL00t00,KEEL2,TRHV_136,EL2_136,TRHV_136
722,39210.49395,TRHV_154,EL2_154,TRHV_155,EL2_155,TRHV_155
723,39210.49395,TRHV_154,EL2_154,TRHV_137,EL2_137,TRHV_137
725,39210.49395,TRHV_155,EL2_155,TRHV_154,EL2_154,TRHV_154
727,39210.49395,TRHV_155,EL2_155,TRHV_156,EL2_156,TRHV_156
728,39210.49395,TRHV_155,EL2_155,TRHV_138,EL2_138,TRHV_138
730,39210.49395,TRHV_156,EL2_156,TRHV_155,EL2_155,TRHV_155
732,39210.49395,TRHV_156,EL2_156,TRHV_157,EL2_157,TRHV_157
733,39210.49395,TRHV_156,EL2_156,TRHV_139,EL2_139,TRHV_139
734,39210.49395,TRHV_157,EL2_157,TRHV_175,EL2_175,TRHV_175
735,39210.49395,TRHV_157,EL2_157,TRHV_156,EL2_156,TRHV_156
737,39210.49395,TRHV_157,EL2_157,TRHV_158,EL2_158,TRHV_158
739,39210.49395,TRHV_158,EL2_158,TRHV_176,EL2_176,TRHV_176
740,39210.49395,TRHV_158,EL2_158,TRHV_157,EL2_157,TRHV_157
742,39210.49395,TRHV_158,EL2_158,TRHV_159,EL2_159,TRHV_159
743,39210.49395,TRHV_158,EL2_158,TRHV_141,EL2_141,TRHV_141
744,39210.49395,TRHV_159,EL2_159,TRHV_177,EL2_177,TRHV_177
745,39210.49395,TRHV_159,EL2_159,TRHV_158,EL2_158,TRHV_158
747,39210.49395,TRHV_159,EL2_159,TRHV_142,EL2_142,TRHV_142
776,39210.49395,KEEL00t00,KEEL2,TRHV_185,EL2_185,TRHV_185
789,39210.49395,KEEL00t00,KEEL2,TRHV_169,EL2_169,TRHV_169
794,39210.49395,TRHV_169,EL2_169,TRHV_170,EL2_170,TRHV_170
795,39210.49395,TRHV_169,EL2_169,TRHV_151,EL2_151,TRHV_151
797,39210.49395,TRHV_170,EL2_170,TRHV_169,EL2_169,TRHV_169
800,39210.49395,TRHV_170,EL2_170,TRHV_152,EL2_152,TRHV_152
802,39210.49395,KEEL00t00,KEEL2,TRHV_170,EL2_170,TRHV_170
806,39210.49395,KEEL00t00,KEEL2,TRHV_191,EL2_191,TRHV_191
815,39210.49395,KEEL00t00,KEEL2,TRHV_155,EL2_155,TRHV_155
819,39210.49395,KEEL00t00,KEEL2,TRHV_175,EL2_175,TRHV_175
820,39210.49395,KEEL00t00,KEEL2,TRHV_156,EL2_156,TRHV_156
821,39210.49395,TRHV_175,EL2_175,TRHV_194,EL2_194,TRHV_194
824,39210.49395,TRHV_175,EL2_175,TRHV_176,EL2_176,TRHV_176
825,39210.49395,TRHV_175,EL2_175,TRHV_157,EL2_157,TRHV_157
826,39210.49395,TRHV_176,EL2_176,TRHV_195,EL2_195,TRHV_195
827,39210.49395,TRHV_176,EL2_176,TRHV_175,EL2_175,TRHV_175
829,39210.49395,TRHV_176,EL2_176,TRHV_177,EL2_177,TRHV_177
830,39210.49395,TRHV_176,EL2_176,TRHV_158,EL2_158,TRHV_158
831,39210.49395,TRHV_177,EL2_177,TRHV_196,EL2_196,TRHV_196
832,39210.49395,TRHV_177,EL2_177,TRHV_176,EL2_176,TRHV_176
834,39210.49395,TRHV_177,EL2_177,TRHV_159,EL2_159,TRHV_159
893,39210.49395,KEEL00t00,KEEL2,TRHV_210,EL2_210,TRHV_210
898,39210.49395,TRHV_191,EL2_191,TRHV_211,EL2_211,TRHV_211
903,39210.49395,KEEL00t00,KEEL2,TRHV_212,EL2_212,TRHV_212
908,39210.49395,KEEL00t00,KEEL2,TRHV_213,EL2_213,TRHV_213
911,39210.49395,KEEL00t00,KEEL2,TRHV_194,EL2_194,TRHV_194
913,39210.49395,TRHV_194,EL2_194,TRHV_214,EL2_214,TRHV_214
916,39210.49395,TRHV_194,EL2_194,TRHV_195,EL2_195,TRHV_195
917,39210.49395,TRHV_194,EL2_194,TRHV_175,EL2_175,TRHV_175
919,39210.49395,TRHV_195,EL2_195,TRHV_194,EL2_194,TRHV_194
921,39210.49395,TRHV_195,EL2_195,TRHV_196,EL2_196,TRHV_196
922,39210.49395,TRHV_195,EL2_195,TRHV_176,EL2_176,TRHV_176
923,39210.49395,TRHV_196,EL2_196,TRHV_216,EL2_216,TRHV_216
924,39210.49395,TRHV_196,EL2_196,TRHV_195,EL2_195,TRHV_195
926,39210.49395,TRHV_196,EL2_196,TRHV_177,EL2_177,TRHV_177
990,39210.49395,TRHV_210,EL2_210,TRHV_230,EL2_230,TRHV_230
993,39210.49395,TRHV_210,EL2_210,TRHV_211,EL2_211,TRHV_211
995,39210.49395,TRHV_211,EL2_211,TRHV_231,EL2_231,TRHV_231
996,39210.49395,TRHV_211,EL2_211,TRHV_210,EL2_210,TRHV_210
998,39210.49395,TRHV_211,EL2_211,TRHV_212,EL2_212,TRHV_212
999,39210.49395,TRHV_211,EL2_211,TRHV_191,EL2_191,TRHV_191
1001,39210.49395,TRHV_212,EL2_212,TRHV_211,EL2_211,TRHV_211
1003,39210.49395,TRHV_212,EL2_212,TRHV_213,EL2_213,TRHV_213
1006,39210.49395,TRHV_213,EL2_213,TRHV_212,EL2_212,TRHV_212
1008,39210.49395,TRHV_213,EL2_213,TRHV_214,EL2_214,TRHV_214
1010,39210.49395,TRHV_214,EL2_214,TRHV_234,EL2_234,TRHV_234
1011,39210.49395,TRHV_214,EL2_214,TRHV_213,EL2_213,TRHV_213
1014,39210.49395,TRHV_214,EL2_214,TRHV_194,EL2_194,TRHV_194
1016,39210.49395,KEEL00t00,KEEL2,TRHV_214,EL2_214,TRHV_214
1018,39210.49395,KEEL00t00,KEEL2,TRHV_216,EL2_216,TRHV_216
1019,39210.49395,KEEL00t00,KEEL2,TRHV_195,EL2_195,TRHV_195
1020,39210.49395,TRHV_216,EL2_216,TRHV_236,EL2_236,TRHV_236
1023,39210.49395,TRHV_216,EL2_216,TRHV_196,EL2_196,TRHV_196
1086,39210.49395,KEEL00t00,KEEL2,TRHV_230,EL2_230,TRHV_230
1088,39210.49395,TRHV_230,EL2_230,TRHV_250,EL2_250,TRHV_250
1091,39210.49395,TRHV_230,EL2_230,TRHV_231,EL2_231,TRHV_231
1092,39210.49395,TRHV_230,EL2_230,TRHV_210,EL2_210,TRHV_210
1094,39210.49395,TRHV_231,EL2_231,TRHV_230,EL2_230,TRHV_230
1097,39210.49395,TRHV_231,EL2_231,TRHV_211,EL2_211,TRHV_211
1099,39210.49395,KEEL00t00,KEEL2,TRHV_231,EL2_231,TRHV_231
1106,39210.49395,KEEL00t00,KEEL2,TRHV_234,EL2_234,TRHV_234
1108,39210.49395,TRHV_234,EL2_234,TRHV_254,EL2_254,TRHV_254
1112,39210.49395,TRHV_234,EL2_234,TRHV_214,EL2_214,TRHV_214
1113,39210.49395,KEEL00t00,KEEL2,TRHV_255,EL2_255,TRHV_255
1116,39210.49395,KEEL00t00,KEEL2,TRHV_236,EL2_236,TRHV_236
1118,39210.49395,TRHV_236,EL2_236,TRHV_256,EL2_256,TRHV_256
1121,39210.49395,TRHV_236,EL2_236,TRHV_216,EL2_216,TRHV_216
1184,39210.49395,KEEL00t00,KEEL2,TRHV_250,EL2_250,TRHV_250
1190,39210.49395,TRHV_250,EL2_250,TRHV_230,EL2_230,TRHV_230
1196,39210.49395,KEEL00t00,KEEL2,TRHV_272,EL2_272,TRHV_272
1201,39210.49395,KEEL00t00,KEEL2,TRHV_273,EL2_273,TRHV_273
1204,39210.49395,KEEL00t00,KEEL2,TRHV_254,EL2_254,TRHV_254
1206,39210.49395,TRHV_254,EL2_254,TRHV_274,EL2_274,TRHV_274
1209,39210.49395,TRHV_254,EL2_254,TRHV_255,EL2_255,TRHV_255
1210,39210.49395,TRHV_254,EL2_254,TRHV_234,EL2_234,TRHV_234
1211,39210.49395,TRHV_255,EL2_255,TRHV_275,EL2_275,TRHV_275
1212,39210.49395,TRHV_255,EL2_255,TRHV_254,EL2_254,TRHV_254
1214,39210.49395,TRHV_255,EL2_255,TRHV_256,EL2_256,TRHV_256
1216,39210.49395,TRHV_256,EL2_256,TRHV_276,EL2_276,TRHV_276
1217,39210.49395,TRHV_256,EL2_256,TRHV_255,EL2_255,TRHV_255
1219,39210.49395,TRHV_256,EL2_256,TRHV_236,EL2_236,TRHV_236
1287,39210.49395,KEEL00t00,KEEL2,TRHV_289,EL2_289,TRHV_289
1292,39210.49395,TRHV_272,EL2_272,TRHV_290,EL2_290,TRHV_290
1295,39210.49395,TRHV_272,EL2_272,TRHV_273,EL2_273,TRHV_273
1298,39210.49395,TRHV_273,EL2_273,TRHV_272,EL2_272,TRHV_272
1300,39210.49395,TRHV_273,EL2_273,TRHV_274,EL2_274,TRHV_274
1303,39210.49395,TRHV_274,EL2_274,TRHV_273,EL2_273,TRHV_273
1305,39210.49395,TRHV_274,EL2_274,TRHV_275,EL2_275,TRHV_275
1306,39210.49395,TRHV_274,EL2_274,TRHV_254,EL2_254,TRHV_254
1307,39210.49395,TRHV_275,EL2_275,TRHV_293,EL2_293,TRHV_293
1308,39210.49395,TRHV_275,EL2_275,TRHV_274,EL2_274,TRHV_274
1310,39210.49395,TRHV_275,EL2_275,TRHV_276,EL2_276,TRHV_276
1311,39210.49395,TRHV_275,EL2_275,TRHV_255,EL2_255,TRHV_255
1312,39210.49395,TRHV_276,EL2_276,TRHV_294,EL2_294,TRHV_294
1313,39210.49395,TRHV_276,EL2_276,TRHV_275,EL2_275,TRHV_275
1315,39210.49395,TRHV_276,EL2_276,TRHV_256,EL2_256,TRHV_256
1319,39210.49395,KEEL00t00,KEEL2,TRHV_296,EL2_296,TRHV_296
1369,39210.49395,KEEL00t00,KEEL2,TRHV_306,EL2_306,TRHV_306
1374,39210.49395,TRHV_289,EL2_289,TRHV_307,EL2_307,TRHV_307
1377,39210.49395,TRHV_289,EL2_289,TRHV_290,EL2_290,TRHV_290
1379,39210.49395,TRHV_290,EL2_290,TRHV_308,EL2_308,TRHV_308
1380,39210.49395,TRHV_290,EL2_290,TRHV_289,EL2_289,TRHV_289
1383,39210.49395,TRHV_290,EL2_290,TRHV_272,EL2_272,TRHV_272
1384,39210.49395,KEEL00t00,KEEL2,TRHV_309,EL2_309,TRHV_309
1385,39210.49395,KEEL00t00,KEEL2,TRHV_290,EL2_290,TRHV_290
1392,39210.49395,KEEL00t00,KEEL2,TRHV_293,EL2_293,TRHV_293
1393,39210.49395,KEEL00t00,KEEL2,TRHV_274,EL2_274,TRHV_274
1394,39210.49395,TRHV_293,EL2_293,TRHV_311,EL2_311,TRHV_311
1397,39210.49395,TRHV_293,EL2_293,TRHV_294,EL2_294,TRHV_294
1398,39210.49395,TRHV_293,EL2_293,TRHV_275,EL2_275,TRHV_275
1399,39210.49395,TRHV_294,EL2_294,TRHV_312,EL2_312,TRHV_312
1400,39210.49395,TRHV_294,EL2_294,TRHV_293,EL2_293,TRHV_293
1402,39210.49395,TRHV_294,EL2_294,TRHV_295,EL2_295,TRHV_295
1403,39210.49395,TRHV_294,EL2_294,TRHV_276,EL2_276,TRHV_276
1404,39210.49395,TRHV_295,EL2_295,TRHV_313,EL2_313,TRHV_313
1405,39210.49395,TRHV_295,EL2_295,TRHV_294,EL2_294,TRHV_294
1454,39210.49395,TRHV_306,EL2_306,TRHV_323,EL2_323,TRHV_323
1457,39210.49395,TRHV_306,EL2_306,TRHV_307,EL2_307,TRHV_307
1459,39210.49395,TRHV_307,EL2_307,TRHV_324,EL2_324,TRHV_324
1460,39210.49395,TRHV_307,EL2_307,TRHV_306,EL2_306,TRHV_306
1462,39210.49395,TRHV_307,EL2_307,TRHV_308,EL2_308,TRHV_308
1463,39210.49395,TRHV_307,EL2_307,TRHV_289,EL2_289,TRHV_289
1464,39210.49395,TRHV_308,EL2_308,TRHV_325,EL2_325,TRHV_325
1465,39210.49395,TRHV_308,EL2_308,TRHV_307,EL2_307,TRHV_307
1467,39210.49395,TRHV_308,EL2_308,TRHV_309,EL2_309,TRHV_309
1468,39210.49395,TRHV_308,EL2_308,TRHV_290,EL2_290,TRHV_290
1469,39210.49395,TRHV_309,EL2_309,TRHV_326,EL2_326,TRHV_326
1470,39210.49395,TRHV_309,EL2_309,TRHV_308,EL2_308,TRHV_308
1477,39210.49395,KEEL00t00,KEEL2,TRHV_311,EL2_311,TRHV_311
1479,39210.49395,TRHV_311,EL2_311,TRHV_328,EL2_328,TRHV_328
1482,39210.49395,TRHV_311,EL2_311,TRHV_312,EL2_312,TRHV_312
1483,39210.49395,TRHV_311,EL2_311,TRHV_293,EL2_293,TRHV_293
1484,39210.49395,TRHV_312,EL2_312,TRHV_329,EL2_329,TRHV_329
1485,39210.49395,TRHV_312,EL2_312,TRHV_311,EL2_311,TRHV_311
1487,39210.49395,TRHV_312,EL2_312,TRHV_313,EL2_313,TRHV_313
1488,39210.49395,TRHV_312,EL2_312,TRHV_294,EL2_294,TRHV_294
1490,39210.49395,TRHV_313,EL2_313,TRHV_312,EL2_312,TRHV_312
1493,39210.49395,TRHV_313,EL2_313,TRHV_295,EL2_295,TRHV_295
1494,39210.49395,KEEL00t00,KEEL2,TRHV_313,EL2_313,TRHV_313
1531,39210.49395,KEEL00t00,KEEL2,TRHV_323,EL2_323,TRHV_323
1536,39210.49395,TRHV_323,EL2_323,TRHV_324,EL2_324,TRHV_324
1537,39210.49395,TRHV_323,EL2_323,TRHV_306,EL2_306,TRHV_306
1538,39210.49395,TRHV_324,EL2_324,TRHV_338,EL2_338,TRHV_338
1539,39210.49395,TRHV_324,EL2_324,TRHV_323,EL2_323,TRHV_323
1541,39210.49395,TRHV_324,EL2_324,TRHV_325,EL2_325,TRHV_325
1542,39210.49395,TRHV_324,EL2_324,TRHV_307,EL2_307,TRHV_307
1543,39210.49395,TRHV_325,EL2_325,TRHV_339,EL2_339,TRHV_339
1544,39210.49395,TRHV_325,EL2_325,TRHV_324,EL2_324,TRHV_324
1546,39210.49395,TRHV_325,EL2_325,TRHV_326,EL2_326,TRHV_326
1547,39210.49395,TRHV_325,EL2_325,TRHV_308,EL2_308,TRHV_308
1548,39210.49395,TRHV_326,EL2_326,TRHV_340,EL2_340,TRHV_340
1549,39210.49395,TRHV_326,EL2_326,TRHV_325,EL2_325,TRHV_325
1552,39210.49395,TRHV_326,EL2_326,TRHV_309,EL2_309,TRHV_309
1554,39210.49395,KEEL00t00,KEEL2,TRHV_326,EL2_326,TRHV_326
1556,39210.49395,KEEL00t00,KEEL2,TRHV_328,EL2_328,TRHV_328
1561,39210.49395,TRHV_328,EL2_328,TRHV_329,EL2_329,TRHV_329
1562,39210.49395,TRHV_328,EL2_328,TRHV_311,EL2_311,TRHV_311
1564,39210.49395,TRHV_329,EL2_329,TRHV_328,EL2_328,TRHV_328
1567,39210.49395,TRHV_329,EL2_329,TRHV_312,EL2_312,TRHV_312
1568,39210.49395,KEEL00t00,KEEL2,TRHV_329,EL2_329,TRHV_329
1601,39210.49395,TRHV_337,EL2_337,TRHV_338,EL2_338,TRHV_338
1602,39210.49395,TRHV_337,EL2_337,TRHV_323,EL2_323,TRHV_323
1603,39210.49395,TRHV_338,EL2_338,TRHV_349,EL2_349,TRHV_349
1606,39210.49395,TRHV_338,EL2_338,TRHV_339,EL2_339,TRHV_339
1607,39210.49395,TRHV_338,EL2_338,TRHV_324,EL2_324,TRHV_324
1608,39210.49395,TRHV_339,EL2_339,TRHV_350,EL2_350,TRHV_350
1609,39210.49395,TRHV_339,EL2_339,TRHV_338,EL2_338,TRHV_338
1611,39210.49395,TRHV_339,EL2_339,TRHV_340,EL2_340,TRHV_340
1612,39210.49395,TRHV_339,EL2_339,TRHV_325,EL2_325,TRHV_325
1613,39210.49395,TRHV_340,EL2_340,TRHV_351,EL2_351,TRHV_351
1614,39210.49395,TRHV_340,EL2_340,TRHV_339,EL2_339,TRHV_339
1617,39210.49395,TRHV_340,EL2_340,TRHV_326,EL2_326,TRHV_326
1619,39210.49395,KEEL00t00,KEEL2,TRHV_340,EL2_340,TRHV_340
1650,39210.49395,TRHV_348,EL2_348,TRHV_349,EL2_349,TRHV_349
1652,39210.49395,TRHV_349,EL2_349,TRHV_356,EL2_356,TRHV_356
1655,39210.49395,TRHV_349,EL2_349,TRHV_350,EL2_350,TRHV_350
1656,39210.49395,TRHV_349,EL2_349,TRHV_338,EL2_338,TRHV_338
1657,39210.49395,TRHV_350,EL2_350,TRHV_357,EL2_357,TRHV_357
1658,39210.49395,TRHV_350,EL2_350,TRHV_349,EL2_349,TRHV_349
1660,39210.49395,TRHV_350,EL2_350,TRHV_351,EL2_351,TRHV_351
1661,39210.49395,TRHV_350,EL2_350,TRHV_339,EL2_339,TRHV_339
1663,39210.49395,TRHV_351,EL2_351,TRHV_350,EL2_350,TRHV_350
1666,39210.49395,TRHV_351,EL2_351,TRHV_340,EL2_340,TRHV_340
1668,39210.49395,KEEL00t00,KEEL2,TRHV_351,EL2_351,TRHV_351
1683,39210.49395,KEEL00t00,KEEL2,TRHV_356,EL2_356,TRHV_356
1688,39210.49395,TRHV_356,EL2_356,TRHV_357,EL2_357,TRHV_357
1689,39210.49395,TRHV_356,EL2_356,TRHV_349,EL2_349,TRHV_349
1690,39210.49395,TRHV_357,EL2_357,TRHV_356,EL2_356,TRHV_356
1694,39210.49395,TRHV_357,EL2_357,TRHV_350,EL2_350,TRHV_350
1695,39210.49395,KEEL00t00,KEEL2,TRHV_357,EL2_357,TRHV_357
1738,39210.49395,KEEL00t00,KEEL2,TRHV_372,EL2_372,TRHV_372
1774,39209.99996,TRHV_377,EL2_377,TRHV_3,EL2_3,TRHV_3
1776,39210.4939,TRHV_377,EL2_377,TRHV_378,EL2_378,TRHV_378
1777,39209.99996,TRHV_378,EL2_378,TRHV_4,EL2_4,TRHV_4
1778,39210.4939,TRHV_378,EL2_378,TRHV_377,EL2_377,TRHV_377
