Technology,Fixed Cost
KEDSGEN_1,15
KEDSGEN_10,15
KEDSGEN_100,15
KEDSGEN_101,15
KEDSGEN_102,15
KEDSGEN_103,15
KEDSGEN_104,15
KEDSGEN_105,15
KEDSGEN_106,15
KEDSGEN_107,15
KEDSGEN_108,15
KEDSGEN_109,15
KEDSGEN_11,15
KEDSGEN_110,15
KEDSGEN_111,15
KEDSGEN_112,15
KEDSGEN_113,15
KEDSGEN_114,15
KEDSGEN_115,15
KEDSGEN_116,15
KEDSGEN_117,15
KEDSGEN_118,15
KEDSGEN_119,15
KEDSGEN_12,15
KEDSGEN_120,15
KEDSGEN_121,15
KEDSGEN_122,15
KEDSGEN_123,15
KEDSGEN_124,15
KEDSGEN_125,15
KEDSGEN_126,15
KEDSGEN_127,15
KEDSGEN_128,15
KEDSGEN_129,15
KEDSGEN_13,15
KEDSGEN_130,15
KEDSGEN_131,15
KEDSGEN_132,15
KEDSGEN_133,15
KEDSGEN_134,15
KEDSGEN_135,15
KEDSGEN_136,15
KEDSGEN_137,15
KEDSGEN_138,15
KEDSGEN_139,15
KEDSGEN_14,15
KEDSGEN_140,15
KEDSGEN_141,15
KEDSGEN_142,15
KEDSGEN_143,15
KEDSGEN_144,15
KEDSGEN_145,15
KEDSGEN_146,15
KEDSGEN_147,15
KEDSGEN_148,15
KEDSGEN_149,15
KEDSGEN_15,15
KEDSGEN_150,15
KEDSGEN_151,15
KEDSGEN_152,15
KEDSGEN_153,15
KEDSGEN_154,15
KEDSGEN_155,15
KEDSGEN_156,15
KEDSGEN_157,15
KEDSGEN_158,15
KEDSGEN_159,15
KEDSGEN_16,15
KEDSGEN_160,15
KEDSGEN_161,15
KEDSGEN_162,15
KEDSGEN_163,15
KEDSGEN_164,15
KEDSGEN_165,15
KEDSGEN_166,15
KEDSGEN_167,15
KEDSGEN_168,15
KEDSGEN_169,15
KEDSGEN_17,15
KEDSGEN_170,15
KEDSGEN_171,15
KEDSGEN_172,15
KEDSGEN_173,15
KEDSGEN_174,15
KEDSGEN_175,15
KEDSGEN_176,15
KEDSGEN_177,15
KEDSGEN_178,15
KEDSGEN_179,15
KEDSGEN_18,15
KEDSGEN_180,15
KEDSGEN_181,15
KEDSGEN_182,15
KEDSGEN_183,15
KEDSGEN_184,15
KEDSGEN_185,15
KEDSGEN_186,15
KEDSGEN_187,15
KEDSGEN_188,15
KEDSGEN_189,15
KEDSGEN_19,15
KEDSGEN_190,15
KEDSGEN_191,15
KEDSGEN_192,15
KEDSGEN_193,15
KEDSGEN_194,15
KEDSGEN_195,15
KEDSGEN_196,15
KEDSGEN_197,15
KEDSGEN_198,15
KEDSGEN_199,15
KEDSGEN_2,15
KEDSGEN_20,15
KEDSGEN_200,15
KEDSGEN_201,15
KEDSGEN_202,15
KEDSGEN_203,15
KEDSGEN_204,15
KEDSGEN_205,15
KEDSGEN_206,15
KEDSGEN_207,15
KEDSGEN_208,15
KEDSGEN_209,15
KEDSGEN_21,15
KEDSGEN_210,15
KEDSGEN_211,15
KEDSGEN_212,15
KEDSGEN_213,15
KEDSGEN_214,15
KEDSGEN_215,15
KEDSGEN_216,15
KEDSGEN_217,15
KEDSGEN_218,15
KEDSGEN_219,15
KEDSGEN_22,15
KEDSGEN_220,15
KEDSGEN_221,15
KEDSGEN_222,15
KEDSGEN_223,15
KEDSGEN_224,15
KEDSGEN_225,15
KEDSGEN_226,15
KEDSGEN_227,15
KEDSGEN_228,15
KEDSGEN_229,15
KEDSGEN_23,15
KEDSGEN_230,15
KEDSGEN_231,15
KEDSGEN_232,15
KEDSGEN_233,15
KEDSGEN_234,15
KEDSGEN_235,15
KEDSGEN_236,15
KEDSGEN_237,15
KEDSGEN_238,15
KEDSGEN_239,15
KEDSGEN_24,15
KEDSGEN_240,15
KEDSGEN_241,15
KEDSGEN_242,15
KEDSGEN_243,15
KEDSGEN_244,15
KEDSGEN_245,15
KEDSGEN_246,15
KEDSGEN_247,15
KEDSGEN_248,15
KEDSGEN_249,15
KEDSGEN_25,15
KEDSGEN_250,15
KEDSGEN_251,15
KEDSGEN_252,15
KEDSGEN_253,15
KEDSGEN_254,15
KEDSGEN_255,15
KEDSGEN_256,15
KEDSGEN_257,15
KEDSGEN_258,15
KEDSGEN_259,15
KEDSGEN_26,15
KEDSGEN_260,15
KEDSGEN_261,15
KEDSGEN_262,15
KEDSGEN_263,15
KEDSGEN_264,15
KEDSGEN_265,15
KEDSGEN_266,15
KEDSGEN_267,15
KEDSGEN_268,15
KEDSGEN_269,15
KEDSGEN_27,15
KEDSGEN_270,15
KEDSGEN_271,15
KEDSGEN_272,15
KEDSGEN_273,15
KEDSGEN_274,15
KEDSGEN_275,15
KEDSGEN_276,15
KEDSGEN_277,15
KEDSGEN_278,15
KEDSGEN_279,15
KEDSGEN_28,15
KEDSGEN_280,15
KEDSGEN_281,15
KEDSGEN_282,15
KEDSGEN_283,15
KEDSGEN_284,15
KEDSGEN_285,15
KEDSGEN_286,15
KEDSGEN_287,15
KEDSGEN_288,15
KEDSGEN_289,15
KEDSGEN_29,15
KEDSGEN_290,15
KEDSGEN_291,15
KEDSGEN_292,15
KEDSGEN_293,15
KEDSGEN_294,15
KEDSGEN_295,15
KEDSGEN_296,15
KEDSGEN_297,15
KEDSGEN_298,15
KEDSGEN_299,15
KEDSGEN_3,15
KEDSGEN_30,15
KEDSGEN_300,15
KEDSGEN_301,15
KEDSGEN_302,15
KEDSGEN_303,15
KEDSGEN_304,15
KEDSGEN_305,15
KEDSGEN_306,15
KEDSGEN_307,15
KEDSGEN_308,15
KEDSGEN_309,15
KEDSGEN_31,15
KEDSGEN_310,15
KEDSGEN_311,15
KEDSGEN_312,15
KEDSGEN_313,15
KEDSGEN_314,15
KEDSGEN_315,15
KEDSGEN_316,15
KEDSGEN_317,15
KEDSGEN_318,15
KEDSGEN_319,15
KEDSGEN_32,15
KEDSGEN_320,15
KEDSGEN_321,15
KEDSGEN_322,15
KEDSGEN_323,15
KEDSGEN_324,15
KEDSGEN_325,15
KEDSGEN_326,15
KEDSGEN_327,15
KEDSGEN_328,15
KEDSGEN_329,15
KEDSGEN_33,15
KEDSGEN_330,15
KEDSGEN_331,15
KEDSGEN_332,15
KEDSGEN_333,15
KEDSGEN_334,15
KEDSGEN_335,15
KEDSGEN_336,15
KEDSGEN_337,15
KEDSGEN_338,15
KEDSGEN_339,15
KEDSGEN_34,15
KEDSGEN_340,15
KEDSGEN_341,15
KEDSGEN_342,15
KEDSGEN_343,15
KEDSGEN_344,15
KEDSGEN_345,15
KEDSGEN_346,15
KEDSGEN_347,15
KEDSGEN_348,15
KEDSGEN_349,15
KEDSGEN_35,15
KEDSGEN_350,15
KEDSGEN_351,15
KEDSGEN_352,15
KEDSGEN_353,15
KEDSGEN_354,15
KEDSGEN_355,15
KEDSGEN_356,15
KEDSGEN_357,15
KEDSGEN_358,15
KEDSGEN_359,15
KEDSGEN_36,15
KEDSGEN_360,15
KEDSGEN_361,15
KEDSGEN_362,15
KEDSGEN_363,15
KEDSGEN_364,15
KEDSGEN_365,15
KEDSGEN_366,15
KEDSGEN_367,15
KEDSGEN_368,15
KEDSGEN_369,15
KEDSGEN_37,15
KEDSGEN_370,15
KEDSGEN_371,15
KEDSGEN_372,15
KEDSGEN_373,15
KEDSGEN_374,15
KEDSGEN_375,15
KEDSGEN_376,15
KEDSGEN_377,15
KEDSGEN_378,15
KEDSGEN_38,15
KEDSGEN_39,15
KEDSGEN_4,15
KEDSGEN_40,15
KEDSGEN_41,15
KEDSGEN_42,15
KEDSGEN_43,15
KEDSGEN_44,15
KEDSGEN_45,15
KEDSGEN_46,15
KEDSGEN_47,15
KEDSGEN_48,15
KEDSGEN_49,15
KEDSGEN_5,15
KEDSGEN_50,15
KEDSGEN_51,15
KEDSGEN_52,15
KEDSGEN_53,15
KEDSGEN_54,15
KEDSGEN_55,15
KEDSGEN_56,15
KEDSGEN_57,15
KEDSGEN_58,15
KEDSGEN_59,15
KEDSGEN_6,15
KEDSGEN_60,15
KEDSGEN_61,15
KEDSGEN_62,15
KEDSGEN_63,15
KEDSGEN_64,15
KEDSGEN_65,15
KEDSGEN_66,15
KEDSGEN_67,15
KEDSGEN_68,15
KEDSGEN_69,15
KEDSGEN_7,15
KEDSGEN_70,15
KEDSGEN_71,15
KEDSGEN_72,15
KEDSGEN_73,15
KEDSGEN_74,15
KEDSGEN_75,15
KEDSGEN_76,15
KEDSGEN_77,15
KEDSGEN_78,15
KEDSGEN_79,15
KEDSGEN_8,15
KEDSGEN_80,15
KEDSGEN_81,15
KEDSGEN_82,15
KEDSGEN_83,15
KEDSGEN_84,15
KEDSGEN_85,15
KEDSGEN_86,15
KEDSGEN_87,15
KEDSGEN_88,15
KEDSGEN_89,15
KEDSGEN_9,15
KEDSGEN_90,15
KEDSGEN_91,15
KEDSGEN_92,15
KEDSGEN_93,15
KEDSGEN_94,15
KEDSGEN_95,15
KEDSGEN_96,15
KEDSGEN_97,15
KEDSGEN_98,15
KEDSGEN_99,15
SOMG_1,13
SOMG_10,13
SOMG_100,13
SOMG_101,13
SOMG_102,13
SOMG_103,13
SOMG_104,13
SOMG_105,13
SOMG_106,13
SOMG_107,13
SOMG_108,13
SOMG_109,13
SOMG_11,13
SOMG_110,13
SOMG_111,13
SOMG_112,13
SOMG_113,13
SOMG_114,13
SOMG_115,13
SOMG_116,13
SOMG_117,13
SOMG_118,13
SOMG_119,13
SOMG_12,13
SOMG_120,13
SOMG_121,13
SOMG_122,13
SOMG_123,13
SOMG_124,13
SOMG_125,13
SOMG_126,13
SOMG_127,13
SOMG_128,13
SOMG_129,13
SOMG_13,13
SOMG_130,13
SOMG_131,13
SOMG_132,13
SOMG_133,13
SOMG_134,13
SOMG_135,13
SOMG_136,13
SOMG_137,13
SOMG_138,13
SOMG_139,13
SOMG_14,13
SOMG_140,13
SOMG_141,13
SOMG_142,13
SOMG_143,13
SOMG_144,13
SOMG_145,13
SOMG_146,13
SOMG_147,13
SOMG_148,13
SOMG_149,13
SOMG_15,13
SOMG_150,13
SOMG_151,13
SOMG_152,13
SOMG_153,13
SOMG_154,13
SOMG_155,13
SOMG_156,13
SOMG_157,13
SOMG_158,13
SOMG_159,13
SOMG_16,13
SOMG_160,13
SOMG_161,13
SOMG_162,13
SOMG_163,13
SOMG_164,13
SOMG_165,13
SOMG_166,13
SOMG_167,13
SOMG_168,13
SOMG_169,13
SOMG_17,13
SOMG_170,13
SOMG_171,13
SOMG_172,13
SOMG_173,13
SOMG_174,13
SOMG_175,13
SOMG_176,13
SOMG_177,13
SOMG_178,13
SOMG_179,13
SOMG_18,13
SOMG_180,13
SOMG_181,13
SOMG_182,13
SOMG_183,13
SOMG_184,13
SOMG_185,13
SOMG_186,13
SOMG_187,13
SOMG_188,13
SOMG_189,13
SOMG_19,13
SOMG_190,13
SOMG_191,13
SOMG_192,13
SOMG_193,13
SOMG_194,13
SOMG_195,13
SOMG_196,13
SOMG_197,13
SOMG_198,13
SOMG_199,13
SOMG_2,13
SOMG_20,13
SOMG_200,13
SOMG_201,13
SOMG_202,13
SOMG_203,13
SOMG_204,13
SOMG_205,13
SOMG_206,13
SOMG_207,13
SOMG_208,13
SOMG_209,13
SOMG_21,13
SOMG_210,13
SOMG_211,13
SOMG_212,13
SOMG_213,13
SOMG_214,13
SOMG_215,13
SOMG_216,13
SOMG_217,13
SOMG_218,13
SOMG_219,13
SOMG_22,13
SOMG_220,13
SOMG_221,13
SOMG_222,13
SOMG_223,13
SOMG_224,13
SOMG_225,13
SOMG_226,13
SOMG_227,13
SOMG_228,13
SOMG_229,13
SOMG_23,13
SOMG_230,13
SOMG_231,13
SOMG_232,13
SOMG_233,13
SOMG_234,13
SOMG_235,13
SOMG_236,13
SOMG_237,13
SOMG_238,13
SOMG_239,13
SOMG_24,13
SOMG_240,13
SOMG_241,13
SOMG_242,13
SOMG_243,13
SOMG_244,13
SOMG_245,13
SOMG_246,13
SOMG_247,13
SOMG_248,13
SOMG_249,13
SOMG_25,13
SOMG_250,13
SOMG_251,13
SOMG_252,13
SOMG_253,13
SOMG_254,13
SOMG_255,13
SOMG_256,13
SOMG_257,13
SOMG_258,13
SOMG_259,13
SOMG_26,13
SOMG_260,13
SOMG_261,13
SOMG_262,13
SOMG_263,13
SOMG_264,13
SOMG_265,13
SOMG_266,13
SOMG_267,13
SOMG_268,13
SOMG_269,13
SOMG_27,13
SOMG_270,13
SOMG_271,13
SOMG_272,13
SOMG_273,13
SOMG_274,13
SOMG_275,13
SOMG_276,13
SOMG_277,13
SOMG_278,13
SOMG_279,13
SOMG_28,13
SOMG_280,13
SOMG_281,13
SOMG_282,13
SOMG_283,13
SOMG_284,13
SOMG_285,13
SOMG_286,13
SOMG_287,13
SOMG_288,13
SOMG_289,13
SOMG_29,13
SOMG_290,13
SOMG_291,13
SOMG_292,13
SOMG_293,13
SOMG_294,13
SOMG_295,13
SOMG_296,13
SOMG_297,13
SOMG_298,13
SOMG_299,13
SOMG_3,13
SOMG_30,13
SOMG_300,13
SOMG_301,13
SOMG_302,13
SOMG_303,13
SOMG_304,13
SOMG_305,13
SOMG_306,13
SOMG_307,13
SOMG_308,13
SOMG_309,13
SOMG_31,13
SOMG_310,13
SOMG_311,13
SOMG_312,13
SOMG_313,13
SOMG_314,13
SOMG_315,13
SOMG_316,13
SOMG_317,13
SOMG_318,13
SOMG_319,13
SOMG_32,13
SOMG_320,13
SOMG_321,13
SOMG_322,13
SOMG_323,13
SOMG_324,13
SOMG_325,13
SOMG_326,13
SOMG_327,13
SOMG_328,13
SOMG_329,13
SOMG_33,13
SOMG_330,13
SOMG_331,13
SOMG_332,13
SOMG_333,13
SOMG_334,13
SOMG_335,13
SOMG_336,13
SOMG_337,13
SOMG_338,13
SOMG_339,13
SOMG_34,13
SOMG_340,13
SOMG_341,13
SOMG_342,13
SOMG_343,13
SOMG_344,13
SOMG_345,13
SOMG_346,13
SOMG_347,13
SOMG_348,13
SOMG_349,13
SOMG_35,13
SOMG_350,13
SOMG_351,13
SOMG_352,13
SOMG_353,13
SOMG_354,13
SOMG_355,13
SOMG_356,13
SOMG_357,13
SOMG_358,13
SOMG_359,13
SOMG_36,13
SOMG_360,13
SOMG_361,13
SOMG_362,13
SOMG_363,13
SOMG_364,13
SOMG_365,13
SOMG_366,13
SOMG_367,13
SOMG_368,13
SOMG_369,13
SOMG_37,13
SOMG_370,13
SOMG_371,13
SOMG_372,13
SOMG_373,13
SOMG_374,13
SOMG_375,13
SOMG_376,13
SOMG_377,13
SOMG_378,13
SOMG_38,13
SOMG_39,13
SOMG_4,13
SOMG_40,13
SOMG_41,13
SOMG_42,13
SOMG_43,13
SOMG_44,13
SOMG_45,13
SOMG_46,13
SOMG_47,13
SOMG_48,13
SOMG_49,13
SOMG_5,13
SOMG_50,13
SOMG_51,13
SOMG_52,13
SOMG_53,13
SOMG_54,13
SOMG_55,13
SOMG_56,13
SOMG_57,13
SOMG_58,13
SOMG_59,13
SOMG_6,13
SOMG_60,13
SOMG_61,13
SOMG_62,13
SOMG_63,13
SOMG_64,13
SOMG_65,13
SOMG_66,13
SOMG_67,13
SOMG_68,13
SOMG_69,13
SOMG_7,13
SOMG_70,13
SOMG_71,13
SOMG_72,13
SOMG_73,13
SOMG_74,13
SOMG_75,13
SOMG_76,13
SOMG_77,13
SOMG_78,13
SOMG_79,13
SOMG_8,13
SOMG_80,13
SOMG_81,13
SOMG_82,13
SOMG_83,13
SOMG_84,13
SOMG_85,13
SOMG_86,13
SOMG_87,13
SOMG_88,13
SOMG_89,13
SOMG_9,13
SOMG_90,13
SOMG_91,13
SOMG_92,13
SOMG_93,13
SOMG_94,13
SOMG_95,13
SOMG_96,13
SOMG_97,13
SOMG_98,13
SOMG_99,13
SOMG4h_1,95
SOMG4h_10,95
SOMG4h_100,95
SOMG4h_101,95
SOMG4h_102,95
SOMG4h_103,95
SOMG4h_104,95
SOMG4h_105,95
SOMG4h_106,95
SOMG4h_107,95
SOMG4h_108,95
SOMG4h_109,95
SOMG4h_11,95
SOMG4h_110,95
SOMG4h_111,95
SOMG4h_112,95
SOMG4h_113,95
SOMG4h_114,95
SOMG4h_115,95
SOMG4h_116,95
SOMG4h_117,95
SOMG4h_118,95
SOMG4h_119,95
SOMG4h_12,95
SOMG4h_120,95
SOMG4h_121,95
SOMG4h_122,95
SOMG4h_123,95
SOMG4h_124,95
SOMG4h_125,95
SOMG4h_126,95
SOMG4h_127,95
SOMG4h_128,95
SOMG4h_129,95
SOMG4h_13,95
SOMG4h_130,95
SOMG4h_131,95
SOMG4h_132,95
SOMG4h_133,95
SOMG4h_134,95
SOMG4h_135,95
SOMG4h_136,95
SOMG4h_137,95
SOMG4h_138,95
SOMG4h_139,95
SOMG4h_14,95
SOMG4h_140,95
SOMG4h_141,95
SOMG4h_142,95
SOMG4h_143,95
SOMG4h_144,95
SOMG4h_145,95
SOMG4h_146,95
SOMG4h_147,95
SOMG4h_148,95
SOMG4h_149,95
SOMG4h_15,95
SOMG4h_150,95
SOMG4h_151,95
SOMG4h_152,95
SOMG4h_153,95
SOMG4h_154,95
SOMG4h_155,95
SOMG4h_156,95
SOMG4h_157,95
SOMG4h_158,95
SOMG4h_159,95
SOMG4h_16,95
SOMG4h_160,95
SOMG4h_161,95
SOMG4h_162,95
SOMG4h_163,95
SOMG4h_164,95
SOMG4h_165,95
SOMG4h_166,95
SOMG4h_167,95
SOMG4h_168,95
SOMG4h_169,95
SOMG4h_17,95
SOMG4h_170,95
SOMG4h_171,95
SOMG4h_172,95
SOMG4h_173,95
SOMG4h_174,95
SOMG4h_175,95
SOMG4h_176,95
SOMG4h_177,95
SOMG4h_178,95
SOMG4h_179,95
SOMG4h_18,95
SOMG4h_180,95
SOMG4h_181,95
SOMG4h_182,95
SOMG4h_183,95
SOMG4h_184,95
SOMG4h_185,95
SOMG4h_186,95
SOMG4h_187,95
SOMG4h_188,95
SOMG4h_189,95
SOMG4h_19,95
SOMG4h_190,95
SOMG4h_191,95
SOMG4h_192,95
SOMG4h_193,95
SOMG4h_194,95
SOMG4h_195,95
SOMG4h_196,95
SOMG4h_197,95
SOMG4h_198,95
SOMG4h_199,95
SOMG4h_2,95
SOMG4h_20,95
SOMG4h_200,95
SOMG4h_201,95
SOMG4h_202,95
SOMG4h_203,95
SOMG4h_204,95
SOMG4h_205,95
SOMG4h_206,95
SOMG4h_207,95
SOMG4h_208,95
SOMG4h_209,95
SOMG4h_21,95
SOMG4h_210,95
SOMG4h_211,95
SOMG4h_212,95
SOMG4h_213,95
SOMG4h_214,95
SOMG4h_215,95
SOMG4h_216,95
SOMG4h_217,95
SOMG4h_218,95
SOMG4h_219,95
SOMG4h_22,95
SOMG4h_220,95
SOMG4h_221,95
SOMG4h_222,95
SOMG4h_223,95
SOMG4h_224,95
SOMG4h_225,95
SOMG4h_226,95
SOMG4h_227,95
SOMG4h_228,95
SOMG4h_229,95
SOMG4h_23,95
SOMG4h_230,95
SOMG4h_231,95
SOMG4h_232,95
SOMG4h_233,95
SOMG4h_234,95
SOMG4h_235,95
SOMG4h_236,95
SOMG4h_237,95
SOMG4h_238,95
SOMG4h_239,95
SOMG4h_24,95
SOMG4h_240,95
SOMG4h_241,95
SOMG4h_242,95
SOMG4h_243,95
SOMG4h_244,95
SOMG4h_245,95
SOMG4h_246,95
SOMG4h_247,95
SOMG4h_248,95
SOMG4h_249,95
SOMG4h_25,95
SOMG4h_250,95
SOMG4h_251,95
SOMG4h_252,95
SOMG4h_253,95
SOMG4h_254,95
SOMG4h_255,95
SOMG4h_256,95
SOMG4h_257,95
SOMG4h_258,95
SOMG4h_259,95
SOMG4h_26,95
SOMG4h_260,95
SOMG4h_261,95
SOMG4h_262,95
SOMG4h_263,95
SOMG4h_264,95
SOMG4h_265,95
SOMG4h_266,95
SOMG4h_267,95
SOMG4h_268,95
SOMG4h_269,95
SOMG4h_27,95
SOMG4h_270,95
SOMG4h_271,95
SOMG4h_272,95
SOMG4h_273,95
SOMG4h_274,95
SOMG4h_275,95
SOMG4h_276,95
SOMG4h_277,95
SOMG4h_278,95
SOMG4h_279,95
SOMG4h_28,95
SOMG4h_280,95
SOMG4h_281,95
SOMG4h_282,95
SOMG4h_283,95
SOMG4h_284,95
SOMG4h_285,95
SOMG4h_286,95
SOMG4h_287,95
SOMG4h_288,95
SOMG4h_289,95
SOMG4h_29,95
SOMG4h_290,95
SOMG4h_291,95
SOMG4h_292,95
SOMG4h_293,95
SOMG4h_294,95
SOMG4h_295,95
SOMG4h_296,95
SOMG4h_297,95
SOMG4h_298,95
SOMG4h_299,95
SOMG4h_3,95
SOMG4h_30,95
SOMG4h_300,95
SOMG4h_301,95
SOMG4h_302,95
SOMG4h_303,95
SOMG4h_304,95
SOMG4h_305,95
SOMG4h_306,95
SOMG4h_307,95
SOMG4h_308,95
SOMG4h_309,95
SOMG4h_31,95
SOMG4h_310,95
SOMG4h_311,95
SOMG4h_312,95
SOMG4h_313,95
SOMG4h_314,95
SOMG4h_315,95
SOMG4h_316,95
SOMG4h_317,95
SOMG4h_318,95
SOMG4h_319,95
SOMG4h_32,95
SOMG4h_320,95
SOMG4h_321,95
SOMG4h_322,95
SOMG4h_323,95
SOMG4h_324,95
SOMG4h_325,95
SOMG4h_326,95
SOMG4h_327,95
SOMG4h_328,95
SOMG4h_329,95
SOMG4h_33,95
SOMG4h_330,95
SOMG4h_331,95
SOMG4h_332,95
SOMG4h_333,95
SOMG4h_334,95
SOMG4h_335,95
SOMG4h_336,95
SOMG4h_337,95
SOMG4h_338,95
SOMG4h_339,95
SOMG4h_34,95
SOMG4h_340,95
SOMG4h_341,95
SOMG4h_342,95
SOMG4h_343,95
SOMG4h_344,95
SOMG4h_345,95
SOMG4h_346,95
SOMG4h_347,95
SOMG4h_348,95
SOMG4h_349,95
SOMG4h_35,95
SOMG4h_350,95
SOMG4h_351,95
SOMG4h_352,95
SOMG4h_353,95
SOMG4h_354,95
SOMG4h_355,95
SOMG4h_356,95
SOMG4h_357,95
SOMG4h_358,95
SOMG4h_359,95
SOMG4h_36,95
SOMG4h_360,95
SOMG4h_361,95
SOMG4h_362,95
SOMG4h_363,95
SOMG4h_364,95
SOMG4h_365,95
SOMG4h_366,95
SOMG4h_367,95
SOMG4h_368,95
SOMG4h_369,95
SOMG4h_37,95
SOMG4h_370,95
SOMG4h_371,95
SOMG4h_372,95
SOMG4h_373,95
SOMG4h_374,95
SOMG4h_375,95
SOMG4h_376,95
SOMG4h_377,95
SOMG4h_378,95
SOMG4h_38,95
SOMG4h_39,95
SOMG4h_4,95
SOMG4h_40,95
SOMG4h_41,95
SOMG4h_42,95
SOMG4h_43,95
SOMG4h_44,95
SOMG4h_45,95
SOMG4h_46,95
SOMG4h_47,95
SOMG4h_48,95
SOMG4h_49,95
SOMG4h_5,95
SOMG4h_50,95
SOMG4h_51,95
SOMG4h_52,95
SOMG4h_53,95
SOMG4h_54,95
SOMG4h_55,95
SOMG4h_56,95
SOMG4h_57,95
SOMG4h_58,95
SOMG4h_59,95
SOMG4h_6,95
SOMG4h_60,95
SOMG4h_61,95
SOMG4h_62,95
SOMG4h_63,95
SOMG4h_64,95
SOMG4h_65,95
SOMG4h_66,95
SOMG4h_67,95
SOMG4h_68,95
SOMG4h_69,95
SOMG4h_7,95
SOMG4h_70,95
SOMG4h_71,95
SOMG4h_72,95
SOMG4h_73,95
SOMG4h_74,95
SOMG4h_75,95
SOMG4h_76,95
SOMG4h_77,95
SOMG4h_78,95
SOMG4h_79,95
SOMG4h_8,95
SOMG4h_80,95
SOMG4h_81,95
SOMG4h_82,95
SOMG4h_83,95
SOMG4h_84,95
SOMG4h_85,95
SOMG4h_86,95
SOMG4h_87,95
SOMG4h_88,95
SOMG4h_89,95
SOMG4h_9,95
SOMG4h_90,95
SOMG4h_91,95
SOMG4h_92,95
SOMG4h_93,95
SOMG4h_94,95
SOMG4h_95,95
SOMG4h_96,95
SOMG4h_97,95
SOMG4h_98,95
SOMG4h_99,95
SOPV_1_0,18
SOPV_1_1,18
SOPV_10_0,18
SOPV_100_0,18
SOPV_100_1,18
SOPV_101_0,18
SOPV_103_0,18
SOPV_104_0,18
SOPV_105_0,18
SOPV_105_1,18
SOPV_106_0,18
SOPV_106_1,18
SOPV_107_0,18
SOPV_108_0,18
SOPV_108_1,18
SOPV_109_0,18
SOPV_109_1,18
SOPV_11_0,18
SOPV_11_1,18
SOPV_110_0,18
SOPV_110_1,18
SOPV_111_0,18
SOPV_112_0,18
SOPV_112_1,18
SOPV_113_0,18
SOPV_114_0,18
SOPV_114_1,18
SOPV_115_0,18
SOPV_116_0,18
SOPV_116_1,18
SOPV_117_0,18
SOPV_117_1,18
SOPV_118_0,18
SOPV_119_0,18
SOPV_12_0,18
SOPV_120_0,18
SOPV_120_1,18
SOPV_121_0,18
SOPV_122_0,18
SOPV_122_1,18
SOPV_123_0,18
SOPV_123_1,18
SOPV_124_0,18
SOPV_125_0,18
SOPV_126_0,18
SOPV_126_1,18
SOPV_127_0,18
SOPV_127_1,18
SOPV_128_0,18
SOPV_129_0,18
SOPV_13_0,18
SOPV_130_0,18
SOPV_131_0,18
SOPV_131_1,18
SOPV_132_0,18
SOPV_133_0,18
SOPV_134_0,18
SOPV_134_1,18
SOPV_135_0,18
SOPV_136_0,18
SOPV_137_0,18
SOPV_138_0,18
SOPV_139_0,18
SOPV_14_0,18
SOPV_140_0,18
SOPV_140_1,18
SOPV_141_0,18
SOPV_142_0,18
SOPV_143_0,18
SOPV_143_1,18
SOPV_144_0,18
SOPV_144_1,18
SOPV_145_0,18
SOPV_145_1,18
SOPV_146_0,18
SOPV_147_0,18
SOPV_147_1,18
SOPV_148_0,18
SOPV_148_1,18
SOPV_149_0,18
SOPV_149_1,18
SOPV_15_0,18
SOPV_150_0,18
SOPV_151_0,18
SOPV_152_0,18
SOPV_153_0,18
SOPV_153_1,18
SOPV_154_0,18
SOPV_155_0,18
SOPV_156_0,18
SOPV_157_0,18
SOPV_158_0,18
SOPV_159_0,18
SOPV_16_0,18
SOPV_16_1,18
SOPV_160_0,18
SOPV_160_1,18
SOPV_161_0,18
SOPV_161_1,18
SOPV_162_0,18
SOPV_162_1,18
SOPV_163_0,18
SOPV_163_1,18
SOPV_164_0,18
SOPV_164_1,18
SOPV_165_0,18
SOPV_165_1,18
SOPV_166_0,18
SOPV_166_1,18
SOPV_167_0,18
SOPV_167_1,18
SOPV_168_0,18
SOPV_168_1,18
SOPV_169_0,18
SOPV_17_0,18
SOPV_17_1,18
SOPV_170_0,18
SOPV_171_0,18
SOPV_171_1,18
SOPV_172_0,18
SOPV_172_1,18
SOPV_173_0,18
SOPV_173_1,18
SOPV_174_0,18
SOPV_174_1,18
SOPV_175_0,18
SOPV_176_0,18
SOPV_177_0,18
SOPV_178_0,18
SOPV_178_1,18
SOPV_179_0,18
SOPV_179_1,18
SOPV_18_0,18
SOPV_180_0,18
SOPV_180_1,18
SOPV_181_0,18
SOPV_181_1,18
SOPV_182_0,18
SOPV_182_1,18
SOPV_183_0,18
SOPV_183_1,18
SOPV_184_0,18
SOPV_184_1,18
SOPV_185_0,18
SOPV_185_1,18
SOPV_186_0,18
SOPV_186_1,18
SOPV_187_0,18
SOPV_187_1,18
SOPV_188_0,18
SOPV_188_1,18
SOPV_189_0,18
SOPV_189_1,18
SOPV_19_0,18
SOPV_190_0,18
SOPV_190_1,18
SOPV_191_0,18
SOPV_192_0,18
SOPV_192_1,18
SOPV_193_0,18
SOPV_193_1,18
SOPV_194_0,18
SOPV_195_0,18
SOPV_196_0,18
SOPV_197_0,18
SOPV_197_1,18
SOPV_198_0,18
SOPV_198_1,18
SOPV_199_0,18
SOPV_199_1,18
SOPV_2_0,18
SOPV_20_0,18
SOPV_20_1,18
SOPV_200_0,18
SOPV_200_1,18
SOPV_201_0,18
SOPV_201_1,18
SOPV_202_0,18
SOPV_202_1,18
SOPV_203_0,18
SOPV_203_1,18
SOPV_204_0,18
SOPV_204_1,18
SOPV_205_0,18
SOPV_205_1,18
SOPV_206_0,18
SOPV_206_1,18
SOPV_207_0,18
SOPV_207_1,18
SOPV_208_0,18
SOPV_208_1,18
SOPV_209_0,18
SOPV_209_1,18
SOPV_21_0,18
SOPV_21_1,18
SOPV_210_0,18
SOPV_211_0,18
SOPV_212_0,18
SOPV_213_0,18
SOPV_214_0,18
SOPV_215_0,18
SOPV_215_1,18
SOPV_216_0,18
SOPV_216_1,18
SOPV_217_0,18
SOPV_217_1,18
SOPV_218_0,18
SOPV_218_1,18
SOPV_219_0,18
SOPV_219_1,18
SOPV_22_0,18
SOPV_220_0,18
SOPV_220_1,18
SOPV_221_0,18
SOPV_221_1,18
SOPV_222_0,18
SOPV_222_1,18
SOPV_223_0,18
SOPV_223_1,18
SOPV_224_0,18
SOPV_224_1,18
SOPV_225_0,18
SOPV_225_1,18
SOPV_226_0,18
SOPV_226_1,18
SOPV_227_0,18
SOPV_227_1,18
SOPV_228_0,18
SOPV_228_1,18
SOPV_229_0,18
SOPV_229_1,18
SOPV_23_0,18
SOPV_230_0,18
SOPV_231_0,18
SOPV_232_0,18
SOPV_232_1,18
SOPV_233_0,18
SOPV_233_1,18
SOPV_234_0,18
SOPV_235_0,18
SOPV_235_1,18
SOPV_236_0,18
SOPV_237_0,18
SOPV_237_1,18
SOPV_238_0,18
SOPV_238_1,18
SOPV_239_0,18
SOPV_239_1,18
SOPV_24_0,18
SOPV_240_0,18
SOPV_240_1,18
SOPV_241_0,18
SOPV_241_1,18
SOPV_242_0,18
SOPV_242_1,18
SOPV_243_0,18
SOPV_243_1,18
SOPV_244_0,18
SOPV_244_1,18
SOPV_245_0,18
SOPV_245_1,18
SOPV_246_0,18
SOPV_246_1,18
SOPV_247_0,18
SOPV_247_1,18
SOPV_248_0,18
SOPV_248_1,18
SOPV_249_0,18
SOPV_249_1,18
SOPV_25_0,18
SOPV_250_0,18
SOPV_251_0,18
SOPV_251_1,18
SOPV_252_0,18
SOPV_252_1,18
SOPV_253_0,18
SOPV_253_1,18
SOPV_254_0,18
SOPV_255_0,18
SOPV_256_0,18
SOPV_257_0,18
SOPV_257_1,18
SOPV_258_0,18
SOPV_258_1,18
SOPV_259_0,18
SOPV_259_1,18
SOPV_26_0,18
SOPV_260_0,18
SOPV_260_1,18
SOPV_261_0,18
SOPV_261_1,18
SOPV_262_0,18
SOPV_262_1,18
SOPV_263_0,18
SOPV_263_1,18
SOPV_264_0,18
SOPV_264_1,18
SOPV_265_0,18
SOPV_265_1,18
SOPV_266_0,18
SOPV_266_1,18
SOPV_267_0,18
SOPV_267_1,18
SOPV_268_0,18
SOPV_268_1,18
SOPV_269_0,18
SOPV_269_1,18
SOPV_27_0,18
SOPV_270_0,18
SOPV_270_1,18
SOPV_271_0,18
SOPV_271_1,18
SOPV_272_0,18
SOPV_273_0,18
SOPV_274_0,18
SOPV_275_0,18
SOPV_276_0,18
SOPV_277_0,18
SOPV_277_1,18
SOPV_278_0,18
SOPV_278_1,18
SOPV_279_0,18
SOPV_279_1,18
SOPV_28_0,18
SOPV_280_0,18
SOPV_280_1,18
SOPV_281_0,18
SOPV_281_1,18
SOPV_282_0,18
SOPV_282_1,18
SOPV_283_0,18
SOPV_283_1,18
SOPV_284_0,18
SOPV_284_1,18
SOPV_285_0,18
SOPV_285_1,18
SOPV_286_0,18
SOPV_286_1,18
SOPV_287_0,18
SOPV_287_1,18
SOPV_288_0,18
SOPV_288_1,18
SOPV_289_0,18
SOPV_29_0,18
SOPV_290_0,18
SOPV_291_0,18
SOPV_291_1,18
SOPV_292_0,18
SOPV_292_1,18
SOPV_293_0,18
SOPV_294_0,18
SOPV_295_0,18
SOPV_296_0,18
SOPV_297_0,18
SOPV_297_1,18
SOPV_298_0,18
SOPV_298_1,18
SOPV_299_0,18
SOPV_299_1,18
SOPV_3_0,18
SOPV_30_0,18
SOPV_300_0,18
SOPV_300_1,18
SOPV_301_0,18
SOPV_301_1,18
SOPV_302_0,18
SOPV_302_1,18
SOPV_303_0,18
SOPV_303_1,18
SOPV_304_0,18
SOPV_304_1,18
SOPV_305_0,18
SOPV_305_1,18
SOPV_306_0,18
SOPV_307_0,18
SOPV_308_0,18
SOPV_309_0,18
SOPV_31_0,18
SOPV_310_0,18
SOPV_310_1,18
SOPV_311_0,18
SOPV_312_0,18
SOPV_313_0,18
SOPV_314_0,18
SOPV_314_1,18
SOPV_315_0,18
SOPV_315_1,18
SOPV_316_0,18
SOPV_316_1,18
SOPV_317_0,18
SOPV_317_1,18
SOPV_318_0,18
SOPV_318_1,18
SOPV_319_0,18
SOPV_319_1,18
SOPV_32_0,18
SOPV_32_1,18
SOPV_320_0,18
SOPV_320_1,18
SOPV_321_0,18
SOPV_321_1,18
SOPV_322_0,18
SOPV_322_1,18
SOPV_323_0,18
SOPV_324_0,18
SOPV_325_0,18
SOPV_326_0,18
SOPV_327_0,18
SOPV_327_1,18
SOPV_328_0,18
SOPV_329_0,18
SOPV_33_0,18
SOPV_33_1,18
SOPV_330_0,18
SOPV_330_1,18
SOPV_331_0,18
SOPV_331_1,18
SOPV_332_0,18
SOPV_332_1,18
SOPV_333_0,18
SOPV_333_1,18
SOPV_334_0,18
SOPV_334_1,18
SOPV_335_0,18
SOPV_335_1,18
SOPV_336_0,18
SOPV_336_1,18
SOPV_338_0,18
SOPV_339_0,18
SOPV_34_0,18
SOPV_34_1,18
SOPV_340_0,18
SOPV_341_0,18
SOPV_341_1,18
SOPV_342_0,18
SOPV_342_1,18
SOPV_343_0,18
SOPV_343_1,18
SOPV_344_0,18
SOPV_344_1,18
SOPV_345_0,18
SOPV_345_1,18
SOPV_346_0,18
SOPV_346_1,18
SOPV_347_0,18
SOPV_347_1,18
SOPV_349_0,18
SOPV_35_0,18
SOPV_350_0,18
SOPV_351_0,18
SOPV_352_0,18
SOPV_352_1,18
SOPV_353_0,18
SOPV_353_1,18
SOPV_354_0,18
SOPV_354_1,18
SOPV_355_0,18
SOPV_355_1,18
SOPV_356_0,18
SOPV_357_0,18
SOPV_358_0,18
SOPV_358_1,18
SOPV_359_0,18
SOPV_359_1,18
SOPV_36_0,18
SOPV_360_0,18
SOPV_360_1,18
SOPV_361_0,18
SOPV_361_1,18
SOPV_362_0,18
SOPV_362_1,18
SOPV_363_0,18
SOPV_363_1,18
SOPV_364_0,18
SOPV_364_1,18
SOPV_365_0,18
SOPV_365_1,18
SOPV_366_0,18
SOPV_366_1,18
SOPV_367_0,18
SOPV_367_1,18
SOPV_368_0,18
SOPV_368_1,18
SOPV_369_0,18
SOPV_369_1,18
SOPV_37_0,18
SOPV_370_0,18
SOPV_370_1,18
SOPV_371_0,18
SOPV_371_1,18
SOPV_372_0,18
SOPV_373_0,18
SOPV_373_1,18
SOPV_374_0,18
SOPV_374_1,18
SOPV_375_0,18
SOPV_375_1,18
SOPV_376_0,18
SOPV_376_1,18
SOPV_377_0,18
SOPV_378_0,18
SOPV_38_0,18
SOPV_39_0,18
SOPV_39_1,18
SOPV_4_0,18
SOPV_40_0,18
SOPV_41_0,18
SOPV_42_0,18
SOPV_42_1,18
SOPV_43_0,18
SOPV_43_1,18
SOPV_44_0,18
SOPV_44_1,18
SOPV_45_0,18
SOPV_46_0,18
SOPV_47_0,18
SOPV_48_0,18
SOPV_48_1,18
SOPV_49_0,18
SOPV_49_1,18
SOPV_5_0,18
SOPV_5_1,18
SOPV_50_0,18
SOPV_51_0,18
SOPV_51_1,18
SOPV_52_0,18
SOPV_52_1,18
SOPV_53_0,18
SOPV_54_0,18
SOPV_55_0,18
SOPV_56_0,18
SOPV_57_0,18
SOPV_58_0,18
SOPV_58_1,18
SOPV_59_0,18
SOPV_6_0,18
SOPV_6_1,18
SOPV_60_0,18
SOPV_60_1,18
SOPV_61_0,18
SOPV_62_0,18
SOPV_63_0,18
SOPV_64_0,18
SOPV_65_0,18
SOPV_66_0,18
SOPV_67_0,18
SOPV_68_0,18
SOPV_69_0,18
SOPV_70_0,18
SOPV_71_0,18
SOPV_72_0,18
SOPV_72_1,18
SOPV_73_0,18
SOPV_73_1,18
SOPV_74_0,18
SOPV_74_1,18
SOPV_75_0,18
SOPV_76_0,18
SOPV_77_0,18
SOPV_78_0,18
SOPV_79_0,18
SOPV_8_0,18
SOPV_8_1,18
SOPV_80_0,18
SOPV_81_0,18
SOPV_82_0,18
SOPV_83_0,18
SOPV_84_0,18
SOPV_85_0,18
SOPV_86_0,18
SOPV_87_0,18
SOPV_87_1,18
SOPV_88_0,18
SOPV_88_1,18
SOPV_89_0,18
SOPV_9_0,18
SOPV_90_0,18
SOPV_91_0,18
SOPV_91_1,18
SOPV_92_0,18
SOPV_92_1,18
SOPV_93_0,18
SOPV_93_1,18
SOPV_94_0,18
SOPV_94_1,18
SOPV_95_0,18
SOPV_96_0,18
SOPV_97_0,18
SOPV_97_1,18
SOPV_98_0,18
SOPV_99_0,18
SOPV4h_1_0,100
SOPV4h_1_1,100
SOPV4h_10_0,100
SOPV4h_100_0,100
SOPV4h_100_1,100
SOPV4h_101_0,100
SOPV4h_103_0,100
SOPV4h_104_0,100
SOPV4h_105_0,100
SOPV4h_105_1,100
SOPV4h_106_0,100
SOPV4h_106_1,100
SOPV4h_107_0,100
SOPV4h_108_0,100
SOPV4h_108_1,100
SOPV4h_109_0,100
SOPV4h_109_1,100
SOPV4h_11_0,100
SOPV4h_11_1,100
SOPV4h_110_0,100
SOPV4h_110_1,100
SOPV4h_111_0,100
SOPV4h_112_0,100
SOPV4h_112_1,100
SOPV4h_113_0,100
SOPV4h_114_0,100
SOPV4h_114_1,100
SOPV4h_115_0,100
SOPV4h_116_0,100
SOPV4h_116_1,100
SOPV4h_117_0,100
SOPV4h_117_1,100
SOPV4h_118_0,100
SOPV4h_119_0,100
SOPV4h_12_0,100
SOPV4h_120_0,100
SOPV4h_120_1,100
SOPV4h_121_0,100
SOPV4h_122_0,100
SOPV4h_122_1,100
SOPV4h_123_0,100
SOPV4h_123_1,100
SOPV4h_124_0,100
SOPV4h_125_0,100
SOPV4h_126_0,100
SOPV4h_126_1,100
SOPV4h_127_0,100
SOPV4h_127_1,100
SOPV4h_128_0,100
SOPV4h_129_0,100
SOPV4h_13_0,100
SOPV4h_130_0,100
SOPV4h_131_0,100
SOPV4h_131_1,100
SOPV4h_132_0,100
SOPV4h_133_0,100
SOPV4h_134_0,100
SOPV4h_134_1,100
SOPV4h_135_0,100
SOPV4h_136_0,100
SOPV4h_137_0,100
SOPV4h_138_0,100
SOPV4h_139_0,100
SOPV4h_14_0,100
SOPV4h_140_0,100
SOPV4h_140_1,100
SOPV4h_141_0,100
SOPV4h_142_0,100
SOPV4h_143_0,100
SOPV4h_143_1,100
SOPV4h_144_0,100
SOPV4h_144_1,100
SOPV4h_145_0,100
SOPV4h_145_1,100
SOPV4h_146_0,100
SOPV4h_147_0,100
SOPV4h_147_1,100
SOPV4h_148_0,100
SOPV4h_148_1,100
SOPV4h_149_0,100
SOPV4h_149_1,100
SOPV4h_15_0,100
SOPV4h_150_0,100
SOPV4h_151_0,100
SOPV4h_152_0,100
SOPV4h_153_0,100
SOPV4h_153_1,100
SOPV4h_154_0,100
SOPV4h_155_0,100
SOPV4h_156_0,100
SOPV4h_157_0,100
SOPV4h_158_0,100
SOPV4h_159_0,100
SOPV4h_16_0,100
SOPV4h_16_1,100
SOPV4h_160_0,100
SOPV4h_160_1,100
SOPV4h_161_0,100
SOPV4h_161_1,100
SOPV4h_162_0,100
SOPV4h_162_1,100
SOPV4h_163_0,100
SOPV4h_163_1,100
SOPV4h_164_0,100
SOPV4h_164_1,100
SOPV4h_165_0,100
SOPV4h_165_1,100
SOPV4h_166_0,100
SOPV4h_166_1,100
SOPV4h_167_0,100
SOPV4h_167_1,100
SOPV4h_168_0,100
SOPV4h_168_1,100
SOPV4h_169_0,100
SOPV4h_17_0,100
SOPV4h_17_1,100
SOPV4h_170_0,100
SOPV4h_171_0,100
SOPV4h_171_1,100
SOPV4h_172_0,100
SOPV4h_172_1,100
SOPV4h_173_0,100
SOPV4h_173_1,100
SOPV4h_174_0,100
SOPV4h_174_1,100
SOPV4h_175_0,100
SOPV4h_176_0,100
SOPV4h_177_0,100
SOPV4h_178_0,100
SOPV4h_178_1,100
SOPV4h_179_0,100
SOPV4h_179_1,100
SOPV4h_18_0,100
SOPV4h_180_0,100
SOPV4h_180_1,100
SOPV4h_181_0,100
SOPV4h_181_1,100
SOPV4h_182_0,100
SOPV4h_182_1,100
SOPV4h_183_0,100
SOPV4h_183_1,100
SOPV4h_184_0,100
SOPV4h_184_1,100
SOPV4h_185_0,100
SOPV4h_185_1,100
SOPV4h_186_0,100
SOPV4h_186_1,100
SOPV4h_187_0,100
SOPV4h_187_1,100
SOPV4h_188_0,100
SOPV4h_188_1,100
SOPV4h_189_0,100
SOPV4h_189_1,100
SOPV4h_19_0,100
SOPV4h_190_0,100
SOPV4h_190_1,100
SOPV4h_191_0,100
SOPV4h_192_0,100
SOPV4h_192_1,100
SOPV4h_193_0,100
SOPV4h_193_1,100
SOPV4h_194_0,100
SOPV4h_195_0,100
SOPV4h_196_0,100
SOPV4h_197_0,100
SOPV4h_197_1,100
SOPV4h_198_0,100
SOPV4h_198_1,100
SOPV4h_199_0,100
SOPV4h_199_1,100
SOPV4h_2_0,100
SOPV4h_20_0,100
SOPV4h_20_1,100
SOPV4h_200_0,100
SOPV4h_200_1,100
SOPV4h_201_0,100
SOPV4h_201_1,100
SOPV4h_202_0,100
SOPV4h_202_1,100
SOPV4h_203_0,100
SOPV4h_203_1,100
SOPV4h_204_0,100
SOPV4h_204_1,100
SOPV4h_205_0,100
SOPV4h_205_1,100
SOPV4h_206_0,100
SOPV4h_206_1,100
SOPV4h_207_0,100
SOPV4h_207_1,100
SOPV4h_208_0,100
SOPV4h_208_1,100
SOPV4h_209_0,100
SOPV4h_209_1,100
SOPV4h_21_0,100
SOPV4h_21_1,100
SOPV4h_210_0,100
SOPV4h_211_0,100
SOPV4h_212_0,100
SOPV4h_213_0,100
SOPV4h_214_0,100
SOPV4h_215_0,100
SOPV4h_215_1,100
SOPV4h_216_0,100
SOPV4h_216_1,100
SOPV4h_217_0,100
SOPV4h_217_1,100
SOPV4h_218_0,100
SOPV4h_218_1,100
SOPV4h_219_0,100
SOPV4h_219_1,100
SOPV4h_22_0,100
SOPV4h_220_0,100
SOPV4h_220_1,100
SOPV4h_221_0,100
SOPV4h_221_1,100
SOPV4h_222_0,100
SOPV4h_222_1,100
SOPV4h_223_0,100
SOPV4h_223_1,100
SOPV4h_224_0,100
SOPV4h_224_1,100
SOPV4h_225_0,100
SOPV4h_225_1,100
SOPV4h_226_0,100
SOPV4h_226_1,100
SOPV4h_227_0,100
SOPV4h_227_1,100
SOPV4h_228_0,100
SOPV4h_228_1,100
SOPV4h_229_0,100
SOPV4h_229_1,100
SOPV4h_23_0,100
SOPV4h_230_0,100
SOPV4h_231_0,100
SOPV4h_232_0,100
SOPV4h_232_1,100
SOPV4h_233_0,100
SOPV4h_233_1,100
SOPV4h_234_0,100
SOPV4h_235_0,100
SOPV4h_235_1,100
SOPV4h_236_0,100
SOPV4h_237_0,100
SOPV4h_237_1,100
SOPV4h_238_0,100
SOPV4h_238_1,100
SOPV4h_239_0,100
SOPV4h_239_1,100
SOPV4h_24_0,100
SOPV4h_240_0,100
SOPV4h_240_1,100
SOPV4h_241_0,100
SOPV4h_241_1,100
SOPV4h_242_0,100
SOPV4h_242_1,100
SOPV4h_243_0,100
SOPV4h_243_1,100
SOPV4h_244_0,100
SOPV4h_244_1,100
SOPV4h_245_0,100
SOPV4h_245_1,100
SOPV4h_246_0,100
SOPV4h_246_1,100
SOPV4h_247_0,100
SOPV4h_247_1,100
SOPV4h_248_0,100
SOPV4h_248_1,100
SOPV4h_249_0,100
SOPV4h_249_1,100
SOPV4h_25_0,100
SOPV4h_250_0,100
SOPV4h_251_0,100
SOPV4h_251_1,100
SOPV4h_252_0,100
SOPV4h_252_1,100
SOPV4h_253_0,100
SOPV4h_253_1,100
SOPV4h_254_0,100
SOPV4h_255_0,100
SOPV4h_256_0,100
SOPV4h_257_0,100
SOPV4h_257_1,100
SOPV4h_258_0,100
SOPV4h_258_1,100
SOPV4h_259_0,100
SOPV4h_259_1,100
SOPV4h_26_0,100
SOPV4h_260_0,100
SOPV4h_260_1,100
SOPV4h_261_0,100
SOPV4h_261_1,100
SOPV4h_262_0,100
SOPV4h_262_1,100
SOPV4h_263_0,100
SOPV4h_263_1,100
SOPV4h_264_0,100
SOPV4h_264_1,100
SOPV4h_265_0,100
SOPV4h_265_1,100
SOPV4h_266_0,100
SOPV4h_266_1,100
SOPV4h_267_0,100
SOPV4h_267_1,100
SOPV4h_268_0,100
SOPV4h_268_1,100
SOPV4h_269_0,100
SOPV4h_269_1,100
SOPV4h_27_0,100
SOPV4h_270_0,100
SOPV4h_270_1,100
SOPV4h_271_0,100
SOPV4h_271_1,100
SOPV4h_272_0,100
SOPV4h_273_0,100
SOPV4h_274_0,100
SOPV4h_275_0,100
SOPV4h_276_0,100
SOPV4h_277_0,100
SOPV4h_277_1,100
SOPV4h_278_0,100
SOPV4h_278_1,100
SOPV4h_279_0,100
SOPV4h_279_1,100
SOPV4h_28_0,100
SOPV4h_280_0,100
SOPV4h_280_1,100
SOPV4h_281_0,100
SOPV4h_281_1,100
SOPV4h_282_0,100
SOPV4h_282_1,100
SOPV4h_283_0,100
SOPV4h_283_1,100
SOPV4h_284_0,100
SOPV4h_284_1,100
SOPV4h_285_0,100
SOPV4h_285_1,100
SOPV4h_286_0,100
SOPV4h_286_1,100
SOPV4h_287_0,100
SOPV4h_287_1,100
SOPV4h_288_0,100
SOPV4h_288_1,100
SOPV4h_289_0,100
SOPV4h_29_0,100
SOPV4h_290_0,100
SOPV4h_291_0,100
SOPV4h_291_1,100
SOPV4h_292_0,100
SOPV4h_292_1,100
SOPV4h_293_0,100
SOPV4h_294_0,100
SOPV4h_295_0,100
SOPV4h_296_0,100
SOPV4h_297_0,100
SOPV4h_297_1,100
SOPV4h_298_0,100
SOPV4h_298_1,100
SOPV4h_299_0,100
SOPV4h_299_1,100
SOPV4h_3_0,100
SOPV4h_30_0,100
SOPV4h_300_0,100
SOPV4h_300_1,100
SOPV4h_301_0,100
SOPV4h_301_1,100
SOPV4h_302_0,100
SOPV4h_302_1,100
SOPV4h_303_0,100
SOPV4h_303_1,100
SOPV4h_304_0,100
SOPV4h_304_1,100
SOPV4h_305_0,100
SOPV4h_305_1,100
SOPV4h_306_0,100
SOPV4h_307_0,100
SOPV4h_308_0,100
SOPV4h_309_0,100
SOPV4h_31_0,100
SOPV4h_310_0,100
SOPV4h_310_1,100
SOPV4h_311_0,100
SOPV4h_312_0,100
SOPV4h_313_0,100
SOPV4h_314_0,100
SOPV4h_314_1,100
SOPV4h_315_0,100
SOPV4h_315_1,100
SOPV4h_316_0,100
SOPV4h_316_1,100
SOPV4h_317_0,100
SOPV4h_317_1,100
SOPV4h_318_0,100
SOPV4h_318_1,100
SOPV4h_319_0,100
SOPV4h_319_1,100
SOPV4h_32_0,100
SOPV4h_32_1,100
SOPV4h_320_0,100
SOPV4h_320_1,100
SOPV4h_321_0,100
SOPV4h_321_1,100
SOPV4h_322_0,100
SOPV4h_322_1,100
SOPV4h_323_0,100
SOPV4h_324_0,100
SOPV4h_325_0,100
SOPV4h_326_0,100
SOPV4h_327_0,100
SOPV4h_327_1,100
SOPV4h_328_0,100
SOPV4h_329_0,100
SOPV4h_33_0,100
SOPV4h_33_1,100
SOPV4h_330_0,100
SOPV4h_330_1,100
SOPV4h_331_0,100
SOPV4h_331_1,100
SOPV4h_332_0,100
SOPV4h_332_1,100
SOPV4h_333_0,100
SOPV4h_333_1,100
SOPV4h_334_0,100
SOPV4h_334_1,100
SOPV4h_335_0,100
SOPV4h_335_1,100
SOPV4h_336_0,100
SOPV4h_336_1,100
SOPV4h_338_0,100
SOPV4h_339_0,100
SOPV4h_34_0,100
SOPV4h_34_1,100
SOPV4h_340_0,100
SOPV4h_341_0,100
SOPV4h_341_1,100
SOPV4h_342_0,100
SOPV4h_342_1,100
SOPV4h_343_0,100
SOPV4h_343_1,100
SOPV4h_344_0,100
SOPV4h_344_1,100
SOPV4h_345_0,100
SOPV4h_345_1,100
SOPV4h_346_0,100
SOPV4h_346_1,100
SOPV4h_347_0,100
SOPV4h_347_1,100
SOPV4h_349_0,100
SOPV4h_35_0,100
SOPV4h_350_0,100
SOPV4h_351_0,100
SOPV4h_352_0,100
SOPV4h_352_1,100
SOPV4h_353_0,100
SOPV4h_353_1,100
SOPV4h_354_0,100
SOPV4h_354_1,100
SOPV4h_355_0,100
SOPV4h_355_1,100
SOPV4h_356_0,100
SOPV4h_357_0,100
SOPV4h_358_0,100
SOPV4h_358_1,100
SOPV4h_359_0,100
SOPV4h_359_1,100
SOPV4h_36_0,100
SOPV4h_360_0,100
SOPV4h_360_1,100
SOPV4h_361_0,100
SOPV4h_361_1,100
SOPV4h_362_0,100
SOPV4h_362_1,100
SOPV4h_363_0,100
SOPV4h_363_1,100
SOPV4h_364_0,100
SOPV4h_364_1,100
SOPV4h_365_0,100
SOPV4h_365_1,100
SOPV4h_366_0,100
SOPV4h_366_1,100
SOPV4h_367_0,100
SOPV4h_367_1,100
SOPV4h_368_0,100
SOPV4h_368_1,100
SOPV4h_369_0,100
SOPV4h_369_1,100
SOPV4h_37_0,100
SOPV4h_370_0,100
SOPV4h_370_1,100
SOPV4h_371_0,100
SOPV4h_371_1,100
SOPV4h_372_0,100
SOPV4h_373_0,100
SOPV4h_373_1,100
SOPV4h_374_0,100
SOPV4h_374_1,100
SOPV4h_375_0,100
SOPV4h_375_1,100
SOPV4h_376_0,100
SOPV4h_376_1,100
SOPV4h_377_0,100
SOPV4h_378_0,100
SOPV4h_38_0,100
SOPV4h_39_0,100
SOPV4h_39_1,100
SOPV4h_4_0,100
SOPV4h_40_0,100
SOPV4h_41_0,100
SOPV4h_42_0,100
SOPV4h_42_1,100
SOPV4h_43_0,100
SOPV4h_43_1,100
SOPV4h_44_0,100
SOPV4h_44_1,100
SOPV4h_45_0,100
SOPV4h_46_0,100
SOPV4h_47_0,100
SOPV4h_48_0,100
SOPV4h_48_1,100
SOPV4h_49_0,100
SOPV4h_49_1,100
SOPV4h_5_0,100
SOPV4h_5_1,100
SOPV4h_50_0,100
SOPV4h_51_0,100
SOPV4h_51_1,100
SOPV4h_52_0,100
SOPV4h_52_1,100
SOPV4h_53_0,100
SOPV4h_54_0,100
SOPV4h_55_0,100
SOPV4h_56_0,100
SOPV4h_57_0,100
SOPV4h_58_0,100
SOPV4h_58_1,100
SOPV4h_59_0,100
SOPV4h_6_0,100
SOPV4h_6_1,100
SOPV4h_60_0,100
SOPV4h_60_1,100
SOPV4h_61_0,100
SOPV4h_62_0,100
SOPV4h_63_0,100
SOPV4h_64_0,100
SOPV4h_65_0,100
SOPV4h_66_0,100
SOPV4h_67_0,100
SOPV4h_68_0,100
SOPV4h_69_0,100
SOPV4h_70_0,100
SOPV4h_71_0,100
SOPV4h_72_0,100
SOPV4h_72_1,100
SOPV4h_73_0,100
SOPV4h_73_1,100
SOPV4h_74_0,100
SOPV4h_74_1,100
SOPV4h_75_0,100
SOPV4h_76_0,100
SOPV4h_77_0,100
SOPV4h_78_0,100
SOPV4h_79_0,100
SOPV4h_8_0,100
SOPV4h_8_1,100
SOPV4h_80_0,100
SOPV4h_81_0,100
SOPV4h_82_0,100
SOPV4h_83_0,100
SOPV4h_84_0,100
SOPV4h_85_0,100
SOPV4h_86_0,100
SOPV4h_87_0,100
SOPV4h_87_1,100
SOPV4h_88_0,100
SOPV4h_88_1,100
SOPV4h_89_0,100
SOPV4h_9_0,100
SOPV4h_90_0,100
SOPV4h_91_0,100
SOPV4h_91_1,100
SOPV4h_92_0,100
SOPV4h_92_1,100
SOPV4h_93_0,100
SOPV4h_93_1,100
SOPV4h_94_0,100
SOPV4h_94_1,100
SOPV4h_95_0,100
SOPV4h_96_0,100
SOPV4h_97_0,100
SOPV4h_97_1,100
SOPV4h_98_0,100
SOPV4h_99_0,100
WI_1,39
WI_10,39
WI_100,39
WI_101,39
WI_102,39
WI_103,39
WI_104,39
WI_105,39
WI_106,39
WI_107,39
WI_108,39
WI_109,39
WI_11,39
WI_110,39
WI_111,39
WI_112,39
WI_113,39
WI_114,39
WI_115,39
WI_116,39
WI_117,39
WI_118,39
WI_119,39
WI_12,39
WI_120,39
WI_121,39
WI_122,39
WI_123,39
WI_124,39
WI_125,39
WI_126,39
WI_127,39
WI_128,39
WI_129,39
WI_13,39
WI_130,39
WI_131,39
WI_132,39
WI_133,39
WI_134,39
WI_135,39
WI_136,39
WI_137,39
WI_138,39
WI_139,39
WI_14,39
WI_140,39
WI_141,39
WI_142,39
WI_143,39
WI_144,39
WI_145,39
WI_146,39
WI_147,39
WI_148,39
WI_149,39
WI_15,39
WI_150,39
WI_151,39
WI_152,39
WI_153,39
WI_154,39
WI_155,39
WI_156,39
WI_157,39
WI_158,39
WI_159,39
WI_16,39
WI_160,39
WI_161,39
WI_162,39
WI_163,39
WI_164,39
WI_165,39
WI_166,39
WI_167,39
WI_168,39
WI_169,39
WI_17,39
WI_170,39
WI_171,39
WI_172,39
WI_173,39
WI_174,39
WI_175,39
WI_176,39
WI_177,39
WI_178,39
WI_179,39
WI_18,39
WI_180,39
WI_181,39
WI_182,39
WI_183,39
WI_184,39
WI_185,39
WI_186,39
WI_187,39
WI_188,39
WI_189,39
WI_19,39
WI_190,39
WI_191,39
WI_192,39
WI_193,39
WI_194,39
WI_195,39
WI_196,39
WI_197,39
WI_198,39
WI_199,39
WI_2,39
WI_20,39
WI_200,39
WI_201,39
WI_202,39
WI_203,39
WI_204,39
WI_205,39
WI_206,39
WI_207,39
WI_208,39
WI_209,39
WI_21,39
WI_210,39
WI_211,39
WI_212,39
WI_213,39
WI_214,39
WI_215,39
WI_216,39
WI_217,39
WI_218,39
WI_219,39
WI_22,39
WI_220,39
WI_221,39
WI_222,39
WI_223,39
WI_224,39
WI_225,39
WI_226,39
WI_227,39
WI_228,39
WI_229,39
WI_23,39
WI_230,39
WI_231,39
WI_232,39
WI_233,39
WI_234,39
WI_235,39
WI_236,39
WI_237,39
WI_238,39
WI_239,39
WI_24,39
WI_240,39
WI_241,39
WI_242,39
WI_243,39
WI_244,39
WI_245,39
WI_246,39
WI_247,39
WI_248,39
WI_249,39
WI_25,39
WI_250,39
WI_251,39
WI_252,39
WI_253,39
WI_254,39
WI_255,39
WI_256,39
WI_257,39
WI_258,39
WI_259,39
WI_26,39
WI_260,39
WI_261,39
WI_262,39
WI_263,39
WI_264,39
WI_265,39
WI_266,39
WI_267,39
WI_268,39
WI_269,39
WI_27,39
WI_270,39
WI_271,39
WI_272,39
WI_273,39
WI_274,39
WI_275,39
WI_276,39
WI_277,39
WI_278,39
WI_279,39
WI_28,39
WI_280,39
WI_281,39
WI_282,39
WI_283,39
WI_284,39
WI_285,39
WI_286,39
WI_287,39
WI_288,39
WI_289,39
WI_29,39
WI_290,39
WI_291,39
WI_292,39
WI_293,39
WI_294,39
WI_295,39
WI_296,39
WI_297,39
WI_298,39
WI_299,39
WI_3,39
WI_30,39
WI_300,39
WI_301,39
WI_302,39
WI_303,39
WI_304,39
WI_305,39
WI_306,39
WI_307,39
WI_308,39
WI_309,39
WI_31,39
WI_310,39
WI_311,39
WI_312,39
WI_313,39
WI_314,39
WI_315,39
WI_316,39
WI_317,39
WI_318,39
WI_319,39
WI_32,39
WI_320,39
WI_321,39
WI_322,39
WI_323,39
WI_324,39
WI_325,39
WI_326,39
WI_327,39
WI_328,39
WI_329,39
WI_33,39
WI_330,39
WI_331,39
WI_332,39
WI_333,39
WI_334,39
WI_335,39
WI_336,39
WI_337,39
WI_338,39
WI_339,39
WI_34,39
WI_340,39
WI_341,39
WI_342,39
WI_343,39
WI_344,39
WI_345,39
WI_346,39
WI_347,39
WI_348,39
WI_349,39
WI_35,39
WI_350,39
WI_351,39
WI_352,39
WI_353,39
WI_354,39
WI_355,39
WI_356,39
WI_357,39
WI_358,39
WI_359,39
WI_36,39
WI_360,39
WI_361,39
WI_362,39
WI_363,39
WI_364,39
WI_365,39
WI_366,39
WI_367,39
WI_368,39
WI_369,39
WI_37,39
WI_370,39
WI_371,39
WI_372,39
WI_373,39
WI_374,39
WI_375,39
WI_376,39
WI_377,39
WI_378,39
WI_38,39
WI_39,39
WI_4,39
WI_40,39
WI_41,39
WI_42,39
WI_43,39
WI_44,39
WI_45,39
WI_46,39
WI_47,39
WI_48,39
WI_49,39
WI_5,39
WI_50,39
WI_51,39
WI_52,39
WI_53,39
WI_54,39
WI_55,39
WI_56,39
WI_57,39
WI_58,39
WI_59,39
WI_6,39
WI_60,39
WI_61,39
WI_62,39
WI_63,39
WI_64,39
WI_65,39
WI_66,39
WI_67,39
WI_68,39
WI_69,39
WI_7,39
WI_70,39
WI_71,39
WI_72,39
WI_73,39
WI_74,39
WI_75,39
WI_76,39
WI_77,39
WI_78,39
WI_79,39
WI_8,39
WI_80,39
WI_81,39
WI_82,39
WI_83,39
WI_84,39
WI_85,39
WI_86,39
WI_87,39
WI_88,39
WI_89,39
WI_9,39
WI_90,39
WI_91,39
WI_92,39
WI_93,39
WI_94,39
WI_95,39
WI_96,39
WI_97,39
WI_98,39
WI_99,39
WI4h_1,70
WI4h_10,70
WI4h_100,70
WI4h_101,70
WI4h_102,70
WI4h_103,70
WI4h_104,70
WI4h_105,70
WI4h_106,70
WI4h_107,70
WI4h_108,70
WI4h_109,70
WI4h_11,70
WI4h_110,70
WI4h_111,70
WI4h_112,70
WI4h_113,70
WI4h_114,70
WI4h_115,70
WI4h_116,70
WI4h_117,70
WI4h_118,70
WI4h_119,70
WI4h_12,70
WI4h_120,70
WI4h_121,70
WI4h_122,70
WI4h_123,70
WI4h_124,70
WI4h_125,70
WI4h_126,70
WI4h_127,70
WI4h_128,70
WI4h_129,70
WI4h_13,70
WI4h_130,70
WI4h_131,70
WI4h_132,70
WI4h_133,70
WI4h_134,70
WI4h_135,70
WI4h_136,70
WI4h_137,70
WI4h_138,70
WI4h_139,70
WI4h_14,70
WI4h_140,70
WI4h_141,70
WI4h_142,70
WI4h_143,70
WI4h_144,70
WI4h_145,70
WI4h_146,70
WI4h_147,70
WI4h_148,70
WI4h_149,70
WI4h_15,70
WI4h_150,70
WI4h_151,70
WI4h_152,70
WI4h_153,70
WI4h_154,70
WI4h_155,70
WI4h_156,70
WI4h_157,70
WI4h_158,70
WI4h_159,70
WI4h_16,70
WI4h_160,70
WI4h_161,70
WI4h_162,70
WI4h_163,70
WI4h_164,70
WI4h_165,70
WI4h_166,70
WI4h_167,70
WI4h_168,70
WI4h_169,70
WI4h_17,70
WI4h_170,70
WI4h_171,70
WI4h_172,70
WI4h_173,70
WI4h_174,70
WI4h_175,70
WI4h_176,70
WI4h_177,70
WI4h_178,70
WI4h_179,70
WI4h_18,70
WI4h_180,70
WI4h_181,70
WI4h_182,70
WI4h_183,70
WI4h_184,70
WI4h_185,70
WI4h_186,70
WI4h_187,70
WI4h_188,70
WI4h_189,70
WI4h_19,70
WI4h_190,70
WI4h_191,70
WI4h_192,70
WI4h_193,70
WI4h_194,70
WI4h_195,70
WI4h_196,70
WI4h_197,70
WI4h_198,70
WI4h_199,70
WI4h_2,70
WI4h_20,70
WI4h_200,70
WI4h_201,70
WI4h_202,70
WI4h_203,70
WI4h_204,70
WI4h_205,70
WI4h_206,70
WI4h_207,70
WI4h_208,70
WI4h_209,70
WI4h_21,70
WI4h_210,70
WI4h_211,70
WI4h_212,70
WI4h_213,70
WI4h_214,70
WI4h_215,70
WI4h_216,70
WI4h_217,70
WI4h_218,70
WI4h_219,70
WI4h_22,70
WI4h_220,70
WI4h_221,70
WI4h_222,70
WI4h_223,70
WI4h_224,70
WI4h_225,70
WI4h_226,70
WI4h_227,70
WI4h_228,70
WI4h_229,70
WI4h_23,70
WI4h_230,70
WI4h_231,70
WI4h_232,70
WI4h_233,70
WI4h_234,70
WI4h_235,70
WI4h_236,70
WI4h_237,70
WI4h_238,70
WI4h_239,70
WI4h_24,70
WI4h_240,70
WI4h_241,70
WI4h_242,70
WI4h_243,70
WI4h_244,70
WI4h_245,70
WI4h_246,70
WI4h_247,70
WI4h_248,70
WI4h_249,70
WI4h_25,70
WI4h_250,70
WI4h_251,70
WI4h_252,70
WI4h_253,70
WI4h_254,70
WI4h_255,70
WI4h_256,70
WI4h_257,70
WI4h_258,70
WI4h_259,70
WI4h_26,70
WI4h_260,70
WI4h_261,70
WI4h_262,70
WI4h_263,70
WI4h_264,70
WI4h_265,70
WI4h_266,70
WI4h_267,70
WI4h_268,70
WI4h_269,70
WI4h_27,70
WI4h_270,70
WI4h_271,70
WI4h_272,70
WI4h_273,70
WI4h_274,70
WI4h_275,70
WI4h_276,70
WI4h_277,70
WI4h_278,70
WI4h_279,70
WI4h_28,70
WI4h_280,70
WI4h_281,70
WI4h_282,70
WI4h_283,70
WI4h_284,70
WI4h_285,70
WI4h_286,70
WI4h_287,70
WI4h_288,70
WI4h_289,70
WI4h_29,70
WI4h_290,70
WI4h_291,70
WI4h_292,70
WI4h_293,70
WI4h_294,70
WI4h_295,70
WI4h_296,70
WI4h_297,70
WI4h_298,70
WI4h_299,70
WI4h_3,70
WI4h_30,70
WI4h_300,70
WI4h_301,70
WI4h_302,70
WI4h_303,70
WI4h_304,70
WI4h_305,70
WI4h_306,70
WI4h_307,70
WI4h_308,70
WI4h_309,70
WI4h_31,70
WI4h_310,70
WI4h_311,70
WI4h_312,70
WI4h_313,70
WI4h_314,70
WI4h_315,70
WI4h_316,70
WI4h_317,70
WI4h_318,70
WI4h_319,70
WI4h_32,70
WI4h_320,70
WI4h_321,70
WI4h_322,70
WI4h_323,70
WI4h_324,70
WI4h_325,70
WI4h_326,70
WI4h_327,70
WI4h_328,70
WI4h_329,70
WI4h_33,70
WI4h_330,70
WI4h_331,70
WI4h_332,70
WI4h_333,70
WI4h_334,70
WI4h_335,70
WI4h_336,70
WI4h_337,70
WI4h_338,70
WI4h_339,70
WI4h_34,70
WI4h_340,70
WI4h_341,70
WI4h_342,70
WI4h_343,70
WI4h_344,70
WI4h_345,70
WI4h_346,70
WI4h_347,70
WI4h_348,70
WI4h_349,70
WI4h_35,70
WI4h_350,70
WI4h_351,70
WI4h_352,70
WI4h_353,70
WI4h_354,70
WI4h_355,70
WI4h_356,70
WI4h_357,70
WI4h_358,70
WI4h_359,70
WI4h_36,70
WI4h_360,70
WI4h_361,70
WI4h_362,70
WI4h_363,70
WI4h_364,70
WI4h_365,70
WI4h_366,70
WI4h_367,70
WI4h_368,70
WI4h_369,70
WI4h_37,70
WI4h_370,70
WI4h_371,70
WI4h_372,70
WI4h_373,70
WI4h_374,70
WI4h_375,70
WI4h_376,70
WI4h_377,70
WI4h_378,70
WI4h_38,70
WI4h_39,70
WI4h_4,70
WI4h_40,70
WI4h_41,70
WI4h_42,70
WI4h_43,70
WI4h_44,70
WI4h_45,70
WI4h_46,70
WI4h_47,70
WI4h_48,70
WI4h_49,70
WI4h_5,70
WI4h_50,70
WI4h_51,70
WI4h_52,70
WI4h_53,70
WI4h_54,70
WI4h_55,70
WI4h_56,70
WI4h_57,70
WI4h_58,70
WI4h_59,70
WI4h_6,70
WI4h_60,70
WI4h_61,70
WI4h_62,70
WI4h_63,70
WI4h_64,70
WI4h_65,70
WI4h_66,70
WI4h_67,70
WI4h_68,70
WI4h_69,70
WI4h_7,70
WI4h_70,70
WI4h_71,70
WI4h_72,70
WI4h_73,70
WI4h_74,70
WI4h_75,70
WI4h_76,70
WI4h_77,70
WI4h_78,70
WI4h_79,70
WI4h_8,70
WI4h_80,70
WI4h_81,70
WI4h_82,70
WI4h_83,70
WI4h_84,70
WI4h_85,70
WI4h_86,70
WI4h_87,70
WI4h_88,70
WI4h_89,70
WI4h_9,70
WI4h_90,70
WI4h_91,70
WI4h_92,70
WI4h_93,70
WI4h_94,70
WI4h_95,70
WI4h_96,70
WI4h_97,70
WI4h_98,70
WI4h_99,70
TRLV_1_0,53.75167293
TRLV_1_1,53.75167293
TRLV_5_0,58.65489473
TRLV_5_1,58.65489473
TRLV_6_0,19.25371731
TRLV_6_1,19.25371731
TRLV_8_0,68.1984626
TRLV_8_1,68.1984626
TRLV_11_0,49.25043646
TRLV_11_1,49.25043646
TRLV_16_0,69.90458755
TRLV_16_1,69.90458755
TRLV_17_0,68.68143695
TRLV_17_1,68.68143695
TRLV_20_0,142.3857569
TRLV_20_1,142.3857569
TRLV_21_0,37.24130701
TRLV_21_1,37.24130701
TRLV_32_0,46.28988143
TRLV_32_1,46.28988143
TRLV_33_0,174.0499022
TRLV_33_1,174.0499022
TRLV_34_0,264.3557805
TRLV_34_1,264.3557805
TRLV_39_0,68.00710532
TRLV_39_1,68.00710532
TRLV_42_0,44.24877619
TRLV_42_1,44.24877619
TRLV_43_0,42.555752
TRLV_43_1,42.555752
TRLV_44_0,26.7577737
TRLV_44_1,26.7577737
TRLV_48_0,140.8608327
TRLV_48_1,140.8608327
TRLV_49_0,88.78479288
TRLV_49_1,88.78479288
TRLV_51_0,54.57409536
TRLV_51_1,54.57409536
TRLV_52_0,42.96901857
TRLV_52_1,42.96901857
TRLV_58_0,97.92898741
TRLV_58_1,97.92898741
TRLV_60_0,67.49735241
TRLV_60_1,67.49735241
TRLV_72_0,70.61173866
TRLV_72_1,70.61173866
TRLV_73_0,62.61642302
TRLV_73_1,62.61642302
TRLV_74_0,136.1464089
TRLV_74_1,136.1464089
TRLV_87_0,45.59272918
TRLV_87_1,45.59272918
TRLV_88_0,38.29922888
TRLV_88_1,38.29922888
TRLV_91_0,125.8184754
TRLV_91_1,125.8184754
TRLV_92_0,96.14501955
TRLV_92_1,96.14501955
TRLV_93_0,96.10039474
TRLV_93_1,96.10039474
TRLV_94_0,58.97729433
TRLV_94_1,58.97729433
TRLV_97_0,45.34307181
TRLV_97_1,45.34307181
TRLV_100_0,43.68588873
TRLV_100_1,43.68588873
TRLV_105_0,78.80094105
TRLV_105_1,78.80094105
TRLV_106_0,55.15788645
TRLV_106_1,55.15788645
TRLV_108_0,53.60915537
TRLV_108_1,53.60915537
TRLV_109_0,109.4626934
TRLV_109_1,109.4626934
TRLV_110_0,58.62532749
TRLV_110_1,58.62532749
TRLV_112_0,46.63116104
TRLV_112_1,46.63116104
TRLV_114_0,69.02243035
TRLV_114_1,69.02243035
TRLV_116_0,47.02556696
TRLV_116_1,47.02556696
TRLV_117_0,39.888881
TRLV_117_1,39.888881
TRLV_120_0,44.13511058
TRLV_120_1,44.13511058
TRLV_122_0,56.22443721
TRLV_122_1,56.22443721
TRLV_123_0,39.08192567
TRLV_123_1,39.08192567
TRLV_126_0,214.506379
TRLV_126_1,214.506379
TRLV_127_0,164.9044554
TRLV_127_1,164.9044554
TRLV_131_0,46.75180072
TRLV_131_1,46.75180072
TRLV_134_0,18.05599045
TRLV_134_1,18.05599045
TRLV_140_0,110.9674657
TRLV_140_1,110.9674657
TRLV_143_0,406.5396296
TRLV_143_1,406.5396296
TRLV_144_0,298.8655073
TRLV_144_1,298.8655073
TRLV_145_0,98.81045212
TRLV_145_1,98.81045212
TRLV_147_0,94.81654563
TRLV_147_1,94.81654563
TRLV_148_0,87.66300739
TRLV_148_1,87.66300739
TRLV_149_0,57.51409561
TRLV_149_1,57.51409561
TRLV_153_0,29.7985872
TRLV_153_1,29.7985872
TRLV_160_0,415.7907419
TRLV_160_1,415.7907419
TRLV_161_0,270.5334248
TRLV_161_1,270.5334248
TRLV_162_0,231.8241622
TRLV_162_1,231.8241622
TRLV_163_0,115.4648362
TRLV_163_1,115.4648362
TRLV_164_0,103.7391949
TRLV_164_1,103.7391949
TRLV_165_0,131.9491873
TRLV_165_1,131.9491873
TRLV_166_0,130.9759478
TRLV_166_1,130.9759478
TRLV_167_0,79.15369378
TRLV_167_1,79.15369378
TRLV_168_0,26.79055955
TRLV_168_1,26.79055955
TRLV_171_0,57.45624197
TRLV_171_1,57.45624197
TRLV_172_0,22.87575838
TRLV_172_1,22.87575838
TRLV_173_0,52.44009546
TRLV_173_1,52.44009546
TRLV_174_0,26.58785461
TRLV_174_1,26.58785461
TRLV_178_0,384.6551371
TRLV_178_1,384.6551371
TRLV_179_0,253.4216532
TRLV_179_1,253.4216532
TRLV_180_0,184.9409009
TRLV_180_1,184.9409009
TRLV_181_0,123.1563031
TRLV_181_1,123.1563031
TRLV_182_0,164.0469354
TRLV_182_1,164.0469354
TRLV_183_0,103.6189855
TRLV_183_1,103.6189855
TRLV_184_0,95.40133755
TRLV_184_1,95.40133755
TRLV_185_0,89.55276186
TRLV_185_1,89.55276186
TRLV_186_0,65.45094596
TRLV_186_1,65.45094596
TRLV_187_0,74.27957873
TRLV_187_1,74.27957873
TRLV_188_0,65.5457554
TRLV_188_1,65.5457554
TRLV_189_0,42.78211816
TRLV_189_1,42.78211816
TRLV_190_0,44.20137822
TRLV_190_1,44.20137822
TRLV_192_0,45.04518821
TRLV_192_1,45.04518821
TRLV_193_0,57.48352748
TRLV_193_1,57.48352748
TRLV_197_0,217.4486019
TRLV_197_1,217.4486019
TRLV_198_0,254.837207
TRLV_198_1,254.837207
TRLV_199_0,222.5933088
TRLV_199_1,222.5933088
TRLV_200_0,164.6810604
TRLV_200_1,164.6810604
TRLV_201_0,143.5537358
TRLV_201_1,143.5537358
TRLV_202_0,176.1104645
TRLV_202_1,176.1104645
TRLV_203_0,204.8399968
TRLV_203_1,204.8399968
TRLV_204_0,165.8792755
TRLV_204_1,165.8792755
TRLV_205_0,65.15682073
TRLV_205_1,65.15682073
TRLV_206_0,103.349293
TRLV_206_1,103.349293
TRLV_207_0,135.7825453
TRLV_207_1,135.7825453
TRLV_208_0,258.9633251
TRLV_208_1,258.9633251
TRLV_209_0,42.63392123
TRLV_209_1,42.63392123
TRLV_215_0,150.6733788
TRLV_215_1,150.6733788
TRLV_216_0,44.15983991
TRLV_216_1,44.15983991
TRLV_217_0,105.913956
TRLV_217_1,105.913956
TRLV_218_0,179.5944133
TRLV_218_1,179.5944133
TRLV_219_0,103.2180098
TRLV_219_1,103.2180098
TRLV_220_0,197.079762
TRLV_220_1,197.079762
TRLV_221_0,232.2354824
TRLV_221_1,232.2354824
TRLV_222_0,135.5629367
TRLV_222_1,135.5629367
TRLV_223_0,166.0122589
TRLV_223_1,166.0122589
TRLV_224_0,132.7186236
TRLV_224_1,132.7186236
TRLV_225_0,139.7474742
TRLV_225_1,139.7474742
TRLV_226_0,30.55907219
TRLV_226_1,30.55907219
TRLV_227_0,65.07591079
TRLV_227_1,65.07591079
TRLV_228_0,234.7474234
TRLV_228_1,234.7474234
TRLV_229_0,144.6473094
TRLV_229_1,144.6473094
TRLV_232_0,46.53963035
TRLV_232_1,46.53963035
TRLV_233_0,35.91952301
TRLV_233_1,35.91952301
TRLV_235_0,78.43658229
TRLV_235_1,78.43658229
TRLV_237_0,144.6240274
TRLV_237_1,144.6240274
TRLV_238_0,288.4245444
TRLV_238_1,288.4245444
TRLV_239_0,252.4769757
TRLV_239_1,252.4769757
TRLV_240_0,226.8961587
TRLV_240_1,226.8961587
TRLV_241_0,208.511722
TRLV_241_1,208.511722
TRLV_242_0,289.4500692
TRLV_242_1,289.4500692
TRLV_243_0,158.0540659
TRLV_243_1,158.0540659
TRLV_244_0,127.9724919
TRLV_244_1,127.9724919
TRLV_245_0,43.13798393
TRLV_245_1,43.13798393
TRLV_246_0,86.34067542
TRLV_246_1,86.34067542
TRLV_247_0,197.616551
TRLV_247_1,197.616551
TRLV_248_0,184.7078713
TRLV_248_1,184.7078713
TRLV_249_0,205.4138959
TRLV_249_1,205.4138959
TRLV_251_0,9.571745795
TRLV_251_1,9.571745795
TRLV_252_0,15.0131005
TRLV_252_1,15.0131005
TRLV_253_0,59.97594349
TRLV_253_1,59.97594349
TRLV_257_0,158.99874
TRLV_257_1,158.99874
TRLV_258_0,516.1602421
TRLV_258_1,516.1602421
TRLV_259_0,232.6586818
TRLV_259_1,232.6586818
TRLV_260_0,286.1577616
TRLV_260_1,286.1577616
TRLV_261_0,318.7627314
TRLV_261_1,318.7627314
TRLV_262_0,234.7461186
TRLV_262_1,234.7461186
TRLV_263_0,221.9564033
TRLV_263_1,221.9564033
TRLV_264_0,82.98593085
TRLV_264_1,82.98593085
TRLV_265_0,46.99222404
TRLV_265_1,46.99222404
TRLV_266_0,156.3783966
TRLV_266_1,156.3783966
TRLV_267_0,135.4038522
TRLV_267_1,135.4038522
TRLV_268_0,207.3509232
TRLV_268_1,207.3509232
TRLV_269_0,187.6265019
TRLV_269_1,187.6265019
TRLV_270_0,44.81309197
TRLV_270_1,44.81309197
TRLV_271_0,16.91077475
TRLV_271_1,16.91077475
TRLV_277_0,276.2517118
TRLV_277_1,276.2517118
TRLV_278_0,146.3073815
TRLV_278_1,146.3073815
TRLV_279_0,137.9652386
TRLV_279_1,137.9652386
TRLV_280_0,129.9161337
TRLV_280_1,129.9161337
TRLV_281_0,146.2906315
TRLV_281_1,146.2906315
TRLV_282_0,100.6426664
TRLV_282_1,100.6426664
TRLV_283_0,25.02809091
TRLV_283_1,25.02809091
TRLV_284_0,166.2918206
TRLV_284_1,166.2918206
TRLV_285_0,220.5342803
TRLV_285_1,220.5342803
TRLV_286_0,235.203174
TRLV_286_1,235.203174
TRLV_287_0,171.4632826
TRLV_287_1,171.4632826
TRLV_288_0,63.76731374
TRLV_288_1,63.76731374
TRLV_291_0,46.89508622
TRLV_291_1,46.89508622
TRLV_292_0,47.832404
TRLV_292_1,47.832404
TRLV_297_0,152.3973856
TRLV_297_1,152.3973856
TRLV_298_0,137.8971084
TRLV_298_1,137.8971084
TRLV_299_0,80.71053538
TRLV_299_1,80.71053538
TRLV_300_0,104.8524153
TRLV_300_1,104.8524153
TRLV_301_0,157.592424
TRLV_301_1,157.592424
TRLV_302_0,166.0016686
TRLV_302_1,166.0016686
TRLV_303_0,285.1609656
TRLV_303_1,285.1609656
TRLV_304_0,237.3409507
TRLV_304_1,237.3409507
TRLV_305_0,212.9117575
TRLV_305_1,212.9117575
TRLV_310_0,78.60771244
TRLV_310_1,78.60771244
TRLV_314_0,40.8721367
TRLV_314_1,40.8721367
TRLV_315_0,86.99389255
TRLV_315_1,86.99389255
TRLV_316_0,87.18837066
TRLV_316_1,87.18837066
TRLV_317_0,87.00742945
TRLV_317_1,87.00742945
TRLV_318_0,172.7873948
TRLV_318_1,172.7873948
TRLV_319_0,196.0793312
TRLV_319_1,196.0793312
TRLV_320_0,283.9158475
TRLV_320_1,283.9158475
TRLV_321_0,241.6686522
TRLV_321_1,241.6686522
TRLV_322_0,188.1848857
TRLV_322_1,188.1848857
TRLV_327_0,59.49423654
TRLV_327_1,59.49423654
TRLV_330_0,30.87856428
TRLV_330_1,30.87856428
TRLV_331_0,102.1293115
TRLV_331_1,102.1293115
TRLV_332_0,151.0301075
TRLV_332_1,151.0301075
TRLV_333_0,80.4753357
TRLV_333_1,80.4753357
TRLV_334_0,81.46025558
TRLV_334_1,81.46025558
TRLV_335_0,191.3881829
TRLV_335_1,191.3881829
TRLV_336_0,86.46357915
TRLV_336_1,86.46357915
TRLV_341_0,54.65332164
TRLV_341_1,54.65332164
TRLV_342_0,118.3338492
TRLV_342_1,118.3338492
TRLV_343_0,92.95383398
TRLV_343_1,92.95383398
TRLV_344_0,52.87323848
TRLV_344_1,52.87323848
TRLV_345_0,68.88558778
TRLV_345_1,68.88558778
TRLV_346_0,93.55315818
TRLV_346_1,93.55315818
TRLV_347_0,75.50639675
TRLV_347_1,75.50639675
TRLV_352_0,61.11096251
TRLV_352_1,61.11096251
TRLV_353_0,171.9386899
TRLV_353_1,171.9386899
TRLV_354_0,9.490109961
TRLV_354_1,9.490109961
TRLV_355_0,4.704647286
TRLV_355_1,4.704647286
TRLV_358_0,97.40019318
TRLV_358_1,97.40019318
TRLV_359_0,163.7901357
TRLV_359_1,163.7901357
TRLV_360_0,88.62024466
TRLV_360_1,88.62024466
TRLV_361_0,101.5497264
TRLV_361_1,101.5497264
TRLV_362_0,42.41840915
TRLV_362_1,42.41840915
TRLV_363_0,5.050759731
TRLV_363_1,5.050759731
TRLV_364_0,42.26724083
TRLV_364_1,42.26724083
TRLV_365_0,242.3177364
TRLV_365_1,242.3177364
TRLV_366_0,7.63890951
TRLV_366_1,7.63890951
TRLV_367_0,39.36674778
TRLV_367_1,39.36674778
TRLV_368_0,50.98465828
TRLV_368_1,50.98465828
TRLV_369_0,45.91475517
TRLV_369_1,45.91475517
TRLV_370_0,155.897268
TRLV_370_1,155.897268
TRLV_371_0,219.3534963
TRLV_371_1,219.3534963
TRLV_373_0,126.2945743
TRLV_373_1,126.2945743
TRLV_374_0,283.0413536
TRLV_374_1,283.0413536
TRLV_375_0,141.4220923
TRLV_375_1,141.4220923
TRLV_376_0,224.1835244
TRLV_376_1,224.1835244
TRLV_2_0,111.367977
TRLV_3_0,16.30453367
TRLV_4_0,68.30624681
TRLV_9_0,38.00329597
TRLV_10_0,16.63040551
TRLV_12_0,58.82242241
TRLV_13_0,22.4189944
TRLV_14_0,11.64497977
TRLV_15_0,8.915166074
TRLV_18_0,43.55309426
TRLV_19_0,41.78936085
TRLV_22_0,42.83079064
TRLV_23_0,45.38315422
TRLV_24_0,12.57445441
TRLV_25_0,4.022157234
TRLV_26_0,8.395526122
TRLV_27_0,43.57831489
TRLV_28_0,26.06152809
TRLV_29_0,11.25717832
TRLV_30_0,132.7258197
TRLV_31_0,82.44693415
TRLV_35_0,35.5580696
TRLV_36_0,60.74853895
TRLV_37_0,46.15414139
TRLV_38_0,53.06513739
TRLV_40_0,15.95145201
TRLV_41_0,28.95278128
TRLV_45_0,4.76537445
TRLV_46_0,17.52740702
TRLV_47_0,64.02388473
TRLV_50_0,79.20776851
TRLV_53_0,62.35967049
TRLV_54_0,162.8907583
TRLV_55_0,96.95641339
TRLV_56_0,75.35899169
TRLV_57_0,48.53623317
TRLV_59_0,71.29531277
TRLV_61_0,25.33267064
TRLV_62_0,27.737172
TRLV_63_0,21.53971846
TRLV_64_0,54.08312861
TRLV_65_0,17.20072981
TRLV_66_0,25.15626628
TRLV_67_0,7.580203086
TRLV_68_0,60.64102232
TRLV_69_0,66.96020405
TRLV_70_0,44.48685807
TRLV_71_0,27.16250601
TRLV_75_0,84.14526506
TRLV_76_0,101.6373162
TRLV_77_0,64.17061797
TRLV_78_0,53.19766666
TRLV_79_0,23.35809249
TRLV_80_0,51.21647135
TRLV_81_0,22.8282573
TRLV_82_0,24.40387335
TRLV_83_0,26.31050091
TRLV_84_0,11.48701788
TRLV_85_0,15.41813225
TRLV_86_0,54.99470061
TRLV_89_0,43.80766569
TRLV_90_0,35.95584075
TRLV_95_0,49.85838503
TRLV_96_0,38.57264543
TRLV_98_0,3.820114004
TRLV_99_0,12.43575559
TRLV_101_0,22.21190168
TRLV_103_0,26.5829727
TRLV_104_0,33.42925991
TRLV_107_0,26.81009532
TRLV_111_0,37.21091705
TRLV_113_0,48.45201144
TRLV_115_0,37.88852828
TRLV_118_0,20.91658208
TRLV_119_0,6.663444281
TRLV_121_0,34.6789908
TRLV_124_0,23.7387271
TRLV_125_0,47.01401165
TRLV_128_0,60.857313
TRLV_129_0,66.94327478
TRLV_130_0,33.62101319
TRLV_132_0,55.46087303
TRLV_133_0,49.76954052
TRLV_135_0,14.70106196
TRLV_136_0,16.06464283
TRLV_137_0,10.40869493
TRLV_138_0,46.58464169
TRLV_139_0,45.83621998
TRLV_141_0,59.77972824
TRLV_142_0,52.1467341
TRLV_146_0,70.49713151
TRLV_150_0,47.47397159
TRLV_151_0,27.06658312
TRLV_152_0,7.483768514
TRLV_154_0,49.51473454
TRLV_155_0,44.63208048
TRLV_156_0,63.50623523
TRLV_157_0,49.27869538
TRLV_158_0,68.61749897
TRLV_159_0,13.67287778
TRLV_169_0,29.93938819
TRLV_170_0,24.9967052
TRLV_175_0,46.56955931
TRLV_176_0,37.45836913
TRLV_177_0,77.2396403
TRLV_191_0,52.41704001
TRLV_194_0,54.67833249
TRLV_195_0,40.33446906
TRLV_196_0,82.78088611
TRLV_210_0,35.03984066
TRLV_211_0,37.44481685
TRLV_212_0,37.42894095
TRLV_213_0,46.37840921
TRLV_214_0,64.72308718
TRLV_230_0,17.53995062
TRLV_231_0,69.47662269
TRLV_234_0,26.41093636
TRLV_236_0,21.8688794
TRLV_250_0,42.06856647
TRLV_254_0,19.72815494
TRLV_255_0,24.91346785
TRLV_256_0,14.7036346
TRLV_272_0,20.34502297
TRLV_273_0,51.92839585
TRLV_274_0,34.49507583
TRLV_275_0,23.64573403
TRLV_276_0,116.9724075
TRLV_289_0,13.83737737
TRLV_290_0,20.19313406
TRLV_293_0,22.48620628
TRLV_294_0,116.0370664
TRLV_295_0,139.3892907
TRLV_296_0,32.17616036
TRLV_306_0,30.1842179
TRLV_307_0,29.50257896
TRLV_308_0,30.77660496
TRLV_309_0,27.312549
TRLV_311_0,94.39466544
TRLV_312_0,38.94312374
TRLV_313_0,42.9363711
TRLV_323_0,17.14737796
TRLV_324_0,13.8681306
TRLV_325_0,10.81460899
TRLV_326_0,4.903898482
TRLV_328_0,56.91316434
TRLV_329_0,22.58203678
TRLV_338_0,10.16450306
TRLV_339_0,3.482714429
TRLV_340_0,6.429206452
TRLV_349_0,3.470907707
TRLV_350_0,7.001314629
TRLV_351_0,7.71309769
TRLV_356_0,1.693651315
TRLV_357_0,25.55792574
TRLV_372_0,24.56472267
TRLV_377_0,13.21407031
TRLV_378_0,9.109718473
TRHV_2,2.488155872
TRHV_9,2.488155872
TRHV_1,2.488155872
TRHV_3,2.488155872
TRHV_10,2.488155872
TRHV_4,2.488155872
TRHV_377,2.488124998
TRHV_11,2.488155872
TRHV_5,2.488155872
TRHV_378,2.488124998
TRHV_12,2.488155872
TRHV_6,2.488155872
TRHV_13,2.488155872
TRHV_14,2.488155872
TRHV_19,2.488155872
TRHV_22,2.488155872
TRHV_23,2.488155872
TRHV_24,2.488155872
TRHV_25,2.488155872
TRHV_15,2.488155872
TRHV_26,2.488155872
TRHV_16,2.488155872
TRHV_27,2.488155872
TRHV_31,2.488155872
TRHV_18,2.488155872
TRHV_32,2.488155872
TRHV_17,2.488155872
TRHV_35,2.488155872
TRHV_36,2.488155872
TRHV_37,2.488155872
TRHV_38,2.488155872
TRHV_39,2.488155872
TRHV_40,2.488155872
TRHV_41,2.488155872
TRHV_28,2.488155872
TRHV_44,2.488155872
TRHV_29,2.488155872
TRHV_45,2.488155872
TRHV_30,2.488155872
TRHV_53,2.488155872
TRHV_54,2.488155872
TRHV_55,2.488155872
TRHV_56,2.488155872
TRHV_57,2.488155872
TRHV_59,2.488155872
TRHV_60,2.488155872
TRHV_61,2.488155872
TRHV_62,2.488155872
TRHV_63,2.488155872
TRHV_64,2.488155872
TRHV_65,2.488155872
TRHV_46,2.488155872
TRHV_66,2.488155872
TRHV_47,2.488155872
TRHV_67,2.488155872
TRHV_68,2.488155872
TRHV_69,2.488155872
TRHV_50,2.488155872
TRHV_70,2.488155872
TRHV_71,2.488155872
TRHV_72,2.488155872
TRHV_75,2.488155872
TRHV_76,2.488155872
TRHV_77,2.488155872
TRHV_78,2.488155872
TRHV_79,2.488155872
TRHV_80,2.488155872
TRHV_81,2.488155872
TRHV_82,2.488155872
TRHV_83,2.488155872
TRHV_84,2.488155872
TRHV_85,2.488155872
TRHV_86,2.488155872
TRHV_89,2.488155872
TRHV_90,2.488155872
TRHV_95,2.488155872
TRHV_96,2.488155872
TRHV_98,2.488155872
TRHV_99,2.488155872
TRHV_101,2.488155872
TRHV_103,2.488155872
TRHV_104,2.488155872
TRHV_107,2.488155872
TRHV_111,2.488155872
TRHV_112,2.488155872
TRHV_113,2.488155872
TRHV_115,2.488155872
TRHV_116,2.488155872
TRHV_118,2.488155872
TRHV_119,2.488155872
TRHV_120,2.488155872
TRHV_121,2.488155872
TRHV_124,2.488155872
TRHV_125,2.488155872
TRHV_128,2.488155872
TRHV_129,2.488155872
TRHV_130,2.488155872
TRHV_132,2.488155872
TRHV_133,2.488155872
TRHV_135,2.488155872
TRHV_136,2.488155872
TRHV_137,2.488155872
TRHV_138,2.488155872
TRHV_139,2.488155872
TRHV_141,2.488155872
TRHV_142,2.488155872
TRHV_146,2.488155872
TRHV_150,2.488155872
TRHV_151,2.488155872
TRHV_152,2.488155872
TRHV_154,2.488155872
TRHV_155,2.488155872
TRHV_156,2.488155872
TRHV_157,2.488155872
TRHV_158,2.488155872
TRHV_159,2.488155872
TRHV_169,2.488155872
TRHV_170,2.488155872
TRHV_175,2.488155872
TRHV_176,2.488155872
TRHV_177,2.488155872
TRHV_185,2.488155872
TRHV_191,2.488155872
TRHV_194,2.488155872
TRHV_195,2.488155872
TRHV_196,2.488155872
TRHV_210,2.488155872
TRHV_211,2.488155872
TRHV_212,2.488155872
TRHV_213,2.488155872
TRHV_214,2.488155872
TRHV_216,2.488155872
TRHV_230,2.488155872
TRHV_231,2.488155872
TRHV_234,2.488155872
TRHV_236,2.488155872
TRHV_250,2.488155872
TRHV_254,2.488155872
TRHV_255,2.488155872
TRHV_256,2.488155872
TRHV_272,2.488155872
TRHV_273,2.488155872
TRHV_274,2.488155872
TRHV_275,2.488155872
TRHV_276,2.488155872
TRHV_289,2.488155872
TRHV_290,2.488155872
TRHV_293,2.488155872
TRHV_294,2.488155872
TRHV_296,2.488155872
TRHV_306,2.488155872
TRHV_307,2.488155872
TRHV_308,2.488155872
TRHV_309,2.488155872
TRHV_311,2.488155872
TRHV_312,2.488155872
TRHV_295,2.488155872
TRHV_313,2.488155872
TRHV_323,2.488155872
TRHV_324,2.488155872
TRHV_325,2.488155872
TRHV_326,2.488155872
TRHV_328,2.488155872
TRHV_329,2.488155872
TRHV_338,2.488155872
TRHV_339,2.488155872
TRHV_340,2.488155872
TRHV_349,2.488155872
TRHV_350,2.488155872
TRHV_351,2.488155872
TRHV_356,2.488155872
TRHV_357,2.488155872
TRHV_372,2.488155872
TRHV_3,2.488124998
TRHV_378,2.488155869
TRHV_4,2.488124998
TRHV_377,2.488155869
