,Technology,Capitalcost
0,TRLV_1_0,2150.4455287566343
1,TRLV_1_1,538.7363821891586
2,TRLV_5_0,2346.60896169121
3,TRLV_5_1,587.7772404228025
4,TRLV_6_0,770.2841404373874
5,TRLV_6_1,193.69603510934684
6,TRLV_8_0,2728.418945895779
7,TRLV_8_1,683.2297364739447
8,TRLV_11_0,1970.3643425098896
9,TRLV_11_1,493.7160856274724
10,TRLV_16_0,2796.6759696778267
11,TRLV_16_1,700.2939924194567
12,TRLV_17_0,2747.741324243785
13,TRLV_17_1,688.0603310609463
14,TRLV_20_0,5696.433635797761
15,TRLV_20_1,1425.2334089494402
16,TRLV_21_0,1489.914516539749
17,TRLV_21_1,373.60362913493725
18,TRLV_32_0,1851.9212734049647
19,TRLV_32_1,464.1053183512412
20,TRLV_33_0,6963.222637717001
21,TRLV_33_1,1741.9306594292502
22,TRLV_34_0,10576.09430134975
23,TRLV_34_1,2645.1485753374377
24,TRLV_39_0,2720.7633058015476
25,TRLV_39_1,681.3158264503869
26,TRLV_42_0,1770.2626769112996
27,TRLV_42_1,443.6906692278249
28,TRLV_43_0,1702.5297757531162
29,TRLV_43_1,426.75744393827904
30,TRLV_44_0,1070.4992892941266
31,TRLV_44_1,268.74982232353165
32,TRLV_48_0,5635.425921336704
33,TRLV_48_1,1409.981480334176
34,TRLV_49_0,3552.01726257702
35,TRLV_49_1,889.129315644255
36,TRLV_51_0,2183.348223176742
37,TRLV_51_1,546.9620557941855
38,TRLV_52_0,1719.0633513986654
39,TRLV_52_1,430.89083784966635
40,TRLV_58_0,3917.849498003623
41,TRLV_58_1,980.5873745009058
42,TRLV_60_0,2700.3695964828325
43,TRLV_60_1,676.2173991207081
44,TRLV_72_0,2824.966998339823
45,TRLV_72_1,707.3667495849558
46,TRLV_73_0,2505.0980168701153
47,TRLV_73_1,627.3995042175288
48,TRLV_74_0,5446.815736594255
49,TRLV_74_1,1362.8289341485638
50,TRLV_87_0,1824.0302693949138
51,TRLV_87_1,457.13256734872846
52,TRLV_88_0,1532.2388483396026
53,TRLV_88_1,384.18471208490064
54,TRLV_91_0,5033.625598759051
55,TRLV_91_1,1259.5313996897628
56,TRLV_92_0,3846.478208798045
57,TRLV_92_1,962.7445521995113
58,TRLV_93_0,3844.6929019485174
59,TRLV_93_1,962.2982254871293
60,TRLV_94_0,2359.5072182557333
61,TRLV_94_1,591.0018045639333
62,TRLV_97_0,1814.042215005717
63,TRLV_97_1,454.63555375142926
64,TRLV_100_0,1747.743210659227
65,TRLV_100_1,438.0608026648068
66,TRLV_105_0,3152.5928166819635
67,TRLV_105_1,789.2732041704909
68,TRLV_106_0,2206.703981344061
69,TRLV_106_1,552.8009953360153
70,TRLV_108_0,2144.743821698674
71,TRLV_108_1,537.3109554246685
72,TRLV_109_0,4379.2790337800225
73,TRLV_109_1,1095.9447584450056
74,TRLV_110_0,2345.4260640148327
75,TRLV_110_1,587.4815160037082
76,TRLV_112_0,1865.5748631783542
77,TRLV_112_1,467.51871579458856
78,TRLV_114_0,2761.383463719219
79,TRLV_114_1,691.4708659298047
80,TRLV_116_0,1881.3538802007786
81,TRLV_116_1,471.46347005019464
82,TRLV_117_0,1595.8361378415188
83,TRLV_117_1,400.0840344603797
84,TRLV_120_0,1765.7152511416998
85,TRLV_120_1,442.55381278542495
86,TRLV_122_0,2249.373529461358
87,TRLV_122_1,563.4683823653395
88,TRLV_123_0,1563.5522366144987
89,TRLV_123_1,392.0130591536247
90,TRLV_126_0,8581.766872368302
91,TRLV_126_1,2146.5667180920755
92,TRLV_127_0,6597.340304293275
93,TRLV_127_1,1650.4600760733188
94,TRLV_131_0,1870.401300712372
95,TRLV_131_1,468.725325178093
96,TRLV_134_0,722.3666236657243
97,TRLV_134_1,181.71665591643108
98,TRLV_140_0,4439.480534790981
99,TRLV_140_1,1110.9951336977454
100,TRLV_143_0,16264.450467472754
101,TRLV_143_1,4067.2376168681885
102,TRLV_144_0,11956.72662296101
103,TRLV_144_1,2990.3066557402526
104,TRLV_145_0,3953.1142992017026
105,TRLV_145_1,989.4035748004256
106,TRLV_147_0,3793.3298882711683
107,TRLV_147_1,949.4574720677921
108,TRLV_148_0,3507.137936072064
109,TRLV_148_1,877.909484018016
110,TRLV_149_0,2300.9689559632366
111,TRLV_149_1,576.3672389908091
112,TRLV_153_0,1192.1532631803339
113,TRLV_153_1,299.16331579508346
114,TRLV_160_0,16634.560169299093
115,TRLV_160_1,4159.765042324773
116,TRLV_161_0,10823.243617517322
117,TRLV_161_1,2706.9359043793306
118,TRLV_162_0,9274.600268333625
119,TRLV_162_1,2319.775067083406
120,TRLV_163_0,4619.407052049708
121,TRLV_163_1,1155.976763012427
122,TRLV_164_0,4150.298752916568
123,TRLV_164_1,1038.699688229142
124,TRLV_165_0,5278.897289699245
125,TRLV_165_1,1320.8493224248114
126,TRLV_166_0,5239.960847474387
127,TRLV_166_1,1311.1152118685968
128,TRLV_167_0,3166.7054126151625
129,TRLV_167_1,792.8013531537906
130,TRLV_168_0,1071.8109545252375
131,TRLV_168_1,269.0777386313094
132,TRLV_171_0,2298.6544027413793
133,TRLV_171_1,575.7886006853448
134,TRLV_172_0,915.1913137439914
135,TRLV_172_1,229.92282843599784
136,TRLV_173_0,2097.973185301318
137,TRLV_173_1,525.6182963253295
138,TRLV_174_0,1063.7013279951877
139,TRLV_174_1,267.05033199879693
140,TRLV_178_0,15388.9165147041
141,TRLV_178_1,3848.354128676025
142,TRLV_179_0,10138.65214160921
143,TRLV_179_1,2535.7880354023023
144,TRLV_180_0,7398.939354423735
145,TRLV_180_1,1850.8598386059336
146,TRLV_181_0,4927.119944903198
147,TRLV_181_1,1232.9049862257996
148,TRLV_182_0,6563.033458824493
149,TRLV_182_1,1641.8833647061233
150,TRLV_183_0,4145.489528954076
151,TRLV_183_1,1037.497382238519
152,TRLV_184_0,3816.7256869396415
153,TRLV_184_1,955.3064217349104
154,TRLV_185_0,3582.741434989121
155,TRLV_185_1,896.8103587472802
156,TRLV_186_0,2618.498913873253
157,TRLV_186_1,655.7497284683133
158,TRLV_187_0,2971.706454771463
159,TRLV_187_1,744.0516136928658
160,TRLV_188_0,2622.291959983197
161,TRLV_188_1,656.6979899957993
162,TRLV_189_0,1711.5860175846467
163,TRLV_189_1,429.0215043961617
164,TRLV_190_0,1768.3664240864846
165,TRLV_190_1,443.21660602162115
166,TRLV_192_0,1802.1247712907436
167,TRLV_192_1,451.6561928226859
168,TRLV_193_0,2299.746015314917
169,TRLV_193_1,576.0615038287292
170,TRLV_197_0,8699.476525778142
171,TRLV_197_1,2175.9941314445355
172,TRLV_198_0,10195.284272019184
173,TRLV_198_1,2549.946068004796
174,TRLV_199_0,8905.301066535501
175,TRLV_199_1,2227.4502666338753
176,TRLV_200_0,6588.402928148454
177,TRLV_200_1,1648.2257320371134
178,TRLV_201_0,5743.161025146088
179,TRLV_201_1,1436.915256286522
180,TRLV_202_0,7045.659652478719
181,TRLV_202_1,1762.5399131196798
182,TRLV_203_0,8195.043451321848
183,TRLV_203_1,2049.885862830462
184,TRLV_204_0,6636.339977005267
185,TRLV_204_1,1660.2099942513169
186,TRLV_205_0,2606.731831474583
187,TRLV_205_1,652.8079578686458
188,TRLV_206_0,4134.699927346814
189,TRLV_206_1,1034.7999818367034
190,TRLV_207_0,5432.258630023738
191,TRLV_207_1,1359.1896575059345
192,TRLV_208_0,10360.358077512841
193,TRLV_208_1,2591.2145193782103
194,TRLV_209_0,1705.6570958820707
195,TRLV_209_1,427.5392739705177
196,TRLV_215_0,6027.996927588243
197,TRLV_215_1,1508.1242318970608
198,TRLV_216_0,1766.704598530943
199,TRLV_216_1,442.80114963273576
200,TRLV_217_0,4237.304524257263
201,TRLV_217_1,1060.4511310643159
202,TRLV_218_0,7185.042164459566
203,TRLV_218_1,1797.3855411148916
204,TRLV_219_0,4129.447672906193
205,TRLV_219_1,1033.4869182265481
206,TRLV_220_0,7884.579359302074
207,TRLV_220_1,1972.2698398255186
208,TRLV_221_0,9291.055973357266
209,TRLV_221_1,2323.8889933393166
210,TRLV_222_0,5423.472736415537
211,TRLV_222_1,1356.9931841038842
212,TRLV_223_0,6641.660252593597
213,TRLV_223_1,1661.5400631483992
214,TRLV_224_0,5309.680164680059
215,TRLV_224_1,1328.5450411700147
216,TRLV_225_0,5590.883733796608
217,TRLV_225_1,1398.845933449152
218,TRLV_226_0,1222.5780231796966
219,TRLV_226_1,306.76950579492416
220,TRLV_227_0,2603.494863483114
221,TRLV_227_1,651.9987158707785
222,TRLV_228_0,9391.551322024783
223,TRLV_228_1,2349.0128305061958
224,TRLV_229_0,5786.911678044644
225,TRLV_229_1,1447.852919511161
226,TRLV_232_0,1861.9129904652318
227,TRLV_232_1,466.60324761630795
228,TRLV_233_0,1437.0338398358608
229,TRLV_233_1,360.3834599589652
230,TRLV_235_0,3138.0158982699404
231,TRLV_235_1,785.6289745674851
232,TRLV_237_0,5785.980231945499
233,TRLV_237_1,1447.6200579863748
234,TRLV_238_0,11539.014509704106
235,TRLV_238_1,2885.8786274260265
236,TRLV_239_0,10100.858381494609
237,TRLV_239_1,2526.339595373652
238,TRLV_240_0,9077.445392960446
239,TRLV_240_1,2270.4863482401115
240,TRLV_241_0,8341.938338350463
241,TRLV_241_1,2086.6095845876157
242,TRLV_242_0,11580.042731655361
243,TRLV_242_1,2896.1356829138404
244,TRLV_243_0,6323.276438532382
245,TRLV_243_1,1581.9441096330954
246,TRLV_244_0,5119.8014450355495
247,TRLV_244_1,1281.0753612588874
248,TRLV_245_0,1725.8231569199568
249,TRLV_245_1,432.5807892299892
250,TRLV_246_0,3454.235336392257
251,TRLV_246_1,864.6838340980643
252,TRLV_247_0,7906.054702514738
253,TRLV_247_1,1977.6386756286845
254,TRLV_248_0,7389.616527601051
255,TRLV_248_1,1848.5291319002627
256,TRLV_249_0,8218.003461407734
257,TRLV_249_1,2055.6258653519335
258,TRLV_251_0,382.93703523023134
259,TRLV_251_1,96.85925880755784
260,TRLV_252_0,600.6295773743016
261,TRLV_252_1,151.2823943435754
262,TRLV_253_0,2399.460223909175
263,TRLV_253_1,600.9900559772938
264,TRLV_257_0,6361.070060655391
265,TRLV_257_1,1591.3925151638477
266,TRLV_258_0,20650.047644735572
267,TRLV_258_1,5163.636911183893
268,TRLV_259_0,9307.98693323312
269,TRLV_259_1,2328.12173330828
270,TRLV_260_0,11448.32722095974
271,TRLV_260_1,2863.206805239935
272,TRLV_261_0,12752.755835709033
273,TRLV_261_1,3189.313958927258
274,TRLV_262_0,9391.499121069332
275,TRLV_262_1,2348.999780267333
276,TRLV_263_0,8879.820358006104
277,TRLV_263_1,2221.080089501526
278,TRLV_264_0,3320.021907336465
279,TRLV_264_1,831.1304768341163
280,TRLV_265_0,1880.019928239515
281,TRLV_265_1,471.1299820598787
282,TRLV_266_0,6256.237852787215
283,TRLV_266_1,1565.1844631968038
284,TRLV_267_0,5417.108234234082
285,TRLV_267_1,1355.4020585585206
286,TRLV_268_0,8295.498204878588
287,TRLV_268_1,2074.999551219647
288,TRLV_269_0,7506.382323250647
289,TRLV_269_1,1877.7205808126616
290,TRLV_270_0,1792.8392854625308
291,TRLV_270_1,449.3348213656327
292,TRLV_271_0,676.5499235857097
293,TRLV_271_1,170.26248089642743
294,TRLV_277_0,11052.015404256437
295,TRLV_277_1,2764.1288510641093
296,TRLV_278_0,5853.326263976852
297,TRLV_278_1,1464.456565994213
298,TRLV_279_0,5519.581744957834
299,TRLV_279_1,1381.0204362394586
300,TRLV_280_0,5197.560816180076
301,TRLV_280_1,1300.515204045019
302,TRLV_281_0,5852.656145101527
303,TRLV_281_1,1464.2890362753817
304,TRLV_282_0,4026.4157840698686
305,TRLV_282_1,1007.7289460174671
306,TRLV_283_0,1001.2997857825193
307,TRLV_283_1,251.44994644562982
308,TRLV_284_0,6652.844689998605
309,TRLV_284_1,1664.3361724996512
310,TRLV_285_0,8822.92541492545
311,TRLV_285_1,2206.8563537313626
312,TRLV_286_0,9409.784556157538
313,TRLV_286_1,2353.5711390393844
314,TRLV_287_0,6859.739622072179
315,TRLV_287_1,1716.0599055180448
316,TRLV_288_0,2551.141757848933
317,TRLV_288_1,638.9104394622333
318,TRLV_291_0,1876.1337307750503
319,TRLV_291_1,470.15843269376256
320,TRLV_292_0,1913.6330490564426
321,TRLV_292_1,479.53326226411065
322,TRLV_297_0,6096.969353663077
323,TRLV_297_1,1525.3673384157692
324,TRLV_298_0,5516.8560598941485
325,TRLV_298_1,1380.3390149735371
326,TRLV_299_0,3228.990050202504
327,TRLV_299_1,808.372512550626
328,TRLV_300_0,4194.835414064897
329,TRLV_300_1,1049.8338535162243
330,TRLV_301_0,6304.807507935646
331,TRLV_301_1,1577.3268769839115
332,TRLV_302_0,6641.236565688442
333,TRLV_302_1,1661.4341414221105
334,TRLV_303_0,11408.448355818366
335,TRLV_303_1,2853.2370889545914
336,TRLV_304_0,9495.310695124144
337,TRLV_304_1,2374.952673781036
338,TRLV_305_0,8517.9707739014
339,TRLV_305_1,2130.61769347535
340,TRLV_310_0,3144.862310455167
341,TRLV_310_1,787.3405776137918
342,TRLV_314_0,1635.1732964752164
343,TRLV_314_1,409.9183241188041
344,TRLV_315_0,3480.368626134864
345,TRLV_315_1,871.217156533716
346,TRLV_316_0,3488.149121280872
347,TRLV_316_1,873.162280320218
348,TRLV_317_0,3480.91019717449
349,TRLV_317_1,871.3525492936225
350,TRLV_318_0,6912.713444531971
351,TRLV_318_1,1729.3033611329927
352,TRLV_319_0,7844.555076226529
353,TRLV_319_1,1962.2637690566323
354,TRLV_320_0,11358.634856890963
355,TRLV_320_1,2840.783714222741
356,TRLV_321_0,9668.44925973691
357,TRLV_321_1,2418.2373149342275
358,TRLV_322_0,7528.721610006056
359,TRLV_322_1,1883.305402501514
360,TRLV_327_0,2380.188550441742
361,TRLV_327_1,596.1721376104355
362,TRLV_330_0,1235.3599586198463
363,TRLV_330_1,309.9649896549616
364,TRLV_331_0,4085.892066948053
365,TRLV_331_1,1022.5980167370133
366,TRLV_332_0,6042.268590038659
367,TRLV_332_1,1511.6921475096647
368,TRLV_333_0,3219.580405111076
369,TRLV_333_1,806.020101277769
370,TRLV_334_0,3258.984142644836
371,TRLV_334_1,815.871035661209
372,TRLV_335_0,7656.876076500237
373,TRLV_335_1,1915.3440191250593
374,TRLV_336_0,3459.152351930064
375,TRLV_336_1,865.913087982516
376,TRLV_341_0,2186.5178326104433
377,TRLV_341_1,547.7544581526108
378,TRLV_342_0,4734.187795501436
379,TRLV_342_1,1184.671948875359
380,TRLV_343_0,3718.808292457739
381,TRLV_343_1,930.8270731144347
382,TRLV_344_0,2115.3019591241577
383,TRLV_344_1,529.9504897810394
384,TRLV_345_0,2755.9087964040004
385,TRLV_345_1,690.1021991010001
386,TRLV_346_0,3742.785485197033
387,TRLV_346_1,936.8213712992582
388,TRLV_347_0,3020.787822776526
389,TRLV_347_1,756.3219556941315
390,TRLV_352_0,2444.868985083862
391,TRLV_352_1,612.3422462709655
392,TRLV_353_0,6878.7592651317555
393,TRLV_353_1,1720.8148162829389
394,TRLV_354_0,379.6710264509686
395,TRLV_354_1,96.04275661274215
396,TRLV_355_0,188.21878846375577
397,TRLV_355_1,48.17969711593894
398,TRLV_358_0,3896.6940013050475
399,TRLV_358_1,975.2985003262619
400,TRLV_359_0,6552.759660706609
401,TRLV_359_1,1639.3149151766522
402,TRLV_360_0,3545.434174057525
403,TRLV_360_1,887.4835435143813
404,TRLV_361_0,4062.7045798748227
405,TRLV_361_1,1016.8011449687057
406,TRLV_362_0,1697.0350934068474
407,TRLV_362_1,425.38377335171185
408,TRLV_363_0,202.06572588921668
409,TRLV_363_1,51.64143147230417
410,TRLV_364_0,1690.9872951942273
411,TRLV_364_1,423.8718237985568
412,TRLV_365_0,9694.417200686165
413,TRLV_365_1,2424.729300171541
414,TRLV_366_0,305.6099599839144
415,TRLV_366_1,77.5274899959786
416,TRLV_367_0,1574.9471286801738
417,TRLV_367_1,394.86178217004345
418,TRLV_368_0,2039.7454389797513
419,TRLV_368_1,511.0613597449378
420,TRLV_369_0,1836.913578814692
421,TRLV_369_1,460.353394703673
422,TRLV_370_0,6236.989318314857
423,TRLV_370_1,1560.3723295787142
424,TRLV_371_0,8775.685729652621
425,TRLV_371_1,2195.0464324131553
426,TRLV_373_0,5052.672912446978
427,TRLV_373_1,1264.2932281117446
428,TRLV_374_0,11323.648934270064
429,TRLV_374_1,2832.037233567516
430,TRLV_375_0,5657.880262203277
431,TRLV_375_1,1415.5950655508193
432,TRLV_376_0,8968.920900176272
433,TRLV_376_1,2243.355225044068
434,TRLV_2_0,4455.5038082315405
435,TRLV_3_0,652.2960071599491
436,TRLV_4_0,2732.7310738855003
437,TRLV_9_0,1520.3994460421463
438,TRLV_10_0,665.3331776257525
439,TRLV_12_0,2353.311250066591
440,TRLV_13_0,896.9175350117895
441,TRLV_14_0,465.8810076703109
442,TRLV_15_0,356.66921837485734
443,TRLV_18_0,1742.4304960764662
444,TRLV_19_0,1671.8687276883206
445,TRLV_22_0,1713.533259995164
446,TRLV_23_0,1815.64579396073
447,TRLV_24_0,503.0665446592109
448,TRLV_25_0,160.91437576742013
449,TRLV_26_0,335.8799575637384
450,TRLV_27_0,1743.4394988808003
451,TRLV_28_0,1042.644557645099
452,TRLV_29_0,450.3662161764343
453,TRLV_30_0,5309.96805898855
454,TRLV_31_0,3298.4582399192163
455,TRLV_35_0,1422.573155419247
456,TRLV_36_0,2430.3694879520085
457,TRLV_37_0,1846.4907151931693
458,TRLV_38_0,2122.979268179629
459,TRLV_40_0,638.1702521499493
460,TRLV_41_0,1158.3150644450368
461,TRLV_45_0,190.6483030581962
462,TRLV_46_0,701.2195606282636
463,TRLV_47_0,2561.4064059603757
464,TRLV_50_0,3168.8687827465596
465,TRLV_53_0,2494.8261057995232
466,TRLV_54_0,6516.778223352176
467,TRLV_55_0,3878.9396816796598
468,TRLV_56_0,3014.890581170417
469,TRLV_57_0,1941.791176602487
470,TRLV_59_0,2852.314781117325
471,TRLV_61_0,1013.485121903521
472,TRLV_62_0,1109.6821249235438
473,TRLV_63_0,861.7402996752139
474,TRLV_64_0,2163.7060922465084
475,TRLV_65_0,688.1501695914361
476,TRLV_66_0,1006.4277043479424
477,TRLV_67_0,303.2612892088471
478,TRLV_68_0,2426.068064930356
479,TRLV_69_0,2678.879875707171
480,TRLV_70_0,1779.7876301991819
481,TRLV_71_0,1086.691434674985
482,TRLV_75_0,3366.403447517923
483,TRLV_76_0,4066.208786568739
484,TRLV_77_0,2567.276769750913
485,TRLV_78_0,2128.281373027403
486,TRLV_79_0,934.4880779975935
487,TRLV_80_0,2049.0195960753244
488,TRLV_81_0,913.2909356088027
489,TRLV_82_0,976.3266838308355
490,TRLV_83_0,1052.6052253998428
491,TRLV_84_0,459.56141867837414
492,TRLV_85_0,616.8337023576848
493,TRLV_86_0,2200.175397769919
494,TRLV_89_0,1752.61514745756
495,TRLV_90_0,1438.4868052709955
496,TRLV_95_0,1994.6865703673802
497,TRLV_96_0,1543.177437333327
498,TRLV_98_0,152.83122244065436
499,TRLV_99_0,497.51761432844216
500,TRLV_101_0,888.63236649581
501,TRLV_103_0,1063.506017333407
502,TRLV_104_0,1337.4057626594686
503,TRLV_107_0,1072.5925229008994
504,TRLV_111_0,1488.6987038675961
505,TRLV_113_0,1938.4217137724293
506,TRLV_115_0,1515.8079292859773
507,TRLV_118_0,836.8104522479811
508,TRLV_119_0,266.58447511921037
509,TRLV_121_0,1387.4038073281108
510,TRLV_124_0,949.7161451465752
511,TRLV_125_0,1880.8915864075602
512,TRLV_128_0,2434.7212165811884
513,TRLV_129_0,2678.2025858055254
514,TRLV_130_0,1345.0772454658527
515,TRLV_132_0,2218.825580503393
516,TRLV_133_0,1991.132163846714
517,TRLV_135_0,588.1458363877229
518,TRLV_136_0,642.6986828532146
519,TRLV_137_0,416.4209000444296
520,TRLV_138_0,1863.713761257743
521,TRLV_139_0,1833.771617861933
522,TRLV_141_0,2391.6102307671563
523,TRLV_142_0,2086.2366629829066
524,TRLV_146_0,2820.381904838989
525,TRLV_150_0,1899.293226078835
526,TRLV_151_0,1082.8538429948628
527,TRLV_152_0,299.40322657794235
528,TRLV_154_0,1980.9381287754438
529,TRLV_155_0,1785.5975499561716
530,TRLV_156_0,2540.696777033138
531,TRLV_157_0,1971.4948985885349
532,TRLV_158_0,2745.183354281157
533,TRLV_159_0,547.0112219309875
534,TRLV_169_0,1197.7862952243395
535,TRLV_170_0,1000.0441364417983
536,TRLV_175_0,1863.110359803044
537,TRLV_176_0,1498.5985313943415
538,TRLV_177_0,3090.1297818625217
539,TRLV_191_0,2097.0508046711066
540,TRLV_194_0,2187.518443117688
541,TRLV_195_0,1613.6628009823976
542,TRLV_196_0,3311.818672309667
543,TRLV_210_0,1401.8403449854472
544,TRLV_211_0,1498.0563447495836
545,TRLV_212_0,1497.421196574233
546,TRLV_213_0,1855.4630084651344
547,TRLV_214_0,2589.379432471817
548,TRLV_230_0,701.7213931157736
549,TRLV_231_0,2779.5543587952416
550,TRLV_234_0,1056.6233510244692
551,TRLV_236_0,874.9090573019105
552,TRLV_250_0,1683.038920357492
553,TRLV_254_0,789.2649898126733
554,TRLV_255_0,996.7140558014072
555,TRLV_256_0,588.2487600963042
556,TRLV_272_0,813.9440590325436
557,TRLV_273_0,2077.501593843014
558,TRLV_274_0,1380.0459121903668
559,TRLV_275_0,945.9957671967653
560,TRLV_276_0,4679.720531580398
561,TRLV_289_0,553.5923649347374
562,TRLV_290_0,807.8674321751841
563,TRLV_293_0,899.6064841181496
564,TRLV_294_0,4642.300292994976
565,TRLV_295_0,5576.553867888569
566,TRLV_296_0,1287.2729480056548
567,TRLV_306_0,1207.58120925202
568,TRLV_307_0,1180.3108469293004
569,TRLV_308_0,1231.2808671461278
570,TRLV_309_0,1092.6942119158844
571,TRLV_311_0,3776.451706768444
572,TRLV_312_0,1557.9991810383442
573,TRLV_313_0,1717.7572225860333
574,TRLV_323_0,686.0157197775353
575,TRLV_324_0,554.8227110678247
576,TRLV_325_0,432.6603234496549
577,TRLV_326_0,196.19024074229762
578,TRLV_328_0,2276.9274695726963
579,TRLV_329_0,903.4403793260752
580,TRLV_338_0,406.6515041181168
581,TRLV_339_0,139.33286123261135
582,TRLV_340_0,257.2133108717138
583,TRLV_349_0,138.86050911213007
584,TRLV_350_0,280.1016705566499
585,TRLV_351_0,308.57801007638534
586,TRLV_356_0,67.75772620349713
587,TRLV_357_0,1022.4969138802187
588,TRLV_372_0,982.761790059721
589,TRLV_377_0,528.6556893534982
590,TRLV_378_0,363.2302717479649
591,TRHV_2,99.525
592,TRHV_9,99.525
593,TRHV_1,99.525
594,TRHV_3,99.525
595,TRHV_10,99.525
596,TRHV_4,99.525
597,TRHV_377,99.525
598,TRHV_11,99.525
599,TRHV_5,99.525
600,TRHV_378,99.525
601,TRHV_12,99.525
602,TRHV_6,99.525
603,TRHV_13,99.525
604,TRHV_14,99.525
605,TRHV_19,99.525
606,TRHV_22,99.525
607,TRHV_23,99.525
608,TRHV_24,99.525
609,TRHV_25,99.525
610,TRHV_15,99.525
611,TRHV_26,99.525
612,TRHV_16,99.525
613,TRHV_27,99.525
614,TRHV_31,99.525
615,TRHV_18,99.525
616,TRHV_32,99.525
617,TRHV_17,99.525
618,TRHV_35,99.525
619,TRHV_36,99.525
620,TRHV_37,99.525
621,TRHV_38,99.525
622,TRHV_39,99.525
623,TRHV_40,99.525
624,TRHV_41,99.525
625,TRHV_28,99.525
626,TRHV_44,99.525
627,TRHV_29,99.525
628,TRHV_45,99.525
629,TRHV_30,99.525
630,TRHV_53,99.525
631,TRHV_54,99.525
632,TRHV_55,99.525
633,TRHV_56,99.525
634,TRHV_57,99.525
635,TRHV_59,99.525
636,TRHV_60,99.525
637,TRHV_61,99.525
638,TRHV_62,99.525
639,TRHV_63,99.525
640,TRHV_64,99.525
641,TRHV_65,99.525
642,TRHV_46,99.525
643,TRHV_66,99.525
644,TRHV_47,99.525
645,TRHV_67,99.525
646,TRHV_68,99.525
647,TRHV_69,99.525
648,TRHV_50,99.525
649,TRHV_70,99.525
650,TRHV_71,99.525
651,TRHV_72,99.525
652,TRHV_75,99.525
653,TRHV_76,99.525
654,TRHV_77,99.525
655,TRHV_78,99.525
656,TRHV_79,99.525
657,TRHV_80,99.525
658,TRHV_81,99.525
659,TRHV_82,99.525
660,TRHV_83,99.525
661,TRHV_84,99.525
662,TRHV_85,99.525
663,TRHV_86,99.525
664,TRHV_89,99.525
665,TRHV_90,99.525
666,TRHV_95,99.525
667,TRHV_96,99.525
668,TRHV_98,99.525
669,TRHV_99,99.525
670,TRHV_101,99.525
671,TRHV_103,99.525
672,TRHV_104,99.525
673,TRHV_107,99.525
674,TRHV_111,99.525
675,TRHV_112,99.525
676,TRHV_113,99.525
677,TRHV_115,99.525
678,TRHV_116,99.525
679,TRHV_118,99.525
680,TRHV_119,99.525
681,TRHV_120,99.525
682,TRHV_121,99.525
683,TRHV_124,99.525
684,TRHV_125,99.525
685,TRHV_128,99.525
686,TRHV_129,99.525
687,TRHV_130,99.525
688,TRHV_132,99.525
689,TRHV_133,99.525
690,TRHV_135,99.525
691,TRHV_136,99.525
692,TRHV_137,99.525
693,TRHV_138,99.525
694,TRHV_139,99.525
695,TRHV_141,99.525
696,TRHV_142,99.525
697,TRHV_146,99.525
698,TRHV_150,99.525
699,TRHV_151,99.525
700,TRHV_152,99.525
701,TRHV_154,99.525
702,TRHV_155,99.525
703,TRHV_156,99.525
704,TRHV_157,99.525
705,TRHV_158,99.525
706,TRHV_159,99.525
707,TRHV_169,99.525
708,TRHV_170,99.525
709,TRHV_175,99.525
710,TRHV_176,99.525
711,TRHV_177,99.525
712,TRHV_185,99.525
713,TRHV_191,99.525
714,TRHV_194,99.525
715,TRHV_195,99.525
716,TRHV_196,99.525
717,TRHV_210,99.525
718,TRHV_211,99.525
719,TRHV_212,99.525
720,TRHV_213,99.525
721,TRHV_214,99.525
722,TRHV_216,99.525
723,TRHV_230,99.525
724,TRHV_231,99.525
725,TRHV_234,99.525
726,TRHV_236,99.525
727,TRHV_250,99.525
728,TRHV_254,99.525
729,TRHV_255,99.525
730,TRHV_256,99.525
731,TRHV_272,99.525
732,TRHV_273,99.525
733,TRHV_274,99.525
734,TRHV_275,99.525
735,TRHV_276,99.525
736,TRHV_289,99.525
737,TRHV_290,99.525
738,TRHV_293,99.525
739,TRHV_294,99.525
740,TRHV_296,99.525
741,TRHV_306,99.525
742,TRHV_307,99.525
743,TRHV_308,99.525
744,TRHV_309,99.525
745,TRHV_311,99.525
746,TRHV_312,99.525
747,TRHV_295,99.525
748,TRHV_313,99.525
749,TRHV_323,99.525
750,TRHV_324,99.525
751,TRHV_325,99.525
752,TRHV_326,99.525
753,TRHV_328,99.525
754,TRHV_329,99.525
755,TRHV_338,99.525
756,TRHV_339,99.525
757,TRHV_340,99.525
758,TRHV_349,99.525
759,TRHV_350,99.525
760,TRHV_351,99.525
761,TRHV_356,99.525
762,TRHV_357,99.525
763,TRHV_372,99.525
764,,
765,,
766,,
767,,
768,,
769,,
770,,
771,,
772,,
773,,
774,,
775,,
776,,
777,,
778,,
779,,
780,,
781,,
782,,
783,,
784,,
785,,
786,,
787,,
788,,
789,,
790,,
791,,
792,,
793,,
794,,
795,,
796,,
797,,
798,,
799,,
800,,
801,,
802,,
803,,
804,,
805,,
806,,
807,,
808,,
809,,
810,,
811,,
812,,
813,,
814,,
815,,
816,,
817,,
818,,
819,,
820,,
821,,
822,,
823,,
824,,
825,,
826,,
827,,
828,,
829,,
830,,
831,,
832,,
833,,
834,,
835,,
836,,
837,,
838,,
839,,
840,,
841,,
842,,
843,,
844,,
845,,
846,,
847,,
848,,
849,,
850,,
851,,
852,,
853,,
854,,
855,,
856,,
857,,
858,,
859,,
860,,
861,,
862,,
863,,
864,,
865,,
866,,
867,,
868,,
869,,
870,,
871,,
872,,
873,,
874,,
875,,
876,,
877,,
878,,
879,,
880,,
881,,
882,,
883,,
884,,
885,,
886,,
887,,
888,,
889,,
890,,
891,,
892,,
893,,
894,,
895,,
896,,
897,,
898,,
899,,
900,,
901,,
902,,
903,,
904,,
905,,
906,,
907,,
908,,
909,,
910,,
911,,
912,,
913,,
914,,
915,,
916,,
917,,
918,,
919,,
920,,
921,,
922,,
923,,
924,,
925,,
926,,
927,,
928,,
929,,
930,,
931,,
932,,
933,,
934,,
935,,
936,,
937,,
938,,
939,,
940,,
941,,
942,,
943,,
944,,
945,,
946,,
947,,
948,,
949,,
950,,
951,,
952,,
953,,
954,,
955,,
956,,
957,,
958,,
959,,
960,,
961,,
962,,
963,,
964,,
965,,
966,,
967,,
968,,
969,,
970,,
971,,
972,,
973,,
974,,
975,,
976,,
977,,
978,,
979,,
980,,
981,,
982,,
983,,
984,,
985,,
986,,
987,,
988,,
989,,
990,,
991,,
992,,
993,,
994,,
995,,
996,,
997,,
998,,
999,,
1000,,
1001,,
1002,,
1003,,
1004,,
1005,,
1006,,
1007,,
1008,,
1009,,
1010,,
1011,,
1012,,
1013,,
1014,,
1015,,
1016,,
1017,,
1018,,
1019,,
1020,,
1021,,
1022,,
1023,,
1024,,
1025,,
1026,,
1027,,
1028,,
1029,,
1030,,
1031,,
1032,,
1033,,
1034,,
1035,,
1036,,
1037,,
1038,,
1039,,
1040,,
1041,,
1042,,
1043,,
1044,,
1045,,
1046,,
1047,,
1048,,
1049,,
1050,,
1051,,
1052,,
1053,,
1054,,
1055,,
1056,,
1057,,
1058,,
1059,,
1060,,
1061,,
1062,,
1063,,
1064,,
1065,,
1066,,
1067,,
1068,,
1069,,
1070,,
1071,,
1072,,
1073,,
1074,,
1075,,
1076,,
1077,,
1078,,
1079,,
1080,,
1081,,
1082,,
1083,,
1084,,
1085,,
1086,,
1087,,
1088,,
1089,,
1090,,
1091,,
1092,,
1093,,
1094,,
1095,,
1096,,
1097,,
1098,,
1099,,
1100,,
1101,,
1102,,
1103,,
1104,,
1105,,
1106,,
1107,,
1108,,
1109,,
1110,,
1111,,
1112,,
1113,,
1114,,
1115,,
1116,,
1117,,
1118,,
1119,,
1120,,
1121,,
1122,,
1123,,
1124,,
1125,,
1126,,
1127,,
1128,,
1129,,
1130,,
1131,,
1132,,
1133,,
1134,,
1135,,
1136,,
1137,,
1138,,
1139,,
1140,,
1141,,
1142,,
1143,,
1144,,
1145,,
1146,,
1147,,
1148,,
1149,,
1150,,
1151,,
1152,,
1153,,
1154,,
1155,,
1156,,
1157,,
1158,,
1159,,
1160,,
1161,,
1162,,
1163,,
1164,,
1165,,
1166,,
1167,,
1168,,
1169,,
1170,,
1171,,
1172,,
1173,,
1174,,
1175,,
1176,,
1177,,
1178,,
1179,,
1180,,
1181,,
1182,,
1183,,
1184,,
1185,,
1186,,
1187,,
1188,,
1189,,
1190,,
1191,,
1192,,
1193,,
1194,,
1195,,
1196,,
1197,,
1198,,
1199,,
1200,,
1201,,
1202,,
1203,,
1204,,
1205,,
1206,,
1207,,
1208,,
1209,,
1210,,
1211,,
1212,,
1213,,
1214,,
1215,,
1216,,
1217,,
1218,,
1219,,
1220,,
1221,,
1222,,
1223,,
1224,,
1225,,
1226,,
1227,,
1228,,
1229,,
1230,,
1231,,
1232,,
1233,,
1234,,
1235,,
1236,,
1237,,
1238,,
1239,,
1240,,
1241,,
1242,,
1243,,
1244,,
1245,,
1246,,
1247,,
1248,,
1249,,
1250,,
1251,,
1252,,
1253,,
1254,,
1255,,
1256,,
1257,,
1258,,
1259,,
1260,,
1261,,
1262,,
1263,,
1264,,
1265,,
1266,,
1267,,
1268,,
1269,,
1270,,
1271,,
1272,,
1273,,
1274,,
1275,,
1276,,
1277,,
1278,,
1279,,
1280,,
1281,,
1282,,
1283,,
1284,,
1285,,
1286,,
1287,,
1288,,
1289,,
1290,,
1291,,
1292,,
1293,,
1294,,
1295,,
1296,,
1297,,
1298,,
1299,,
1300,,
1301,,
1302,,
1303,,
1304,,
1305,,
1306,,
1307,,
1308,,
1309,,
1310,,
1311,,
1312,,
1313,,
1314,,
1315,,
1316,,
1317,,
1318,,
1319,,
1320,,
1321,,
1322,,
1323,,
1324,,
1325,,
1326,,
1327,,
1328,,
1329,,
1330,,
1331,,
1332,,
1333,,
1334,,
1335,,
1336,,
1337,,
1338,,
1339,,
1340,,
1341,,
1342,,
1343,,
1344,,
1345,,
1346,,
1347,,
1348,,
1349,,
1350,,
1351,,
1352,,
1353,,
1354,,
1355,,
1356,,
1357,,
1358,,
1359,,
1360,,
1361,,
1362,,
1363,,
1364,,
1365,,
1366,,
1367,,
1368,,
1369,,
1370,,
1371,,
1372,,
1373,,
1374,,
1375,,
1376,,
1377,,
1378,,
1379,,
1380,,
1381,,
1382,,
1383,,
1384,,
1385,,
1386,,
1387,,
1388,,
1389,,
1390,,
1391,,
1392,,
1393,,
1394,,
1395,,
1396,,
1397,,
1398,,
1399,,
1400,,
1401,,
1402,,
1403,,
1404,,
1405,,
1406,,
1407,,
1408,,
1409,,
1410,,
1411,,
1412,,
1413,,
1414,,
1415,,
1416,,
1417,,
1418,,
1419,,
1420,,
1421,,
1422,,
1423,,
1424,,
1425,,
1426,,
1427,,
1428,,
1429,,
1430,,
1431,,
1432,,
1433,,
1434,,
1435,,
1436,,
1437,,
1438,,
1439,,
1440,,
1441,,
1442,,
1443,,
1444,,
1445,,
1446,,
1447,,
1448,,
1449,,
1450,,
1451,,
1452,,
1453,,
1454,,
1455,,
1456,,
1457,,
1458,,
1459,,
1460,,
1461,,
1462,,
1463,,
1464,,
1465,,
1466,,
1467,,
1468,,
1469,,
1470,,
1471,,
1472,,
1473,,
1474,,
1475,,
1476,,
1477,,
1478,,
1479,,
1480,,
1481,,
1482,,
1483,,
1484,,
1485,,
1486,,
1487,,
1488,,
1489,,
1490,,
1491,,
1492,,
1493,,
1494,,
1495,,
1496,,
1497,,
1498,,
1499,,
1500,,
1501,,
1502,,
1503,,
1504,,
1505,,
1506,,
1507,,
1508,,
1509,,
1510,,
1511,,
1512,,
1513,,
1514,,
1515,,
1516,,
1517,,
1518,,
1519,,
1520,,
1521,,
1522,,
1523,,
1524,,
1525,,
1526,,
1527,,
1528,,
1529,,
1530,,
1531,,
1532,,
1533,,
1534,,
1535,,
1536,,
1537,,
1538,,
1539,,
1540,,
1541,,
1542,,
1543,,
1544,,
1545,,
1546,,
1547,,
1548,,
1549,,
1550,,
1551,,
1552,,
1553,,
1554,,
1555,,
1556,,
1557,,
1558,,
1559,,
1560,,
1561,,
1562,,
1563,,
1564,,
1565,,
1566,,
1567,,
1568,,
1569,,
1570,,
1571,,
1572,,
1573,,
1574,,
1575,,
1576,,
1577,,
1578,,
1579,,
1580,,
1581,,
1582,,
1583,,
1584,,
1585,,
1586,,
1587,,
1588,,
1589,,
1590,,
1591,,
1592,,
1593,,
1594,,
1595,,
1596,,
1597,,
1598,,
1599,,
1600,,
1601,,
1602,,
1603,,
1604,,
1605,,
1606,,
1607,,
1608,,
1609,,
1610,,
1611,,
1612,,
1613,,
1614,,
1615,,
1616,,
1617,,
1618,,
1619,,
1620,,
1621,,
1622,,
1623,,
1624,,
1625,,
1626,,
1627,,
1628,,
1629,,
1630,,
1631,,
1632,,
1633,,
1634,,
1635,,
1636,,
1637,,
1638,,
1639,,
1640,,
1641,,
1642,,
1643,,
1644,,
1645,,
1646,,
1647,,
1648,,
1649,,
1650,,
1651,,
1652,,
1653,,
1654,,
1655,,
1656,,
1657,,
1658,,
1659,,
1660,,
1661,,
1662,,
1663,,
1664,,
1665,,
1666,,
1667,,
1668,,
1669,,
1670,,
1671,,
1672,,
1673,,
1674,,
1675,,
1676,,
1677,,
1678,,
1679,,
1680,,
1681,,
1682,,
1683,,
1684,,
1685,,
1686,,
1687,,
1688,,
1689,,
1690,,
1691,,
1692,,
1693,,
1694,,
1695,,
1696,,
1697,,
1698,,
1699,,
1700,,
1701,,
1702,,
1703,,
1704,,
1705,,
1706,,
1707,,
1708,,
1709,,
1710,,
1711,,
1712,,
1713,,
1714,,
1715,,
1716,,
1717,,
1718,,
1719,,
1720,,
1721,,
1722,,
1723,,
1724,,
1725,,
1726,,
1727,,
1728,,
1729,,
1730,,
1731,,
1732,,
1733,,
1734,,
1735,,
1736,,
1737,,
1738,,
1739,,
1740,,
1741,,
1742,,
1743,,
1744,,
1745,,
1746,,
1747,,
1748,,
1749,,
1750,,
1751,,
1752,,
1753,,
1754,,
1755,,
1756,,
1757,,
1758,,
1759,,
1760,,
1761,,
1762,,
1763,,
1764,,
1765,,
1766,,
1767,,
1768,,
1769,,
1770,,
1771,,
1772,,
1773,,
1774,,
1775,,
1776,,
1777,,
1778,,
1779,,
1780,,
1781,,
1782,,
1783,,
1784,,
1785,,
1786,,
1787,,
1788,,
1789,,
1790,,
1791,,
1792,,
1793,,
1794,,
1795,,
1796,,
1797,,
1798,,
1799,,
1800,,
1801,,
1802,,
1803,,
1804,,
1805,,
1806,,
1807,,
1808,,
1809,,
1810,,
1811,,
1812,,
1813,,
1814,,
1815,,
1816,,
1817,,
1818,,
1819,,
1820,,
1821,,
1822,,
1823,,
1824,,
1825,,
1826,,
1827,,
1828,,
1829,,
1830,,
1831,,
1832,,
1833,,
1834,,
1835,,
1836,,
1837,,
1838,,
1839,,
1840,,
1841,,
1842,,
1843,,
1844,,
1845,,
1846,,
1847,,
1848,,
1849,,
1850,,
1851,,
1852,,
1853,,
1854,,
1855,,
1856,,
1857,,
1858,,
1859,,
1860,,
1861,,
1862,,
1863,,
1864,,
1865,,
1866,,
1867,,
1868,,
1869,,
1870,,
1871,,
1872,,
1873,,
1874,,
1875,,
1876,,
1877,,
1878,,
1879,,
1880,,
1881,,
1882,,
1883,,
1884,,
1885,,
1886,,
1887,,
1888,,
1889,,
1890,,
1891,,
1892,,
1893,,
1894,,
1895,,
1896,,
1897,,
1898,,
1899,,
1900,,
1901,,
1902,,
1903,,
1904,,
1905,,
1906,,
1907,,
1908,,
1909,,
1910,,
1911,,
1912,,
1913,,
1914,,
1915,,
1916,,
1917,,
1918,,
1919,,
1920,,
1921,,
1922,,
1923,,
1924,,
1925,,
1926,,
1927,,
1928,,
1929,,
1930,,
1931,,
1932,,
1933,,
1934,,
1935,,
1936,,
1937,,
1938,,
1939,,
1940,,
1941,,
1942,,
1943,,
1944,,
1945,,
1946,,
1947,,
1948,,
1949,,
1950,,
1951,,
1952,,
1953,,
1954,,
1955,,
1956,,
1957,,
1958,,
1959,,
1960,,
1961,,
1962,,
1963,,
1964,,
1965,,
1966,,
1967,,
1968,,
1969,,
1970,,
1971,,
1972,,
1973,,
1974,,
1975,,
1976,,
1977,,
1978,,
1979,,
1980,,
1981,,
1982,,
1983,,
1984,,
1985,,
1986,,
1987,,
1988,,
1989,,
1990,,
1991,,
1992,,
1993,,
1994,,
1995,,
1996,,
1997,,
1998,,
1999,,
2000,,
2001,,
2002,,
2003,,
2004,,
2005,,
2006,,
2007,,
2008,,
2009,,
2010,,
2011,,
2012,,
2013,,
2014,,
2015,,
2016,,
2017,,
2018,,
2019,,
2020,,
2021,,
2022,,
2023,,
2024,,
2025,,
2026,,
2027,,
2028,,
2029,,
2030,,
2031,,
2032,,
2033,,
2034,,
2035,,
2036,,
2037,,
2038,,
2039,,
2040,,
2041,,
2042,,
2043,,
2044,,
2045,,
2046,,
2047,,
2048,,
2049,,
2050,,
2051,,
2052,,
2053,,
2054,,
2055,,
2056,,
2057,,
2058,,
2059,,
2060,,
2061,,
2062,,
2063,,
2064,,
2065,,
2066,,
2067,,
2068,,
2069,,
2070,,
2071,,
2072,,
2073,,
2074,,
2075,,
2076,,
2077,,
2078,,
2079,,
2080,,
2081,,
2082,,
2083,,
2084,,
2085,,
2086,,
2087,,
2088,,
2089,,
2090,,
2091,,
2092,,
2093,,
2094,,
2095,,
2096,,
2097,,
2098,,
2099,,
2100,,
2101,,
2102,,
2103,,
2104,,
2105,,
2106,,
2107,,
2108,,
2109,,
2110,,
2111,,
2112,,
2113,,
2114,,
2115,,
2116,,
2117,,
2118,,
2119,,
2120,,
2121,,
2122,,
2123,,
2124,,
2125,,
2126,,
2127,,
2128,,
2129,,
2130,,
2131,,
2132,,
2133,,
2134,,
2135,,
2136,,
2137,,
2138,,
2139,,
2140,,
2141,,
2142,,
2143,,
2144,,
2145,,
2146,,
2147,,
2148,,
2149,,
2150,,
2151,,
2152,,
2153,,
2154,,
2155,,
2156,,
2157,,
2158,,
2159,,
2160,,
2161,,
2162,,
2163,,
2164,,
2165,,
2166,,
2167,,
2168,,
2169,,
2170,,
2171,,
2172,,
2173,,
2174,,
2175,,
2176,,
2177,,
2178,,
2179,,
2180,,
2181,,
2182,,
2183,,
2184,,
2185,,
2186,,
2187,,
2188,,
2189,,
2190,,
2191,,
2192,,
2193,,
2194,,
2195,,
2196,,
2197,,
2198,,
2199,,
2200,,
2201,,
2202,,
2203,,
2204,,
2205,,
2206,,
2207,,
2208,,
2209,,
2210,,
2211,,
2212,,
2213,,
2214,,
2215,,
2216,,
2217,,
2218,,
2219,,
2220,,
2221,,
2222,,
2223,,
2224,,
2225,,
2226,,
2227,,
2228,,
2229,,
2230,,
2231,,
2232,,
2233,,
2234,,
2235,,
2236,,
2237,,
2238,,
2239,,
2240,,
2241,,
2242,,
2243,,
2244,,
2245,,
2246,,
2247,,
2248,,
2249,,
2250,,
2251,,
2252,,
2253,,
2254,,
2255,,
2256,,
2257,,
2258,,
2259,,
2260,,
2261,,
2262,,
2263,,
2264,,
2265,,
2266,,
2267,,
2268,,
2269,,
2270,,
2271,,
2272,,
2273,,
2274,,
2275,,
2276,,
2277,,
2278,,
2279,,
2280,,
2281,,
2282,,
2283,,
2284,,
2285,,
2286,,
2287,,
2288,,
2289,,
2290,,
2291,,
2292,,
2293,,
2294,,
2295,,
2296,,
2297,,
2298,,
2299,,
2300,,
2301,,
2302,,
2303,,
2304,,
2305,,
2306,,
2307,,
2308,,
2309,,
2310,,
2311,,
2312,,
2313,,
2314,,
2315,,
2316,,
2317,,
2318,,
2319,,
2320,,
2321,,
2322,,
2323,,
2324,,
2325,,
2326,,
2327,,
2328,,
2329,,
2330,,
2331,,
2332,,
2333,,
2334,,
2335,,
2336,,
2337,,
2338,,
2339,,
2340,,
2341,,
2342,,
2343,,
2344,,
2345,,
2346,,
2347,,
2348,,
2349,,
2350,,
2351,,
2352,,
2353,,
2354,,
2355,,
2356,,
2357,,
2358,,
2359,,
2360,,
2361,,
2362,,
2363,,
2364,,
2365,,
2366,,
2367,,
2368,,
2369,,
2370,,
2371,,
2372,,
2373,,
2374,,
2375,,
2376,,
2377,,
2378,,
2379,,
2380,,
2381,,
2382,,
2383,,
2384,,
2385,,
2386,,
2387,,
2388,,
2389,,
2390,,
2391,,
2392,,
2393,,
2394,,
2395,,
2396,,
2397,,
2398,,
2399,,
2400,,
2401,,
2402,,
2403,,
2404,,
2405,,
2406,,
2407,,
2408,,
2409,,
2410,,
2411,,
2412,,
2413,,
2414,,
2415,,
2416,,
2417,,
2418,,
2419,,
2420,,
2421,,
2422,,
2423,,
2424,,
2425,,
2426,,
2427,,
2428,,
2429,,
2430,,
2431,,
2432,,
2433,,
2434,,
2435,,
2436,,
2437,,
2438,,
2439,,
2440,,
2441,,
2442,,
2443,,
2444,,
2445,,
2446,,
2447,,
2448,,
2449,,
2450,,
2451,,
2452,,
2453,,
2454,,
2455,,
2456,,
2457,,
2458,,
2459,,
2460,,
2461,,
2462,,
2463,,
2464,,
2465,,
2466,,
2467,,
2468,,
2469,,
2470,,
2471,,
2472,,
2473,,
2474,,
2475,,
2476,,
2477,,
2478,,
2479,,
2480,,
2481,,
2482,,
2483,,
2484,,
2485,,
2486,,
2487,,
2488,,
2489,,
2490,,
2491,,
2492,,
2493,,
2494,,
2495,,
2496,,
2497,,
2498,,
2499,,
2500,,
2501,,
2502,,
2503,,
2504,,
2505,,
2506,,
2507,,
2508,,
2509,,
2510,,
2511,,
2512,,
2513,,
2514,,
2515,,
2516,,
2517,,
2518,,
2519,,
2520,,
2521,,
2522,,
2523,,
2524,,
2525,,
2526,,
2527,,
2528,,
2529,,
2530,,
2531,,
2532,,
2533,,
2534,,
2535,,
2536,,
2537,,
2538,,
2539,,
2540,,
2541,,
2542,,
2543,,
2544,,
2545,,
2546,,
2547,,
2548,,
2549,,
2550,,
2551,,
2552,,
2553,,
2554,,
2555,,
2556,,
2557,,
2558,,
2559,,
2560,,
2561,,
2562,,
2563,,
2564,,
2565,,
2566,,
2567,,
2568,,
2569,,
2570,,
2571,,
2572,,
2573,,
2574,,
2575,,
2576,,
2577,,
2578,,
2579,,
2580,,
2581,,
2582,,
2583,,
2584,,
2585,,
2586,,
2587,,
2588,,
2589,,
2590,,
2591,,
2592,,
2593,,
2594,,
2595,,
2596,,
2597,,
2598,,
2599,,
2600,,
2601,,
2602,,
2603,,
2604,,
2605,,
2606,,
2607,,
2608,,
2609,,
2610,,
2611,,
2612,,
2613,,
2614,,
2615,,
2616,,
2617,,
2618,,
2619,,
2620,,
2621,,
2622,,
2623,,
2624,,
2625,,
2626,,
2627,,
2628,,
2629,,
2630,,
2631,,
2632,,
2633,,
2634,,
2635,,
2636,,
2637,,
2638,,
2639,,
2640,,
2641,,
2642,,
2643,,
2644,,
2645,,
2646,,
2647,,
2648,,
2649,,
2650,,
2651,,
2652,,
2653,,
2654,,
2655,,
2656,,
2657,,
2658,,
2659,,
2660,,
2661,,
2662,,
2663,,
2664,,
2665,,
2666,,
2667,,
2668,,
2669,,
2670,,
2671,,
2672,,
2673,,
2674,,
2675,,
2676,,
2677,,
2678,,
2679,,
2680,,
2681,,
2682,,
2683,,
2684,,
2685,,
2686,,
2687,,
2688,,
2689,,
2690,,
2691,,
2692,,
2693,,
2694,,
2695,,
2696,,
2697,,
2698,,
2699,,
2700,,
2701,,
2702,,
2703,,
2704,,
2705,,
2706,,
2707,,
2708,,
2709,,
2710,,
2711,,
2712,,
2713,,
2714,,
2715,,
2716,,
2717,,
2718,,
2719,,
2720,,
2721,,
2722,,
2723,,
2724,,
2725,,
2726,,
2727,,
2728,,
2729,,
2730,,
2731,,
2732,,
2733,,
2734,,
2735,,
2736,,
2737,,
2738,,
2739,,
2740,,
2741,,
2742,,
2743,,
2744,,
2745,,
2746,,
2747,,
2748,,
2749,,
2750,,
2751,,
2752,,
2753,,
2754,,
2755,,
2756,,
2757,,
2758,,
2759,,
2760,,
2761,,
2762,,
2763,,
2764,,
2765,,
2766,,
2767,,
2768,,
2769,,
2770,,
2771,,
2772,,
2773,,
2774,,
2775,,
2776,,
2777,,
2778,,
2779,,
2780,,
2781,,
2782,,
2783,,
2784,,
2785,,
2786,,
2787,,
2788,,
2789,,
2790,,
2791,,
2792,,
2793,,
2794,,
2795,,
2796,,
2797,,
2798,,
2799,,
2800,,
2801,,
2802,,
2803,,
2804,,
2805,,
2806,,
2807,,
2808,,
2809,,
2810,,
2811,,
2812,,
2813,,
2814,,
2815,,
2816,,
2817,,
2818,,
2819,,
2820,,
2821,,
2822,,
2823,,
2824,,
2825,,
2826,,
2827,,
2828,,
2829,,
2830,,
2831,,
2832,,
2833,,
2834,,
2835,,
2836,,
2837,,
2838,,
2839,,
2840,,
2841,,
2842,,
2843,,
2844,,
2845,,
2846,,
2847,,
2848,,
2849,,
2850,,
2851,,
2852,,
2853,,
2854,,
2855,,
2856,,
2857,,
2858,,
2859,,
2860,,
2861,,
2862,,
2863,,
2864,,
2865,,
2866,,
2867,,
2868,,
2869,,
2870,,
2871,,
2872,,
2873,,
2874,,
2875,,
2876,,
2877,,
2878,,
2879,,
2880,,
2881,,
2882,,
2883,,
2884,,
2885,,
2886,,
2887,,
2888,,
2889,,
2890,,
2891,,
2892,,
2893,,
2894,,
2895,,
2896,,
2897,,
2898,,
2899,,
2900,,
2901,,
2902,,
2903,,
2904,,
2905,,
2906,,
2907,,
2908,,
2909,,
2910,,
2911,,
2912,,
2913,,
2914,,
2915,,
2916,,
2917,,
2918,,
2919,,
2920,,
2921,,
2922,,
2923,,
2924,,
2925,,
2926,,
2927,,
2928,,
2929,,
2930,,
2931,,
2932,,
2933,,
2934,,
2935,,
2936,,
2937,,
2938,,
2939,,
2940,,
2941,,
2942,,
2943,,
2944,,
2945,,
2946,,
2947,,
2948,,
2949,,
2950,,
2951,,
2952,,
2953,,
2954,,
2955,,
2956,,
2957,,
2958,,
2959,,
2960,,
2961,,
2962,,
2963,,
2964,,
2965,,
2966,,
2967,,
2968,,
2969,,
2970,,
2971,,
2972,,
2973,,
2974,,
2975,,
2976,,
2977,,
2978,,
2979,,
2980,,
2981,,
2982,,
2983,,
2984,,
2985,,
2986,,
2987,,
2988,,
2989,,
2990,,
2991,,
2992,,
2993,,
2994,,
2995,,
2996,,
2997,,
2998,,
2999,,
3000,,
3001,,
3002,,
3003,,
3004,,
3005,,
3006,,
3007,,
3008,,
3009,,
3010,,
3011,,
3012,,
3013,,
3014,,
3015,,
3016,,
3017,,
3018,,
3019,,
3020,,
3021,,
3022,,
3023,,
3024,,
3025,,
3026,,
3027,,
3028,,
3029,,
3030,,
3031,,
3032,,
3033,,
3034,,
3035,,
3036,,
3037,,
3038,,
3039,,
3040,,
3041,,
3042,,
3043,,
3044,,
3045,,
3046,,
3047,,
3048,,
3049,,
3050,,
3051,,
3052,,
3053,,
3054,,
3055,,
3056,,
3057,,
3058,,
3059,,
3060,,
3061,,
3062,,
3063,,
3064,,
3065,,
3066,,
3067,,
3068,,
3069,,
3070,,
3071,,
3072,,
3073,,
3074,,
3075,,
3076,,
3077,,
3078,,
3079,,
3080,,
3081,,
3082,,
3083,,
3084,,
3085,,
3086,,
3087,,
3088,,
3089,,
3090,,
3091,,
3092,,
3093,,
3094,,
3095,,
3096,,
3097,,
3098,,
3099,,
3100,,
3101,,
3102,,
3103,,
3104,,
3105,,
3106,,
3107,,
3108,,
3109,,
3110,,
3111,,
3112,,
3113,,
3114,,
3115,,
3116,,
3117,,
3118,,
3119,,
3120,,
3121,,
3122,,
3123,,
3124,,
3125,,
3126,,
3127,,
3128,,
3129,,
3130,,
3131,,
3132,,
3133,,
3134,,
3135,,
3136,,
3137,,
3138,,
3139,,
3140,,
3141,,
3142,,
3143,,
3144,,
3145,,
3146,,
3147,,
3148,,
3149,,
3150,,
3151,,
3152,,
3153,,
3154,,
3155,,
3156,,
3157,,
3158,,
3159,,
3160,,
3161,,
3162,,
3163,,
3164,,
3165,,
3166,,
3167,,
3168,,
3169,,
3170,,
3171,,
3172,,
3173,,
3174,,
3175,,
3176,,
3177,,
3178,,
3179,,
3180,,
3181,,
3182,,
3183,,
3184,,
3185,,
3186,,
3187,,
3188,,
3189,,
3190,,
3191,,
3192,,
3193,,
3194,,
3195,,
3196,,
3197,,
3198,,
3199,,
3200,,
3201,,
3202,,
3203,,
3204,,
3205,,
3206,,
3207,,
3208,,
3209,,
3210,,
3211,,
3212,,
3213,,
3214,,
3215,,
3216,,
3217,,
3218,,
3219,,
3220,,
3221,,
3222,,
3223,,
3224,,
3225,,
3226,,
3227,,
3228,,
3229,,
3230,,
3231,,
3232,,
3233,,
3234,,
3235,,
3236,,
3237,,
3238,,
3239,,
3240,,
3241,,
3242,,
3243,,
3244,,
3245,,
3246,,
3247,,
3248,,
3249,,
3250,,
3251,,
3252,,
3253,,
3254,,
3255,,
3256,,
3257,,
3258,,
3259,,
3260,,
3261,,
3262,,
3263,,
3264,,
3265,,
3266,,
3267,,
3268,,
3269,,
3270,,
3271,,
3272,,
3273,,
3274,,
3275,,
3276,,
3277,,
3278,,
3279,,
3280,,
3281,,
3282,,
3283,,
3284,,
3285,,
3286,,
3287,,
3288,,
3289,,
3290,,
3291,,
3292,,
3293,,
3294,,
3295,,
3296,,
3297,,
3298,,
3299,,
3300,,
3301,,
3302,,
3303,,
3304,,
3305,,
3306,,
3307,,
3308,,
3309,,
3310,,
3311,,
3312,,
3313,,
3314,,
3315,,
3316,,
3317,,
3318,,
3319,,
3320,,
3321,,
3322,,
3323,,
3324,,
3325,,
3326,,
3327,,
3328,,
3329,,
3330,,
3331,,
3332,,
3333,,
3334,,
3335,,
3336,,
3337,,
3338,,
3339,,
3340,,
3341,,
3342,,
3343,,
3344,,
3345,,
3346,,
3347,,
3348,,
3349,,
3350,,
3351,,
3352,,
3353,,
3354,,
3355,,
3356,,
3357,,
3358,,
3359,,
3360,,
3361,,
3362,,
3363,,
3364,,
3365,,
3366,,
3367,,
3368,,
3369,,
3370,,
3371,,
3372,,
3373,,
3374,,
3375,,
3376,,
3377,,
3378,,
3379,,
3380,,
3381,,
3382,,
3383,,
3384,,
3385,,
3386,,
3387,,
3388,,
3389,,
3390,,
3391,,
3392,,
3393,,
3394,,
3395,,
3396,,
3397,,
3398,,
3399,,
3400,,
3401,,
3402,,
3403,,
3404,,
3405,,
3406,,
3407,,
3408,,
3409,,
3410,,
3411,,
3412,,
3413,,
3414,,
3415,,
3416,,
3417,,
3418,,
3419,,
3420,,
3421,,
3422,,
3423,,
3424,,
3425,,
3426,,
3427,,
3428,,
3429,,
3430,,
3431,,
3432,,
3433,,
3434,,
3435,,
3436,,
3437,,
3438,,
3439,,
3440,,
3441,,
3442,,
3443,,
3444,,
3445,,
3446,,
3447,,
3448,,
3449,,
3450,,
3451,,
3452,,
3453,,
3454,,
3455,,
3456,,
3457,,
3458,,
3459,,
3460,,
3461,,
3462,,
3463,,
3464,,
3465,,
3466,,
3467,,
3468,,
3469,,
3470,,
3471,,
3472,,
3473,,
3474,,
3475,,
3476,,
3477,,
3478,,
3479,,
3480,,
3481,,
3482,,
3483,,
3484,,
3485,,
3486,,
3487,,
3488,,
3489,,
3490,,
3491,,
3492,,
3493,,
3494,,
3495,,
3496,,
3497,,
3498,,
3499,,
3500,,
3501,,
3502,,
3503,,
3504,,
3505,,
3506,,
3507,,
3508,,
3509,,
3510,,
3511,,
3512,,
3513,,
3514,,
3515,,
3516,,
3517,,
3518,,
3519,,
3520,,
3521,,
3522,,
3523,,
3524,,
3525,,
3526,,
3527,,
3528,,
3529,,
3530,,
3531,,
3532,,
3533,,
3534,,
3535,,
3536,,
3537,,
3538,,
3539,,
3540,,
3541,,
3542,,
3543,,
3544,,
3545,,
3546,,
3547,,
3548,,
3549,,
3550,,
3551,,
3552,,
3553,,
3554,,
3555,,
3556,,
3557,,
3558,,
3559,,
3560,,
3561,,
3562,,
3563,,
3564,,
3565,,
3566,,
3567,,
3568,,
3569,,
3570,,
3571,,
3572,,
3573,,
3574,,
3575,,
3576,,
3577,,
3578,,
3579,,
3580,,
3581,,
3582,,
3583,,
3584,,
3585,,
3586,,
3587,,
3588,,
3589,,
3590,,
3591,,
3592,,
3593,,
3594,,
3595,,
3596,,
3597,,
3598,,
3599,,
3600,,
3601,,
3602,,
3603,,
3604,,
3605,,
3606,,
3607,,
3608,,
3609,,
3610,,
3611,,
3612,,
3613,,
3614,,
3615,,
3616,,
3617,,
3618,,
3619,,
3620,,
3621,,
3622,,
3623,,
3624,,
3625,,
3626,,
3627,,
3628,,
3629,,
3630,,
3631,,
3632,,
3633,,
3634,,
3635,,
3636,,
3637,,
3638,,
3639,,
3640,,
3641,,
3642,,
3643,,
3644,,
3645,,
3646,,
3647,,
3648,,
3649,,
3650,,
3651,,
3652,,
3653,,
3654,,
3655,,
3656,,
3657,,
3658,,
3659,,
3660,,
3661,,
3662,,
3663,,
3664,,
3665,,
3666,,
3667,,
3668,,
3669,,
3670,,
3671,,
3672,,
3673,,
3674,,
3675,,
3676,,
3677,,
3678,,
3679,,
3680,,
3681,,
3682,,
3683,,
3684,,
3685,,
3686,,
3687,,
3688,,
3689,,
3690,,
3691,,
3692,,
3693,,
3694,,
3695,,
3696,,
3697,,
3698,,
3699,,
3700,,
3701,,
3702,,
3703,,
3704,,
3705,,
3706,,
3707,,
3708,,
3709,,
3710,,
3711,,
3712,,
3713,,
3714,,
3715,,
3716,,
3717,,
3718,,
3719,,
3720,,
3721,,
3722,,
3723,,
3724,,
3725,,
3726,,
3727,,
3728,,
3729,,
3730,,
3731,,
3732,,
3733,,
3734,,
3735,,
3736,,
3737,,
3738,,
3739,,
3740,,
3741,,
3742,,
3743,,
3744,,
3745,,
3746,,
3747,,
3748,,
3749,,
3750,,
3751,,
3752,,
3753,,
3754,,
3755,,
3756,,
3757,,
3758,,
3759,,
3760,,
3761,,
3762,,
3763,,
3764,,
3765,,
3766,,
3767,,
3768,,
3769,,
3770,,
3771,,
3772,,
3773,,
3774,,
3775,,
3776,,
3777,,
3778,,
3779,,
3780,,
3781,,
3782,,
3783,,
3784,,
3785,,
3786,,
3787,,
3788,,
3789,,
3790,,
3791,,
3792,,
3793,,
3794,,
3795,,
3796,,
3797,,
3798,,
3799,,
3800,,
3801,,
3802,,
3803,,
3804,,
3805,,
3806,,
3807,,
3808,,
3809,,
3810,,
3811,,
3812,,
3813,,
3814,,
3815,,
3816,,
3817,,
3818,,
3819,,
3820,,
3821,,
3822,,
3823,,
3824,,
3825,,
3826,,
3827,,
3828,,
3829,,
3830,,
3831,,
3832,,
3833,,
3834,,
3835,,
3836,,
3837,,
3838,,
3839,,
3840,,
3841,,
3842,,
3843,,
3844,,
3845,,
3846,,
3847,,
3848,,
3849,,
3850,,
3851,,
3852,,
3853,,
3854,,
3855,,
3856,,
3857,,
3858,,
3859,,
3860,,
3861,,
3862,,
3863,,
3864,,
3865,,
3866,,
3867,,
3868,,
3869,,
3870,,
3871,,
3872,,
3873,,
3874,,
3875,,
3876,,
3877,,
3878,,
3879,,
3880,,
3881,,
3882,,
3883,,
3884,,
3885,,
3886,,
3887,,
3888,,
3889,,
3890,,
3891,,
3892,,
3893,,
3894,,
3895,,
3896,,
3897,,
3898,,
3899,,
3900,,
3901,,
3902,,
3903,,
3904,,
3905,,
3906,,
3907,,
3908,,
3909,,
3910,,
3911,,
3912,,
3913,,
3914,,
3915,,
3916,,
3917,,
3918,,
3919,,
3920,,
3921,,
3922,,
3923,,
3924,,
3925,,
3926,,
3927,,
3928,,
3929,,
3930,,
3931,,
3932,,
3933,,
3934,,
3935,,
3936,,
3937,,
3938,,
3939,,
3940,,
3941,,
3942,,
3943,,
3944,,
3945,,
3946,,
3947,,
3948,,
3949,,
3950,,
3951,,
3952,,
3953,,
3954,,
3955,,
3956,,
3957,,
3958,,
3959,,
3960,,
3961,,
3962,,
3963,,
3964,,
3965,,
3966,,
3967,,
3968,,
3969,,
3970,,
3971,,
3972,,
3973,,
3974,,
3975,,
3976,,
3977,,
3978,,
3979,,
3980,,
3981,,
3982,,
3983,,
3984,,
3985,,
3986,,
3987,,
3988,,
3989,,
3990,,
3991,,
3992,,
3993,,
3994,,
3995,,
3996,,
3997,,
3998,,
3999,,
4000,,
4001,,
4002,,
4003,,
4004,,
4005,,
4006,,
4007,,
4008,,
4009,,
4010,,
4011,,
4012,,
4013,,
4014,,
4015,,
4016,,
4017,,
4018,,
4019,,
4020,,
4021,,
4022,,
4023,,
4024,,
4025,,
4026,,
4027,,
4028,,
4029,,
4030,,
4031,,
4032,,
4033,,
4034,,
4035,,
4036,,
4037,,
4038,,
4039,,
4040,,
4041,,
4042,,
4043,,
4044,,
4045,,
4046,,
4047,,
4048,,
4049,,
4050,,
4051,,
4052,,
4053,,
4054,,
4055,,
4056,,
4057,,
4058,,
4059,,
4060,,
4061,,
4062,,
4063,,
4064,,
4065,,
4066,,
4067,,
4068,,
4069,,
4070,,
4071,,
4072,,
4073,,
4074,,
4075,,
4076,,
4077,,
4078,,
4079,,
4080,,
4081,,
4082,,
4083,,
4084,,
4085,,
4086,,
4087,,
4088,,
4089,,
4090,,
4091,,
4092,,
4093,,
4094,,
4095,,
4096,,
4097,,
4098,,
4099,,
4100,,
4101,,
4102,,
4103,,
4104,,
4105,,
4106,,
4107,,
4108,,
4109,,
4110,,
4111,,
4112,,
4113,,
4114,,
4115,,
4116,,
4117,,
4118,,
4119,,
4120,,
4121,,
4122,,
4123,,
4124,,
4125,,
4126,,
4127,,
4128,,
4129,,
4130,,
4131,,
4132,,
4133,,
4134,,
4135,,
4136,,
4137,,
4138,,
4139,,
4140,,
4141,,
4142,,
4143,,
4144,,
4145,,
4146,,
4147,,
4148,,
4149,,
4150,,
4151,,
4152,,
4153,,
4154,,
4155,,
4156,,
4157,,
4158,,
4159,,
4160,,
4161,,
4162,,
4163,,
4164,,
4165,,
4166,,
4167,,
4168,,
4169,,
4170,,
4171,,
4172,,
4173,,
4174,,
4175,,
4176,,
4177,,
4178,,
4179,,
4180,,
4181,,
4182,,
4183,,
4184,,
4185,,
4186,,
4187,,
4188,,
4189,,
4190,,
4191,,
4192,,
4193,,
4194,,
4195,,
4196,,
4197,,
4198,,
4199,,
4200,,
4201,,
4202,,
4203,,
4204,,
4205,,
4206,,
4207,,
4208,,
4209,,
4210,,
4211,,
4212,,
4213,,
4214,,
4215,,
4216,,
4217,,
4218,,
4219,,
4220,,
4221,,
4222,,
4223,,
4224,,
4225,,
4226,,
4227,,
4228,,
4229,,
4230,,
4231,,
4232,,
4233,,
4234,,
4235,,
4236,,
4237,,
4238,,
4239,,
4240,,
4241,,
4242,,
4243,,
4244,,
4245,,
4246,,
4247,,
4248,,
4249,,
4250,,
4251,,
4252,,
4253,,
4254,,
4255,,
4256,,
4257,,
4258,,
4259,,
4260,,
4261,,
4262,,
4263,,
4264,,
4265,,
4266,,
4267,,
4268,,
4269,,
4270,,
4271,,
4272,,
4273,,
4274,,
4275,,
4276,,
4277,,
4278,,
4279,,
4280,,
4281,,
4282,,
4283,,
4284,,
4285,,
4286,,
4287,,
4288,,
4289,,
4290,,
4291,,
4292,,
4293,,
4294,,
4295,,
4296,,
4297,,
4298,,
4299,,
4300,,
4301,,
4302,,
4303,,
4304,,
4305,,
4306,,
4307,,
4308,,
4309,,
4310,,
4311,,
4312,,
4313,,
4314,,
4315,,
4316,,
4317,,
4318,,
4319,,
4320,,
4321,,
4322,,
4323,,
4324,,
4325,,
4326,,
4327,,
4328,,
4329,,
4330,,
4331,,
4332,,
4333,,
4334,,
4335,,
4336,,
4337,,
4338,,
4339,,
4340,,
4341,,
4342,,
4343,,
4344,,
4345,,
4346,,
4347,,
4348,,
4349,,
4350,,
4351,,
4352,,
4353,,
4354,,
4355,,
4356,,
4357,,
4358,,
4359,,
4360,,
4361,,
4362,,
4363,,
4364,,
4365,,
4366,,
4367,,
4368,,
4369,,
4370,,
4371,,
4372,,
4373,,
4374,,
4375,,
4376,,
4377,,
4378,,
4379,,
4380,,
4381,,
4382,,
4383,,
4384,,
4385,,
4386,,
4387,,
4388,,
4389,,
4390,,
4391,,
4392,,
4393,,
4394,,
4395,,
4396,,
4397,,
4398,,
4399,,
4400,,
4401,,
4402,,
4403,,
4404,,
4405,,
4406,,
4407,,
4408,,
4409,,
4410,,
4411,,
4412,,
4413,,
4414,,
4415,,
4416,,
4417,,
4418,,
4419,,
4420,,
4421,,
4422,,
4423,,
4424,,
4425,,
4426,,
4427,,
4428,,
4429,,
4430,,
4431,,
4432,,
4433,,
4434,,
4435,,
4436,,
4437,,
4438,,
4439,,
4440,,
4441,,
4442,,
4443,,
4444,,
4445,,
4446,,
4447,,
4448,,
4449,,
4450,,
4451,,
4452,,
4453,,
4454,,
4455,,
4456,,
4457,,
4458,,
4459,,
4460,,
4461,,
4462,,
4463,,
4464,,
4465,,
4466,,
4467,,
4468,,
4469,,
4470,,
4471,,
4472,,
4473,,
4474,,
4475,,
4476,,
4477,,
4478,,
4479,,
4480,,
4481,,
4482,,
4483,,
4484,,
4485,,
4486,,
4487,,
4488,,
4489,,
4490,,
4491,,
4492,,
4493,,
4494,,
4495,,
4496,,
4497,,
4498,,
4499,,
4500,,
4501,,
4502,,
4503,,
4504,,
4505,,
4506,,
4507,,
4508,,
4509,,
4510,,
4511,,
4512,,
4513,,
4514,,
4515,,
4516,,
4517,,
4518,,
4519,,
4520,,
4521,,
4522,,
4523,,
4524,,
4525,,
4526,,
4527,,
4528,,
4529,,
4530,,
4531,,
4532,,
4533,,
4534,,
4535,,
4536,,
4537,,
4538,,
4539,,
4540,,
4541,,
4542,,
4543,,
4544,,
4545,,
4546,,
4547,,
4548,,
4549,,
4550,,
4551,,
4552,,
4553,,
4554,,
4555,,
4556,,
4557,,
4558,,
4559,,
4560,,
4561,,
4562,,
4563,,
4564,,
4565,,
4566,,
4567,,
4568,,
4569,,
4570,,
4571,,
4572,,
4573,,
4574,,
4575,,
4576,,
4577,,
4578,,
4579,,
4580,,
4581,,
4582,,
4583,,
4584,,
4585,,
4586,,
4587,,
4588,,
4589,,
4590,,
4591,,
4592,,
4593,,
4594,,
4595,,
4596,,
4597,,
4598,,
4599,,
4600,,
4601,,
4602,,
4603,,
4604,,
4605,,
4606,,
4607,,
4608,,
4609,,
4610,,
4611,,
4612,,
4613,,
4614,,
4615,,
4616,,
4617,,
4618,,
4619,,
4620,,
4621,,
4622,,
4623,,
4624,,
4625,,
4626,,
4627,,
4628,,
4629,,
4630,,
4631,,
4632,,
4633,,
4634,,
4635,,
4636,,
4637,,
4638,,
4639,,
4640,,
4641,,
4642,,
4643,,
4644,,
4645,,
4646,,
4647,,
4648,,
4649,,
4650,,
4651,,
4652,,
4653,,
4654,,
4655,,
4656,,
4657,,
4658,,
4659,,
4660,,
4661,,
4662,,
4663,,
4664,,
4665,,
4666,,
4667,,
4668,,
4669,,
4670,,
4671,,
4672,,
4673,,
4674,,
4675,,
4676,,
4677,,
4678,,
4679,,
4680,,
4681,,
4682,,
4683,,
4684,,
4685,,
4686,,
4687,,
4688,,
4689,,
4690,,
4691,,
4692,,
4693,,
4694,,
4695,,
4696,,
4697,,
4698,,
4699,,
4700,,
4701,,
4702,,
4703,,
4704,,
4705,,
4706,,
4707,,
4708,,
4709,,
4710,,
4711,,
4712,,
4713,,
4714,,
4715,,
4716,,
4717,,
4718,,
4719,,
4720,,
4721,,
4722,,
4723,,
4724,,
4725,,
4726,,
4727,,
4728,,
4729,,
4730,,
4731,,
4732,,
4733,,
4734,,
4735,,
4736,,
4737,,
4738,,
4739,,
4740,,
4741,,
4742,,
4743,,
4744,,
4745,,
4746,,
4747,,
4748,,
4749,,
4750,,
4751,,
4752,,
4753,,
4754,,
4755,,
4756,,
4757,,
4758,,
4759,,
4760,,
4761,,
4762,,
4763,,
4764,,
4765,,
4766,,
4767,,
4768,,
4769,,
4770,,
4771,,
4772,,
4773,,
4774,,
4775,,
4776,,
4777,,
4778,,
4779,,
4780,,
4781,,
4782,,
4783,,
4784,,
4785,,
4786,,
4787,,
4788,,
4789,,
4790,,
4791,,
4792,,
4793,,
4794,,
4795,,
4796,,
4797,,
4798,,
4799,,
4800,,
4801,,
4802,,
4803,,
4804,,
4805,,
4806,,
4807,,
4808,,
4809,,
4810,,
4811,,
4812,,
4813,,
4814,,
4815,,
4816,,
4817,,
4818,,
4819,,
4820,,
4821,,
4822,,
4823,,
4824,,
4825,,
4826,,
4827,,
4828,,
4829,,
4830,,
4831,,
4832,,
4833,,
4834,,
4835,,
4836,,
4837,,
4838,,
4839,,
4840,,
4841,,
4842,,
4843,,
4844,,
4845,,
4846,,
4847,,
4848,,
4849,,
4850,,
4851,,
4852,,
4853,,
4854,,
4855,,
4856,,
4857,,
4858,,
4859,,
4860,,
4861,,
4862,,
4863,,
4864,,
4865,,
4866,,
4867,,
4868,,
4869,,
4870,,
4871,,
4872,,
4873,,
4874,,
4875,,
4876,,
4877,,
4878,,
4879,,
4880,,
4881,,
4882,,
4883,,
4884,,
4885,,
4886,,
4887,,
4888,,
4889,,
4890,,
4891,,
4892,,
4893,,
4894,,
4895,,
4896,,
4897,,
4898,,
4899,,
4900,,
4901,,
4902,,
4903,,
4904,,
4905,,
4906,,
4907,,
4908,,
4909,,
4910,,
4911,,
4912,,
4913,,
4914,,
4915,,
4916,,
4917,,
4918,,
4919,,
4920,,
4921,,
4922,,
4923,,
4924,,
4925,,
4926,,
4927,,
4928,,
4929,,
4930,,
4931,,
4932,,
4933,,
4934,,
4935,,
4936,,
4937,,
4938,,
4939,,
4940,,
4941,,
4942,,
4943,,
4944,,
4945,,
4946,,
4947,,
4948,,
4949,,
4950,,
4951,,
4952,,
4953,,
4954,,
4955,,
4956,,
4957,,
4958,,
4959,,
4960,,
4961,,
4962,,
4963,,
4964,,
4965,,
4966,,
4967,,
4968,,
4969,,
4970,,
4971,,
4972,,
4973,,
4974,,
4975,,
4976,,
4977,,
4978,,
4979,,
4980,,
4981,,
4982,,
4983,,
4984,,
4985,,
4986,,
4987,,
4988,,
4989,,
4990,,
4991,,
4992,,
4993,,
4994,,
4995,,
4996,,
4997,,
4998,,
4999,,
