OBJECTID *,INPUT_FID,NEAR_FID,DISTANCE,NEARID,SENDID
1,0,7,39210.49395,8,1
2,0,0,0,1,1
3,0,1,39210.49395,2,1
4,1,8,39210.49395,9,2
5,1,0,39210.49395,1,2
6,1,1,0,2,2
7,1,2,39210.49395,3,2
8,2,9,39210.49395,10,3
9,2,1,39210.49395,2,3
10,2,2,0,3,3
11,2,3,39210.49395,4,3
12,2,376,39209.99996,377,3
13,3,10,39210.49395,11,4
14,3,2,39210.49395,3,4
15,3,4,39210.49395,5,4
16,3,3,0,4,4
17,3,377,39209.99996,378,4
18,4,11,39210.49395,12,5
19,4,4,0,5,5
20,4,3,39210.49395,4,5
21,4,5,39210.49395,6,5
22,5,12,39210.49395,13,6
23,5,4,39210.49395,5,6
24,5,5,0,6,6
25,5,6,39210.49395,7,6
26,6,13,39210.49395,14,7
27,6,5,39210.49395,6,7
28,6,6,0,7,7
29,7,18,39210.49395,19,8
30,7,7,0,8,8
31,7,8,39210.49395,9,8
32,7,0,39210.49395,1,8
33,8,19,39210.49395,20,9
34,8,7,39210.49395,8,9
35,8,8,0,9,9
36,8,9,39210.49395,10,9
37,8,1,39210.49395,2,9
38,9,20,39210.49395,21,10
39,9,8,39210.49395,9,10
40,9,9,0,10,10
41,9,10,39210.49395,11,10
42,9,2,39210.49395,3,10
43,10,21,39210.49395,22,11
44,10,9,39210.49395,10,11
45,10,11,39210.49395,12,11
46,10,10,0,11,11
47,10,3,39210.49395,4,11
48,11,22,39210.49395,23,12
49,11,11,0,12,12
50,11,10,39210.49395,11,12
51,11,12,39210.49395,13,12
52,11,4,39210.49395,5,12
53,12,23,39210.49395,24,13
54,12,11,39210.49395,12,13
55,12,12,0,13,13
56,12,13,39210.49395,14,13
57,12,5,39210.49395,6,13
58,13,24,39210.49395,25,14
59,13,12,39210.49395,13,14
60,13,13,0,14,14
61,13,14,39210.49395,15,14
62,13,6,39210.49395,7,14
63,14,25,39210.49395,26,15
64,14,13,39210.49395,14,15
65,14,14,0,15,15
66,14,15,39210.49395,16,15
67,15,26,39210.49395,27,16
68,15,14,39210.49395,15,16
69,15,15,0,16,16
70,16,30,39210.49395,31,17
71,16,16,0,17,17
72,16,17,39210.49395,18,17
73,17,31,39210.49395,32,18
74,17,16,39210.49395,17,18
75,17,17,0,18,18
76,18,34,39210.49395,35,19
77,18,18,0,19,19
78,18,19,39210.49395,20,19
79,18,7,39210.49395,8,19
80,19,35,39210.49395,36,20
81,19,18,39210.49395,19,20
82,19,19,0,20,20
83,19,20,39210.49395,21,20
84,19,8,39210.49395,9,20
85,20,36,39210.49395,37,21
86,20,19,39210.49395,20,21
87,20,20,0,21,21
88,20,21,39210.49395,22,21
89,20,9,39210.49395,10,21
90,21,37,39210.49395,38,22
91,21,20,39210.49395,21,22
92,21,22,39210.49395,23,22
93,21,21,0,22,22
94,21,10,39210.49395,11,22
95,22,38,39210.49395,39,23
96,22,22,0,23,23
97,22,21,39210.49395,22,23
98,22,23,39210.49395,24,23
99,22,11,39210.49395,12,23
100,23,39,39210.49395,40,24
101,23,22,39210.49395,23,24
102,23,23,0,24,24
103,23,24,39210.49395,25,24
104,23,12,39210.49395,13,24
105,24,40,39210.49395,41,25
106,24,23,39210.49395,24,25
107,24,24,0,25,25
108,24,25,39210.49395,26,25
109,24,13,39210.49395,14,25
110,25,41,39210.49395,42,26
111,25,24,39210.49395,25,26
112,25,25,0,26,26
113,25,26,39210.49395,27,26
114,25,14,39210.49395,15,26
115,26,42,39210.49395,43,27
116,26,25,39210.49395,26,27
117,26,26,0,27,27
118,26,27,39210.49395,28,27
119,26,15,39210.49395,16,27
120,27,43,39210.49395,44,28
121,27,26,39210.49395,27,28
122,27,27,0,28,28
123,27,28,39210.49395,29,28
124,28,44,39210.49395,45,29
125,28,27,39210.49395,28,29
126,28,28,0,29,29
127,29,50,39210.49395,51,30
128,29,29,0,30,30
129,29,30,39210.49395,31,30
130,30,51,39210.49395,52,31
131,30,29,39210.49395,30,31
132,30,30,0,31,31
133,30,31,39210.49395,32,31
134,30,16,39210.49395,17,31
135,31,52,39210.49395,53,32
136,31,30,39210.49395,31,32
137,31,31,0,32,32
138,31,32,39210.49395,33,32
139,31,17,39210.49395,18,32
140,32,53,39210.49395,54,33
141,32,31,39210.49395,32,33
142,32,32,0,33,33
143,32,33,39210.49395,34,33
144,33,54,39210.49395,55,34
145,33,32,39210.49395,33,34
146,33,33,0,34,34
147,34,34,0,35,35
148,34,35,39210.49395,36,35
149,34,18,39210.49395,19,35
150,35,55,39210.49395,56,36
151,35,34,39210.49395,35,36
152,35,35,0,36,36
153,35,36,39210.49395,37,36
154,35,19,39210.49395,20,36
155,36,56,39210.49395,57,37
156,36,35,39210.49395,36,37
157,36,36,0,37,37
158,36,37,39210.49395,38,37
159,36,20,39210.49395,21,37
160,37,57,39210.49395,58,38
161,37,36,39210.49395,37,38
162,37,38,39210.49395,39,38
163,37,37,0,38,38
164,37,21,39210.49395,22,38
165,38,58,39210.49395,59,39
166,38,38,0,39,39
167,38,37,39210.49395,38,39
168,38,39,39210.49395,40,39
169,38,22,39210.49395,23,39
170,39,59,39210.49395,60,40
171,39,38,39210.49395,39,40
172,39,39,0,40,40
173,39,40,39210.49395,41,40
174,39,23,39210.49395,24,40
175,40,60,39210.49395,61,41
176,40,39,39210.49395,40,41
177,40,40,0,41,41
178,40,41,39210.49395,42,41
179,40,24,39210.49395,25,41
180,41,61,39210.49395,62,42
181,41,40,39210.49395,41,42
182,41,41,0,42,42
183,41,42,39210.49395,43,42
184,41,25,39210.49395,26,42
185,42,62,39210.49395,63,43
186,42,41,39210.49395,42,43
187,42,42,0,43,43
188,42,43,39210.49395,44,43
189,42,26,39210.49395,27,43
190,43,63,39210.49395,64,44
191,43,42,39210.49395,43,44
192,43,43,0,44,44
193,43,44,39210.49395,45,44
194,43,27,39210.49395,28,44
195,44,64,39210.49395,65,45
196,44,43,39210.49395,44,45
197,44,44,0,45,45
198,44,45,39210.49395,46,45
199,44,28,39210.49395,29,45
200,45,65,39210.49395,66,46
201,45,44,39210.49395,45,46
202,45,45,0,46,46
203,45,46,39210.49395,47,46
204,46,66,39210.49395,67,47
205,46,45,39210.49395,46,47
206,46,46,0,47,47
207,46,47,39210.49395,48,47
208,47,67,39210.49395,68,48
209,47,46,39210.49395,47,48
210,47,47,0,48,48
211,47,48,39210.49395,49,48
212,48,68,39210.49395,69,49
213,48,47,39210.49395,48,49
214,48,48,0,49,49
215,48,49,39210.49395,50,49
216,49,69,39210.49395,70,50
217,49,48,39210.49395,49,50
218,49,49,0,50,50
219,49,50,39210.49395,51,50
220,50,70,39210.49395,71,51
221,50,49,39210.49395,50,51
222,50,50,0,51,51
223,50,51,39210.49395,52,51
224,50,29,39210.49395,30,51
225,51,71,39210.49395,72,52
226,51,50,39210.49395,51,52
227,51,51,0,52,52
228,51,52,39210.49395,53,52
229,51,30,39210.49395,31,52
230,52,72,39210.49395,73,53
231,52,51,39210.49395,52,53
232,52,52,0,53,53
233,52,53,39210.49395,54,53
234,52,31,39210.49395,32,53
235,53,73,39210.49395,74,54
236,53,52,39210.49395,53,54
237,53,53,0,54,54
238,53,54,39210.49395,55,54
239,53,32,39210.49395,33,54
240,54,53,39210.49395,54,55
241,54,54,0,55,55
242,54,33,39210.49395,34,55
243,55,55,0,56,56
244,55,56,39210.49395,57,56
245,55,35,39210.49395,36,56
246,56,74,39210.49395,75,57
247,56,55,39210.49395,56,57
248,56,56,0,57,57
249,56,57,39210.49395,58,57
250,56,36,39210.49395,37,57
251,57,75,39210.49395,76,58
252,57,56,39210.49395,57,58
253,57,58,39210.49395,59,58
254,57,57,0,58,58
255,57,37,39210.49395,38,58
256,58,76,39210.49395,77,59
257,58,58,0,59,59
258,58,57,39210.49395,58,59
259,58,59,39210.49395,60,59
260,58,38,39210.49395,39,59
261,59,77,39210.49395,78,60
262,59,58,39210.49395,59,60
263,59,59,0,60,60
264,59,60,39210.49395,61,60
265,59,39,39210.49395,40,60
266,60,78,39210.49395,79,61
267,60,59,39210.49395,60,61
268,60,60,0,61,61
269,60,61,39210.49395,62,61
270,60,40,39210.49395,41,61
271,61,79,39210.49395,80,62
272,61,60,39210.49395,61,62
273,61,61,0,62,62
274,61,62,39210.49395,63,62
275,61,41,39210.49395,42,62
276,62,80,39210.49395,81,63
277,62,61,39210.49395,62,63
278,62,62,0,63,63
279,62,63,39210.49395,64,63
280,62,42,39210.49395,43,63
281,63,81,39210.49395,82,64
282,63,62,39210.49395,63,64
283,63,63,0,64,64
284,63,64,39210.49395,65,64
285,63,43,39210.49395,44,64
286,64,82,39210.49395,83,65
287,64,63,39210.49395,64,65
288,64,64,0,65,65
289,64,65,39210.49395,66,65
290,64,44,39210.49395,45,65
291,65,83,39210.49395,84,66
292,65,64,39210.49395,65,66
293,65,65,0,66,66
294,65,66,39210.49395,67,66
295,65,45,39210.49395,46,66
296,66,84,39210.49395,85,67
297,66,65,39210.49395,66,67
298,66,66,0,67,67
299,66,67,39210.49395,68,67
300,66,46,39210.49395,47,67
301,67,85,39210.49395,86,68
302,67,66,39210.49395,67,68
303,67,67,0,68,68
304,67,68,39210.49395,69,68
305,67,47,39210.49395,48,68
306,68,86,39210.49395,87,69
307,68,67,39210.49395,68,69
308,68,68,0,69,69
309,68,69,39210.49395,70,69
310,68,48,39210.49395,49,69
311,69,87,39210.49395,88,70
312,69,68,39210.49395,69,70
313,69,69,0,70,70
314,69,70,39210.49395,71,70
315,69,49,39210.49395,50,70
316,70,88,39210.49395,89,71
317,70,69,39210.49395,70,71
318,70,70,0,71,71
319,70,71,39210.49395,72,71
320,70,50,39210.49395,51,71
321,71,89,39210.49395,90,72
322,71,70,39210.49395,71,72
323,71,71,0,72,72
324,71,72,39210.49395,73,72
325,71,51,39210.49395,52,72
326,72,90,39210.49395,91,73
327,72,71,39210.49395,72,73
328,72,72,0,73,73
329,72,73,39210.49395,74,73
330,72,52,39210.49395,53,73
331,73,72,39210.49395,73,74
332,73,73,0,74,74
333,73,53,39210.49395,54,74
334,74,91,39210.49395,92,75
335,74,74,0,75,75
336,74,75,39210.49395,76,75
337,74,56,39210.49395,57,75
338,75,92,39210.49395,93,76
339,75,74,39210.49395,75,76
340,75,76,39210.49395,77,76
341,75,75,0,76,76
342,75,57,39210.49395,58,76
343,76,93,39210.49395,94,77
344,76,76,0,77,77
345,76,75,39210.49395,76,77
346,76,77,39210.49395,78,77
347,76,58,39210.49395,59,77
348,77,94,39210.49395,95,78
349,77,76,39210.49395,77,78
350,77,77,0,78,78
351,77,78,39210.49395,79,78
352,77,59,39210.49395,60,78
353,78,95,39210.49395,96,79
354,78,77,39210.49395,78,79
355,78,78,0,79,79
356,78,79,39210.49395,80,79
357,78,60,39210.49395,61,79
358,79,96,39210.49395,97,80
359,79,78,39210.49395,79,80
360,79,79,0,80,80
361,79,80,39210.49395,81,80
362,79,61,39210.49395,62,80
363,80,97,39210.49395,98,81
364,80,79,39210.49395,80,81
365,80,80,0,81,81
366,80,81,39210.49395,82,81
367,80,62,39210.49395,63,81
368,81,98,39210.49395,99,82
369,81,80,39210.49395,81,82
370,81,81,0,82,82
371,81,82,39210.49395,83,82
372,81,63,39210.49395,64,82
373,82,99,39210.49395,100,83
374,82,81,39210.49395,82,83
375,82,82,0,83,83
376,82,83,39210.49395,84,83
377,82,64,39210.49395,65,83
378,83,100,39210.49395,101,84
379,83,82,39210.49395,83,84
380,83,83,0,84,84
381,83,84,39210.49395,85,84
382,83,65,39210.49395,66,84
383,84,101,39210.49395,102,85
384,84,83,39210.49395,84,85
385,84,84,0,85,85
386,84,85,39210.49395,86,85
387,84,66,39210.49395,67,85
388,85,102,39210.49395,103,86
389,85,84,39210.49395,85,86
390,85,85,0,86,86
391,85,86,39210.49395,87,86
392,85,67,39210.49395,68,86
393,86,103,39210.49395,104,87
394,86,85,39210.49395,86,87
395,86,86,0,87,87
396,86,87,39210.49395,88,87
397,86,68,39210.49395,69,87
398,87,104,39210.49395,105,88
399,87,86,39210.49395,87,88
400,87,87,0,88,88
401,87,88,39210.49395,89,88
402,87,69,39210.49395,70,88
403,88,105,39210.49395,106,89
404,88,87,39210.49395,88,89
405,88,88,0,89,89
406,88,89,39210.49395,90,89
407,88,70,39210.49395,71,89
408,89,106,39210.49395,107,90
409,89,88,39210.49395,89,90
410,89,89,0,90,90
411,89,90,39210.49395,91,90
412,89,71,39210.49395,72,90
413,90,107,39210.49395,108,91
414,90,89,39210.49395,90,91
415,90,90,0,91,91
416,90,72,39210.49395,73,91
417,91,108,39210.49395,109,92
418,91,91,0,92,92
419,91,92,39210.49395,93,92
420,91,74,39210.49395,75,92
421,92,109,39210.49395,110,93
422,92,91,39210.49395,92,93
423,92,93,39210.49395,94,93
424,92,92,0,93,93
425,92,75,39210.49395,76,93
426,93,110,39210.49395,111,94
427,93,93,0,94,94
428,93,92,39210.49395,93,94
429,93,94,39210.49395,95,94
430,93,76,39210.49395,77,94
431,94,111,39210.49395,112,95
432,94,93,39210.49395,94,95
433,94,94,0,95,95
434,94,95,39210.49395,96,95
435,94,77,39210.49395,78,95
436,95,112,39210.49395,113,96
437,95,94,39210.49395,95,96
438,95,95,0,96,96
439,95,96,39210.49395,97,96
440,95,78,39210.49395,79,96
441,96,113,39210.49395,114,97
442,96,95,39210.49395,96,97
443,96,96,0,97,97
444,96,97,39210.49395,98,97
445,96,79,39210.49395,80,97
446,97,114,39210.49395,115,98
447,97,96,39210.49395,97,98
448,97,97,0,98,98
449,97,98,39210.49395,99,98
450,97,80,39210.49395,81,98
451,98,115,39210.49395,116,99
452,98,97,39210.49395,98,99
453,98,98,0,99,99
454,98,99,39210.49395,100,99
455,98,81,39210.49395,82,99
456,99,116,39210.49395,117,100
457,99,98,39210.49395,99,100
458,99,99,0,100,100
459,99,100,39210.49395,101,100
460,99,82,39210.49395,83,100
461,100,117,39210.49395,118,101
462,100,99,39210.49395,100,101
463,100,100,0,101,101
464,100,101,39210.49395,102,101
465,100,83,39210.49395,84,101
466,101,118,39210.49395,119,102
467,101,100,39210.49395,101,102
468,101,101,0,102,102
469,101,102,39210.49395,103,102
470,101,84,39210.49395,85,102
471,102,119,39210.49395,120,103
472,102,101,39210.49395,102,103
473,102,102,0,103,103
474,102,103,39210.49395,104,103
475,102,85,39210.49395,86,103
476,103,120,39210.49395,121,104
477,103,102,39210.49395,103,104
478,103,103,0,104,104
479,103,104,39210.49395,105,104
480,103,86,39210.49395,87,104
481,104,121,39210.49395,122,105
482,104,103,39210.49395,104,105
483,104,104,0,105,105
484,104,105,39210.49395,106,105
485,104,87,39210.49395,88,105
486,105,122,39210.49395,123,106
487,105,104,39210.49395,105,106
488,105,105,0,106,106
489,105,106,39210.49395,107,106
490,105,88,39210.49395,89,106
491,106,123,39210.49395,124,107
492,106,105,39210.49395,106,107
493,106,106,0,107,107
494,106,107,39210.49395,108,107
495,106,89,39210.49395,90,107
496,107,124,39210.49395,125,108
497,107,106,39210.49395,107,108
498,107,107,0,108,108
499,107,90,39210.49395,91,108
500,108,125,39210.49395,126,109
501,108,108,0,109,109
502,108,109,39210.49395,110,109
503,108,91,39210.49395,92,109
504,109,126,39210.49395,127,110
505,109,108,39210.49395,109,110
506,109,110,39210.49395,111,110
507,109,109,0,110,110
508,109,92,39210.49395,93,110
509,110,127,39210.49395,128,111
510,110,110,0,111,111
511,110,109,39210.49395,110,111
512,110,111,39210.49395,112,111
513,110,93,39210.49395,94,111
514,111,128,39210.49395,129,112
515,111,110,39210.49395,111,112
516,111,111,0,112,112
517,111,112,39210.49395,113,112
518,111,94,39210.49395,95,112
519,112,129,39210.49395,130,113
520,112,111,39210.49395,112,113
521,112,112,0,113,113
522,112,113,39210.49395,114,113
523,112,95,39210.49395,96,113
524,113,130,39210.49395,131,114
525,113,112,39210.49395,113,114
526,113,113,0,114,114
527,113,114,39210.49395,115,114
528,113,96,39210.49395,97,114
529,114,131,39210.49395,132,115
530,114,113,39210.49395,114,115
531,114,114,0,115,115
532,114,115,39210.49395,116,115
533,114,97,39210.49395,98,115
534,115,132,39210.49395,133,116
535,115,114,39210.49395,115,116
536,115,115,0,116,116
537,115,116,39210.49395,117,116
538,115,98,39210.49395,99,116
539,116,133,39210.49395,134,117
540,116,115,39210.49395,116,117
541,116,116,0,117,117
542,116,117,39210.49395,118,117
543,116,99,39210.49395,100,117
544,117,134,39210.49395,135,118
545,117,116,39210.49395,117,118
546,117,117,0,118,118
547,117,118,39210.49395,119,118
548,117,100,39210.49395,101,118
549,118,135,39210.49395,136,119
550,118,117,39210.49395,118,119
551,118,118,0,119,119
552,118,119,39210.49395,120,119
553,118,101,39210.49395,102,119
554,119,136,39210.49395,137,120
555,119,118,39210.49395,119,120
556,119,119,0,120,120
557,119,120,39210.49395,121,120
558,119,102,39210.49395,103,120
559,120,137,39210.49395,138,121
560,120,119,39210.49395,120,121
561,120,120,0,121,121
562,120,121,39210.49395,122,121
563,120,103,39210.49395,104,121
564,121,138,39210.49395,139,122
565,121,120,39210.49395,121,122
566,121,121,0,122,122
567,121,122,39210.49395,123,122
568,121,104,39210.49395,105,122
569,122,139,39210.49395,140,123
570,122,121,39210.49395,122,123
571,122,122,0,123,123
572,122,123,39210.49395,124,123
573,122,105,39210.49395,106,123
574,123,140,39210.49395,141,124
575,123,122,39210.49395,123,124
576,123,123,0,124,124
577,123,124,39210.49395,125,124
578,123,106,39210.49395,107,124
579,124,141,39210.49395,142,125
580,124,123,39210.49395,124,125
581,124,124,0,125,125
582,124,107,39210.49395,108,125
583,125,142,39210.49395,143,126
584,125,125,0,126,126
585,125,126,39210.49395,127,126
586,125,108,39210.49395,109,126
587,126,143,39210.49395,144,127
588,126,125,39210.49395,126,127
589,126,127,39210.49395,128,127
590,126,126,0,127,127
591,126,109,39210.49395,110,127
592,127,144,39210.49395,145,128
593,127,127,0,128,128
594,127,126,39210.49395,127,128
595,127,128,39210.49395,129,128
596,127,110,39210.49395,111,128
597,128,145,39210.49395,146,129
598,128,127,39210.49395,128,129
599,128,128,0,129,129
600,128,129,39210.49395,130,129
601,128,111,39210.49395,112,129
602,129,146,39210.49395,147,130
603,129,128,39210.49395,129,130
604,129,129,0,130,130
605,129,130,39210.49395,131,130
606,129,112,39210.49395,113,130
607,130,147,39210.49395,148,131
608,130,129,39210.49395,130,131
609,130,130,0,131,131
610,130,131,39210.49395,132,131
611,130,113,39210.49395,114,131
612,131,148,39210.49395,149,132
613,131,130,39210.49395,131,132
614,131,131,0,132,132
615,131,132,39210.49395,133,132
616,131,114,39210.49395,115,132
617,132,149,39210.49395,150,133
618,132,131,39210.49395,132,133
619,132,132,0,133,133
620,132,133,39210.49395,134,133
621,132,115,39210.49395,116,133
622,133,150,39210.49395,151,134
623,133,132,39210.49395,133,134
624,133,133,0,134,134
625,133,134,39210.49395,135,134
626,133,116,39210.49395,117,134
627,134,151,39210.49395,152,135
628,134,133,39210.49395,134,135
629,134,134,0,135,135
630,134,135,39210.49395,136,135
631,134,117,39210.49395,118,135
632,135,152,39210.49395,153,136
633,135,134,39210.49395,135,136
634,135,135,0,136,136
635,135,136,39210.49395,137,136
636,135,118,39210.49395,119,136
637,136,153,39210.49395,154,137
638,136,135,39210.49395,136,137
639,136,136,0,137,137
640,136,137,39210.49395,138,137
641,136,119,39210.49395,120,137
642,137,154,39210.49395,155,138
643,137,136,39210.49395,137,138
644,137,137,0,138,138
645,137,138,39210.49395,139,138
646,137,120,39210.49395,121,138
647,138,155,39210.49395,156,139
648,138,137,39210.49395,138,139
649,138,138,0,139,139
650,138,139,39210.49395,140,139
651,138,121,39210.49395,122,139
652,139,156,39210.49395,157,140
653,139,138,39210.49395,139,140
654,139,139,0,140,140
655,139,140,39210.49395,141,140
656,139,122,39210.49395,123,140
657,140,157,39210.49395,158,141
658,140,139,39210.49395,140,141
659,140,140,0,141,141
660,140,141,39210.49395,142,141
661,140,123,39210.49395,124,141
662,141,158,39210.49395,159,142
663,141,140,39210.49395,141,142
664,141,141,0,142,142
665,141,124,39210.49395,125,142
666,142,160,39210.49395,161,143
667,142,142,0,143,143
668,142,143,39210.49395,144,143
669,142,125,39210.49395,126,143
670,143,161,39210.49395,162,144
671,143,142,39210.49395,143,144
672,143,144,39210.49395,145,144
673,143,143,0,144,144
674,143,126,39210.49395,127,144
675,144,162,39210.49395,163,145
676,144,144,0,145,145
677,144,143,39210.49395,144,145
678,144,145,39210.49395,146,145
679,144,127,39210.49395,128,145
680,145,163,39210.49395,164,146
681,145,144,39210.49395,145,146
682,145,145,0,146,146
683,145,146,39210.49395,147,146
684,145,128,39210.49395,129,146
685,146,164,39210.49395,165,147
686,146,145,39210.49395,146,147
687,146,146,0,147,147
688,146,147,39210.49395,148,147
689,146,129,39210.49395,130,147
690,147,165,39210.49395,166,148
691,147,146,39210.49395,147,148
692,147,147,0,148,148
693,147,148,39210.49395,149,148
694,147,130,39210.49395,131,148
695,148,166,39210.49395,167,149
696,148,147,39210.49395,148,149
697,148,148,0,149,149
698,148,149,39210.49395,150,149
699,148,131,39210.49395,132,149
700,149,167,39210.49395,168,150
701,149,148,39210.49395,149,150
702,149,149,0,150,150
703,149,150,39210.49395,151,150
704,149,132,39210.49395,133,150
705,150,168,39210.49395,169,151
706,150,149,39210.49395,150,151
707,150,150,0,151,151
708,150,151,39210.49395,152,151
709,150,133,39210.49395,134,151
710,151,169,39210.49395,170,152
711,151,150,39210.49395,151,152
712,151,151,0,152,152
713,151,152,39210.49395,153,152
714,151,134,39210.49395,135,152
715,152,170,39210.49395,171,153
716,152,151,39210.49395,152,153
717,152,152,0,153,153
718,152,153,39210.49395,154,153
719,152,135,39210.49395,136,153
720,153,171,39210.49395,172,154
721,153,152,39210.49395,153,154
722,153,153,0,154,154
723,153,154,39210.49395,155,154
724,153,136,39210.49395,137,154
725,154,172,39210.49395,173,155
726,154,153,39210.49395,154,155
727,154,154,0,155,155
728,154,155,39210.49395,156,155
729,154,137,39210.49395,138,155
730,155,173,39210.49395,174,156
731,155,154,39210.49395,155,156
732,155,155,0,156,156
733,155,156,39210.49395,157,156
734,155,138,39210.49395,139,156
735,156,174,39210.49395,175,157
736,156,155,39210.49395,156,157
737,156,156,0,157,157
738,156,157,39210.49395,158,157
739,156,139,39210.49395,140,157
740,157,175,39210.49395,176,158
741,157,156,39210.49395,157,158
742,157,157,0,158,158
743,157,158,39210.49395,159,158
744,157,140,39210.49395,141,158
745,158,176,39210.49395,177,159
746,158,157,39210.49395,158,159
747,158,158,0,159,159
748,158,141,39210.49395,142,159
749,159,178,39210.49395,179,160
750,159,159,0,160,160
751,159,160,39210.49395,161,160
752,160,179,39210.49395,180,161
753,160,159,39210.49395,160,161
754,160,160,0,161,161
755,160,161,39210.49395,162,161
756,160,142,39210.49395,143,161
757,161,180,39210.49395,181,162
758,161,160,39210.49395,161,162
759,161,162,39210.49395,163,162
760,161,161,0,162,162
761,161,143,39210.49395,144,162
762,162,181,39210.49395,182,163
763,162,162,0,163,163
764,162,161,39210.49395,162,163
765,162,163,39210.49395,164,163
766,162,144,39210.49395,145,163
767,163,182,39210.49395,183,164
768,163,162,39210.49395,163,164
769,163,163,0,164,164
770,163,164,39210.49395,165,164
771,163,145,39210.49395,146,164
772,164,183,39210.49395,184,165
773,164,163,39210.49395,164,165
774,164,164,0,165,165
775,164,165,39210.49395,166,165
776,164,146,39210.49395,147,165
777,165,184,39210.49395,185,166
778,165,164,39210.49395,165,166
779,165,165,0,166,166
780,165,166,39210.49395,167,166
781,165,147,39210.49395,148,166
782,166,185,39210.49395,186,167
783,166,165,39210.49395,166,167
784,166,166,0,167,167
785,166,167,39210.49395,168,167
786,166,148,39210.49395,149,167
787,167,186,39210.49395,187,168
788,167,166,39210.49395,167,168
789,167,167,0,168,168
790,167,168,39210.49395,169,168
791,167,149,39210.49395,150,168
792,168,187,39210.49395,188,169
793,168,167,39210.49395,168,169
794,168,168,0,169,169
795,168,169,39210.49395,170,169
796,168,150,39210.49395,151,169
797,169,188,39210.49395,189,170
798,169,168,39210.49395,169,170
799,169,169,0,170,170
800,169,170,39210.49395,171,170
801,169,151,39210.49395,152,170
802,170,189,39210.49395,190,171
803,170,169,39210.49395,170,171
804,170,170,0,171,171
805,170,171,39210.49395,172,171
806,170,152,39210.49395,153,171
807,171,190,39210.49395,191,172
808,171,170,39210.49395,171,172
809,171,171,0,172,172
810,171,172,39210.49395,173,172
811,171,153,39210.49395,154,172
812,172,191,39210.49395,192,173
813,172,171,39210.49395,172,173
814,172,172,0,173,173
815,172,173,39210.49395,174,173
816,172,154,39210.49395,155,173
817,173,192,39210.49395,193,174
818,173,172,39210.49395,173,174
819,173,173,0,174,174
820,173,174,39210.49395,175,174
821,173,155,39210.49395,156,174
822,174,193,39210.49395,194,175
823,174,173,39210.49395,174,175
824,174,174,0,175,175
825,174,175,39210.49395,176,175
826,174,156,39210.49395,157,175
827,175,194,39210.49395,195,176
828,175,174,39210.49395,175,176
829,175,175,0,176,176
830,175,176,39210.49395,177,176
831,175,157,39210.49395,158,176
832,176,195,39210.49395,196,177
833,176,175,39210.49395,176,177
834,176,176,0,177,177
835,176,158,39210.49395,159,177
836,177,197,39210.49395,198,178
837,177,177,0,178,178
838,177,178,39210.49395,179,178
839,178,198,39210.49395,199,179
840,178,177,39210.49395,178,179
841,178,178,0,179,179
842,178,179,39210.49395,180,179
843,178,159,39210.49395,160,179
844,179,199,39210.49395,200,180
845,179,178,39210.49395,179,180
846,179,179,0,180,180
847,179,180,39210.49395,181,180
848,179,160,39210.49395,161,180
849,180,200,39210.49395,201,181
850,180,179,39210.49395,180,181
851,180,181,39210.49395,182,181
852,180,180,0,181,181
853,180,161,39210.49395,162,181
854,181,201,39210.49395,202,182
855,181,181,0,182,182
856,181,180,39210.49395,181,182
857,181,182,39210.49395,183,182
858,181,162,39210.49395,163,182
859,182,202,39210.49395,203,183
860,182,181,39210.49395,182,183
861,182,182,0,183,183
862,182,183,39210.49395,184,183
863,182,163,39210.49395,164,183
864,183,203,39210.49395,204,184
865,183,182,39210.49395,183,184
866,183,183,0,184,184
867,183,184,39210.49395,185,184
868,183,164,39210.49395,165,184
869,184,204,39210.49395,205,185
870,184,183,39210.49395,184,185
871,184,184,0,185,185
872,184,185,39210.49395,186,185
873,184,165,39210.49395,166,185
874,185,205,39210.49395,206,186
875,185,184,39210.49395,185,186
876,185,185,0,186,186
877,185,186,39210.49395,187,186
878,185,166,39210.49395,167,186
879,186,206,39210.49395,207,187
880,186,185,39210.49395,186,187
881,186,186,0,187,187
882,186,187,39210.49395,188,187
883,186,167,39210.49395,168,187
884,187,207,39210.49395,208,188
885,187,186,39210.49395,187,188
886,187,187,0,188,188
887,187,188,39210.49395,189,188
888,187,168,39210.49395,169,188
889,188,208,39210.49395,209,189
890,188,187,39210.49395,188,189
891,188,188,0,189,189
892,188,189,39210.49395,190,189
893,188,169,39210.49395,170,189
894,189,209,39210.49395,210,190
895,189,188,39210.49395,189,190
896,189,189,0,190,190
897,189,190,39210.49395,191,190
898,189,170,39210.49395,171,190
899,190,210,39210.49395,211,191
900,190,189,39210.49395,190,191
901,190,190,0,191,191
902,190,191,39210.49395,192,191
903,190,171,39210.49395,172,191
904,191,211,39210.49395,212,192
905,191,190,39210.49395,191,192
906,191,191,0,192,192
907,191,192,39210.49395,193,192
908,191,172,39210.49395,173,192
909,192,212,39210.49395,213,193
910,192,191,39210.49395,192,193
911,192,192,0,193,193
912,192,193,39210.49395,194,193
913,192,173,39210.49395,174,193
914,193,213,39210.49395,214,194
915,193,192,39210.49395,193,194
916,193,193,0,194,194
917,193,194,39210.49395,195,194
918,193,174,39210.49395,175,194
919,194,214,39210.49395,215,195
920,194,193,39210.49395,194,195
921,194,194,0,195,195
922,194,195,39210.49395,196,195
923,194,175,39210.49395,176,195
924,195,215,39210.49395,216,196
925,195,194,39210.49395,195,196
926,195,195,0,196,196
927,195,176,39210.49395,177,196
928,196,216,39210.49395,217,197
929,196,196,0,197,197
930,196,197,39210.49395,198,197
931,197,217,39210.49395,218,198
932,197,196,39210.49395,197,198
933,197,197,0,198,198
934,197,198,39210.49395,199,198
935,197,177,39210.49395,178,198
936,198,218,39210.49395,219,199
937,198,197,39210.49395,198,199
938,198,198,0,199,199
939,198,199,39210.49395,200,199
940,198,178,39210.49395,179,199
941,199,219,39210.49395,220,200
942,199,198,39210.49395,199,200
943,199,199,0,200,200
944,199,200,39210.49395,201,200
945,199,179,39210.49395,180,200
946,200,220,39210.49395,221,201
947,200,199,39210.49395,200,201
948,200,201,39210.49395,202,201
949,200,200,0,201,201
950,200,180,39210.49395,181,201
951,201,221,39210.49395,222,202
952,201,201,0,202,202
953,201,200,39210.49395,201,202
954,201,202,39210.49395,203,202
955,201,181,39210.49395,182,202
956,202,222,39210.49395,223,203
957,202,201,39210.49395,202,203
958,202,202,0,203,203
959,202,203,39210.49395,204,203
960,202,182,39210.49395,183,203
961,203,223,39210.49395,224,204
962,203,202,39210.49395,203,204
963,203,203,0,204,204
964,203,204,39210.49395,205,204
965,203,183,39210.49395,184,204
966,204,224,39210.49395,225,205
967,204,203,39210.49395,204,205
968,204,204,0,205,205
969,204,205,39210.49395,206,205
970,204,184,39210.49395,185,205
971,205,225,39210.49395,226,206
972,205,204,39210.49395,205,206
973,205,205,0,206,206
974,205,206,39210.49395,207,206
975,205,185,39210.49395,186,206
976,206,226,39210.49395,227,207
977,206,205,39210.49395,206,207
978,206,206,0,207,207
979,206,207,39210.49395,208,207
980,206,186,39210.49395,187,207
981,207,227,39210.49395,228,208
982,207,206,39210.49395,207,208
983,207,207,0,208,208
984,207,208,39210.49395,209,208
985,207,187,39210.49395,188,208
986,208,228,39210.49395,229,209
987,208,207,39210.49395,208,209
988,208,208,0,209,209
989,208,209,39210.49395,210,209
990,208,188,39210.49395,189,209
991,209,229,39210.49395,230,210
992,209,208,39210.49395,209,210
993,209,209,0,210,210
994,209,210,39210.49395,211,210
995,209,189,39210.49395,190,210
996,210,230,39210.49395,231,211
997,210,209,39210.49395,210,211
998,210,210,0,211,211
999,210,211,39210.49395,212,211
1000,210,190,39210.49395,191,211
1001,211,231,39210.49395,232,212
1002,211,210,39210.49395,211,212
1003,211,211,0,212,212
1004,211,212,39210.49395,213,212
1005,211,191,39210.49395,192,212
1006,212,232,39210.49395,233,213
1007,212,211,39210.49395,212,213
1008,212,212,0,213,213
1009,212,213,39210.49395,214,213
1010,212,192,39210.49395,193,213
1011,213,233,39210.49395,234,214
1012,213,212,39210.49395,213,214
1013,213,213,0,214,214
1014,213,214,39210.49395,215,214
1015,213,193,39210.49395,194,214
1016,214,234,39210.49395,235,215
1017,214,213,39210.49395,214,215
1018,214,214,0,215,215
1019,214,215,39210.49395,216,215
1020,214,194,39210.49395,195,215
1021,215,235,39210.49395,236,216
1022,215,214,39210.49395,215,216
1023,215,215,0,216,216
1024,215,195,39210.49395,196,216
1025,216,236,39210.49395,237,217
1026,216,216,0,217,217
1027,216,217,39210.49395,218,217
1028,216,196,39210.49395,197,217
1029,217,237,39210.49395,238,218
1030,217,216,39210.49395,217,218
1031,217,217,0,218,218
1032,217,218,39210.49395,219,218
1033,217,197,39210.49395,198,218
1034,218,238,39210.49395,239,219
1035,218,217,39210.49395,218,219
1036,218,218,0,219,219
1037,218,219,39210.49395,220,219
1038,218,198,39210.49395,199,219
1039,219,239,39210.49395,240,220
1040,219,218,39210.49395,219,220
1041,219,219,0,220,220
1042,219,220,39210.49395,221,220
1043,219,199,39210.49395,200,220
1044,220,240,39210.49395,241,221
1045,220,219,39210.49395,220,221
1046,220,221,39210.49395,222,221
1047,220,220,0,221,221
1048,220,200,39210.49395,201,221
1049,221,241,39210.49395,242,222
1050,221,221,0,222,222
1051,221,220,39210.49395,221,222
1052,221,222,39210.49395,223,222
1053,221,201,39210.49395,202,222
1054,222,242,39210.49395,243,223
1055,222,221,39210.49395,222,223
1056,222,222,0,223,223
1057,222,223,39210.49395,224,223
1058,222,202,39210.49395,203,223
1059,223,243,39210.49395,244,224
1060,223,222,39210.49395,223,224
1061,223,223,0,224,224
1062,223,224,39210.49395,225,224
1063,223,203,39210.49395,204,224
1064,224,244,39210.49395,245,225
1065,224,223,39210.49395,224,225
1066,224,224,0,225,225
1067,224,225,39210.49395,226,225
1068,224,204,39210.49395,205,225
1069,225,245,39210.49395,246,226
1070,225,224,39210.49395,225,226
1071,225,225,0,226,226
1072,225,226,39210.49395,227,226
1073,225,205,39210.49395,206,226
1074,226,246,39210.49395,247,227
1075,226,225,39210.49395,226,227
1076,226,226,0,227,227
1077,226,227,39210.49395,228,227
1078,226,206,39210.49395,207,227
1079,227,247,39210.49395,248,228
1080,227,226,39210.49395,227,228
1081,227,227,0,228,228
1082,227,228,39210.49395,229,228
1083,227,207,39210.49395,208,228
1084,228,248,39210.49395,249,229
1085,228,227,39210.49395,228,229
1086,228,228,0,229,229
1087,228,229,39210.49395,230,229
1088,228,208,39210.49395,209,229
1089,229,249,39210.49395,250,230
1090,229,228,39210.49395,229,230
1091,229,229,0,230,230
1092,229,230,39210.49395,231,230
1093,229,209,39210.49395,210,230
1094,230,250,39210.49395,251,231
1095,230,229,39210.49395,230,231
1096,230,230,0,231,231
1097,230,231,39210.49395,232,231
1098,230,210,39210.49395,211,231
1099,231,251,39210.49395,252,232
1100,231,230,39210.49395,231,232
1101,231,231,0,232,232
1102,231,232,39210.49395,233,232
1103,231,211,39210.49395,212,232
1104,232,252,39210.49395,253,233
1105,232,231,39210.49395,232,233
1106,232,232,0,233,233
1107,232,233,39210.49395,234,233
1108,232,212,39210.49395,213,233
1109,233,253,39210.49395,254,234
1110,233,232,39210.49395,233,234
1111,233,233,0,234,234
1112,233,234,39210.49395,235,234
1113,233,213,39210.49395,214,234
1114,234,254,39210.49395,255,235
1115,234,233,39210.49395,234,235
1116,234,234,0,235,235
1117,234,235,39210.49395,236,235
1118,234,214,39210.49395,215,235
1119,235,255,39210.49395,256,236
1120,235,234,39210.49395,235,236
1121,235,235,0,236,236
1122,235,215,39210.49395,216,236
1123,236,256,39210.49395,257,237
1124,236,236,0,237,237
1125,236,237,39210.49395,238,237
1126,236,216,39210.49395,217,237
1127,237,257,39210.49395,258,238
1128,237,236,39210.49395,237,238
1129,237,237,0,238,238
1130,237,238,39210.49395,239,238
1131,237,217,39210.49395,218,238
1132,238,258,39210.49395,259,239
1133,238,237,39210.49395,238,239
1134,238,238,0,239,239
1135,238,239,39210.49395,240,239
1136,238,218,39210.49395,219,239
1137,239,259,39210.49395,260,240
1138,239,238,39210.49395,239,240
1139,239,239,0,240,240
1140,239,240,39210.49395,241,240
1141,239,219,39210.49395,220,240
1142,240,260,39210.49395,261,241
1143,240,239,39210.49395,240,241
1144,240,241,39210.49395,242,241
1145,240,240,0,241,241
1146,240,220,39210.49395,221,241
1147,241,261,39210.49395,262,242
1148,241,241,0,242,242
1149,241,240,39210.49395,241,242
1150,241,242,39210.49395,243,242
1151,241,221,39210.49395,222,242
1152,242,262,39210.49395,263,243
1153,242,241,39210.49395,242,243
1154,242,242,0,243,243
1155,242,243,39210.49395,244,243
1156,242,222,39210.49395,223,243
1157,243,263,39210.49395,264,244
1158,243,242,39210.49395,243,244
1159,243,243,0,244,244
1160,243,244,39210.49395,245,244
1161,243,223,39210.49395,224,244
1162,244,264,39210.49395,265,245
1163,244,243,39210.49395,244,245
1164,244,244,0,245,245
1165,244,245,39210.49395,246,245
1166,244,224,39210.49395,225,245
1167,245,265,39210.49395,266,246
1168,245,244,39210.49395,245,246
1169,245,245,0,246,246
1170,245,246,39210.49395,247,246
1171,245,225,39210.49395,226,246
1172,246,266,39210.49395,267,247
1173,246,245,39210.49395,246,247
1174,246,246,0,247,247
1175,246,247,39210.49395,248,247
1176,246,226,39210.49395,227,247
1177,247,267,39210.49395,268,248
1178,247,246,39210.49395,247,248
1179,247,247,0,248,248
1180,247,248,39210.49395,249,248
1181,247,227,39210.49395,228,248
1182,248,268,39210.49395,269,249
1183,248,247,39210.49395,248,249
1184,248,248,0,249,249
1185,248,249,39210.49395,250,249
1186,248,228,39210.49395,229,249
1187,249,269,39210.49395,270,250
1188,249,248,39210.49395,249,250
1189,249,249,0,250,250
1190,249,250,39210.49395,251,250
1191,249,229,39210.49395,230,250
1192,250,270,39210.49395,271,251
1193,250,249,39210.49395,250,251
1194,250,250,0,251,251
1195,250,251,39210.49395,252,251
1196,250,230,39210.49395,231,251
1197,251,271,39210.49395,272,252
1198,251,250,39210.49395,251,252
1199,251,251,0,252,252
1200,251,252,39210.49395,253,252
1201,251,231,39210.49395,232,252
1202,252,272,39210.49395,273,253
1203,252,251,39210.49395,252,253
1204,252,252,0,253,253
1205,252,253,39210.49395,254,253
1206,252,232,39210.49395,233,253
1207,253,273,39210.49395,274,254
1208,253,252,39210.49395,253,254
1209,253,253,0,254,254
1210,253,254,39210.49395,255,254
1211,253,233,39210.49395,234,254
1212,254,274,39210.49395,275,255
1213,254,253,39210.49395,254,255
1214,254,254,0,255,255
1215,254,255,39210.49395,256,255
1216,254,234,39210.49395,235,255
1217,255,275,39210.49395,276,256
1218,255,254,39210.49395,255,256
1219,255,255,0,256,256
1220,255,235,39210.49395,236,256
1221,256,256,0,257,257
1222,256,257,39210.49395,258,257
1223,256,236,39210.49395,237,257
1224,257,256,39210.49395,257,258
1225,257,257,0,258,258
1226,257,258,39210.49395,259,258
1227,257,237,39210.49395,238,258
1228,258,276,39210.49395,277,259
1229,258,257,39210.49395,258,259
1230,258,258,0,259,259
1231,258,259,39210.49395,260,259
1232,258,238,39210.49395,239,259
1233,259,277,39210.49395,278,260
1234,259,258,39210.49395,259,260
1235,259,259,0,260,260
1236,259,260,39210.49395,261,260
1237,259,239,39210.49395,240,260
1238,260,278,39210.49395,279,261
1239,260,259,39210.49395,260,261
1240,260,261,39210.49395,262,261
1241,260,260,0,261,261
1242,260,240,39210.49395,241,261
1243,261,279,39210.49395,280,262
1244,261,261,0,262,262
1245,261,260,39210.49395,261,262
1246,261,262,39210.49395,263,262
1247,261,241,39210.49395,242,262
1248,262,280,39210.49395,281,263
1249,262,261,39210.49395,262,263
1250,262,262,0,263,263
1251,262,263,39210.49395,264,263
1252,262,242,39210.49395,243,263
1253,263,281,39210.49395,282,264
1254,263,262,39210.49395,263,264
1255,263,263,0,264,264
1256,263,264,39210.49395,265,264
1257,263,243,39210.49395,244,264
1258,264,282,39210.49395,283,265
1259,264,263,39210.49395,264,265
1260,264,264,0,265,265
1261,264,265,39210.49395,266,265
1262,264,244,39210.49395,245,265
1263,265,283,39210.49395,284,266
1264,265,264,39210.49395,265,266
1265,265,265,0,266,266
1266,265,266,39210.49395,267,266
1267,265,245,39210.49395,246,266
1268,266,284,39210.49395,285,267
1269,266,265,39210.49395,266,267
1270,266,266,0,267,267
1271,266,267,39210.49395,268,267
1272,266,246,39210.49395,247,267
1273,267,285,39210.49395,286,268
1274,267,266,39210.49395,267,268
1275,267,267,0,268,268
1276,267,268,39210.49395,269,268
1277,267,247,39210.49395,248,268
1278,268,286,39210.49395,287,269
1279,268,267,39210.49395,268,269
1280,268,268,0,269,269
1281,268,269,39210.49395,270,269
1282,268,248,39210.49395,249,269
1283,269,287,39210.49395,288,270
1284,269,268,39210.49395,269,270
1285,269,269,0,270,270
1286,269,270,39210.49395,271,270
1287,269,249,39210.49395,250,270
1288,270,288,39210.49395,289,271
1289,270,269,39210.49395,270,271
1290,270,270,0,271,271
1291,270,271,39210.49395,272,271
1292,270,250,39210.49395,251,271
1293,271,289,39210.49395,290,272
1294,271,270,39210.49395,271,272
1295,271,271,0,272,272
1296,271,272,39210.49395,273,272
1297,271,251,39210.49395,252,272
1298,272,290,39210.49395,291,273
1299,272,271,39210.49395,272,273
1300,272,272,0,273,273
1301,272,273,39210.49395,274,273
1302,272,252,39210.49395,253,273
1303,273,291,39210.49395,292,274
1304,273,272,39210.49395,273,274
1305,273,273,0,274,274
1306,273,274,39210.49395,275,274
1307,273,253,39210.49395,254,274
1308,274,292,39210.49395,293,275
1309,274,273,39210.49395,274,275
1310,274,274,0,275,275
1311,274,275,39210.49395,276,275
1312,274,254,39210.49395,255,275
1313,275,293,39210.49395,294,276
1314,275,274,39210.49395,275,276
1315,275,275,0,276,276
1316,275,255,39210.49395,256,276
1317,276,276,0,277,277
1318,276,277,39210.49395,278,277
1319,276,258,39210.49395,259,277
1320,277,295,39210.49395,296,278
1321,277,276,39210.49395,277,278
1322,277,277,0,278,278
1323,277,278,39210.49395,279,278
1324,277,259,39210.49395,260,278
1325,278,296,39210.49395,297,279
1326,278,277,39210.49395,278,279
1327,278,279,39210.49395,280,279
1328,278,278,0,279,279
1329,278,260,39210.49395,261,279
1330,279,297,39210.49395,298,280
1331,279,279,0,280,280
1332,279,278,39210.49395,279,280
1333,279,280,39210.49395,281,280
1334,279,261,39210.49395,262,280
1335,280,298,39210.49395,299,281
1336,280,279,39210.49395,280,281
1337,280,280,0,281,281
1338,280,281,39210.49395,282,281
1339,280,262,39210.49395,263,281
1340,281,299,39210.49395,300,282
1341,281,280,39210.49395,281,282
1342,281,281,0,282,282
1343,281,282,39210.49395,283,282
1344,281,263,39210.49395,264,282
1345,282,300,39210.49395,301,283
1346,282,281,39210.49395,282,283
1347,282,282,0,283,283
1348,282,283,39210.49395,284,283
1349,282,264,39210.49395,265,283
1350,283,301,39210.49395,302,284
1351,283,282,39210.49395,283,284
1352,283,283,0,284,284
1353,283,284,39210.49395,285,284
1354,283,265,39210.49395,266,284
1355,284,302,39210.49395,303,285
1356,284,283,39210.49395,284,285
1357,284,284,0,285,285
1358,284,285,39210.49395,286,285
1359,284,266,39210.49395,267,285
1360,285,303,39210.49395,304,286
1361,285,284,39210.49395,285,286
1362,285,285,0,286,286
1363,285,286,39210.49395,287,286
1364,285,267,39210.49395,268,286
1365,286,304,39210.49395,305,287
1366,286,285,39210.49395,286,287
1367,286,286,0,287,287
1368,286,287,39210.49395,288,287
1369,286,268,39210.49395,269,287
1370,287,305,39210.49395,306,288
1371,287,286,39210.49395,287,288
1372,287,287,0,288,288
1373,287,288,39210.49395,289,288
1374,287,269,39210.49395,270,288
1375,288,306,39210.49395,307,289
1376,288,287,39210.49395,288,289
1377,288,288,0,289,289
1378,288,289,39210.49395,290,289
1379,288,270,39210.49395,271,289
1380,289,307,39210.49395,308,290
1381,289,288,39210.49395,289,290
1382,289,289,0,290,290
1383,289,290,39210.49395,291,290
1384,289,271,39210.49395,272,290
1385,290,308,39210.49395,309,291
1386,290,289,39210.49395,290,291
1387,290,290,0,291,291
1388,290,291,39210.49395,292,291
1389,290,272,39210.49395,273,291
1390,291,309,39210.49395,310,292
1391,291,290,39210.49395,291,292
1392,291,291,0,292,292
1393,291,292,39210.49395,293,292
1394,291,273,39210.49395,274,292
1395,292,310,39210.49395,311,293
1396,292,291,39210.49395,292,293
1397,292,292,0,293,293
1398,292,293,39210.49395,294,293
1399,292,274,39210.49395,275,293
1400,293,311,39210.49395,312,294
1401,293,292,39210.49395,293,294
1402,293,293,0,294,294
1403,293,294,39210.49395,295,294
1404,293,275,39210.49395,276,294
1405,294,312,39210.49395,313,295
1406,294,293,39210.49395,294,295
1407,294,294,0,295,295
1408,295,295,0,296,296
1409,295,296,39210.49395,297,296
1410,295,277,39210.49395,278,296
1411,296,295,39210.49395,296,297
1412,296,297,39210.49395,298,297
1413,296,296,0,297,297
1414,296,278,39210.49395,279,297
1415,297,314,39210.49395,315,298
1416,297,297,0,298,298
1417,297,296,39210.49395,297,298
1418,297,298,39210.49395,299,298
1419,297,279,39210.49395,280,298
1420,298,315,39210.49395,316,299
1421,298,297,39210.49395,298,299
1422,298,298,0,299,299
1423,298,299,39210.49395,300,299
1424,298,280,39210.49395,281,299
1425,299,316,39210.49395,317,300
1426,299,298,39210.49395,299,300
1427,299,299,0,300,300
1428,299,300,39210.49395,301,300
1429,299,281,39210.49395,282,300
1430,300,317,39210.49395,318,301
1431,300,299,39210.49395,300,301
1432,300,300,0,301,301
1433,300,301,39210.49395,302,301
1434,300,282,39210.49395,283,301
1435,301,318,39210.49395,319,302
1436,301,300,39210.49395,301,302
1437,301,301,0,302,302
1438,301,302,39210.49395,303,302
1439,301,283,39210.49395,284,302
1440,302,319,39210.49395,320,303
1441,302,301,39210.49395,302,303
1442,302,302,0,303,303
1443,302,303,39210.49395,304,303
1444,302,284,39210.49395,285,303
1445,303,320,39210.49395,321,304
1446,303,302,39210.49395,303,304
1447,303,303,0,304,304
1448,303,304,39210.49395,305,304
1449,303,285,39210.49395,286,304
1450,304,321,39210.49395,322,305
1451,304,303,39210.49395,304,305
1452,304,304,0,305,305
1453,304,305,39210.49395,306,305
1454,304,286,39210.49395,287,305
1455,305,322,39210.49395,323,306
1456,305,304,39210.49395,305,306
1457,305,305,0,306,306
1458,305,306,39210.49395,307,306
1459,305,287,39210.49395,288,306
1460,306,323,39210.49395,324,307
1461,306,305,39210.49395,306,307
1462,306,306,0,307,307
1463,306,307,39210.49395,308,307
1464,306,288,39210.49395,289,307
1465,307,324,39210.49395,325,308
1466,307,306,39210.49395,307,308
1467,307,307,0,308,308
1468,307,308,39210.49395,309,308
1469,307,289,39210.49395,290,308
1470,308,325,39210.49395,326,309
1471,308,307,39210.49395,308,309
1472,308,308,0,309,309
1473,308,309,39210.49395,310,309
1474,308,290,39210.49395,291,309
1475,309,326,39210.49395,327,310
1476,309,308,39210.49395,309,310
1477,309,309,0,310,310
1478,309,310,39210.49395,311,310
1479,309,291,39210.49395,292,310
1480,310,327,39210.49395,328,311
1481,310,309,39210.49395,310,311
1482,310,310,0,311,311
1483,310,311,39210.49395,312,311
1484,310,292,39210.49395,293,311
1485,311,328,39210.49395,329,312
1486,311,310,39210.49395,311,312
1487,311,311,0,312,312
1488,311,312,39210.49395,313,312
1489,311,293,39210.49395,294,312
1490,312,329,39210.49395,330,313
1491,312,311,39210.49395,312,313
1492,312,312,0,313,313
1493,312,313,39210.49395,314,313
1494,312,294,39210.49395,295,313
1495,313,312,39210.49395,313,314
1496,313,313,0,314,314
1497,314,314,0,315,315
1498,314,315,39210.49395,316,315
1499,314,297,39210.49395,298,315
1500,315,314,39210.49395,315,316
1501,315,315,0,316,316
1502,315,316,39210.49395,317,316
1503,315,298,39210.49395,299,316
1504,316,330,39210.49395,331,317
1505,316,315,39210.49395,316,317
1506,316,316,0,317,317
1507,316,317,39210.49395,318,317
1508,316,299,39210.49395,300,317
1509,317,331,39210.49395,332,318
1510,317,316,39210.49395,317,318
1511,317,317,0,318,318
1512,317,318,39210.49395,319,318
1513,317,300,39210.49395,301,318
1514,318,332,39210.49395,333,319
1515,318,317,39210.49395,318,319
1516,318,318,0,319,319
1517,318,319,39210.49395,320,319
1518,318,301,39210.49395,302,319
1519,319,333,39210.49395,334,320
1520,319,318,39210.49395,319,320
1521,319,319,0,320,320
1522,319,320,39210.49395,321,320
1523,319,302,39210.49395,303,320
1524,320,334,39210.49395,335,321
1525,320,319,39210.49395,320,321
1526,320,320,0,321,321
1527,320,321,39210.49395,322,321
1528,320,303,39210.49395,304,321
1529,321,335,39210.49395,336,322
1530,321,320,39210.49395,321,322
1531,321,321,0,322,322
1532,321,322,39210.49395,323,322
1533,321,304,39210.49395,305,322
1534,322,336,39210.49395,337,323
1535,322,321,39210.49395,322,323
1536,322,322,0,323,323
1537,322,323,39210.49395,324,323
1538,322,305,39210.49395,306,323
1539,323,337,39210.49395,338,324
1540,323,322,39210.49395,323,324
1541,323,323,0,324,324
1542,323,324,39210.49395,325,324
1543,323,306,39210.49395,307,324
1544,324,338,39210.49395,339,325
1545,324,323,39210.49395,324,325
1546,324,324,0,325,325
1547,324,325,39210.49395,326,325
1548,324,307,39210.49395,308,325
1549,325,339,39210.49395,340,326
1550,325,324,39210.49395,325,326
1551,325,325,0,326,326
1552,325,326,39210.49395,327,326
1553,325,308,39210.49395,309,326
1554,326,340,39210.49395,341,327
1555,326,325,39210.49395,326,327
1556,326,326,0,327,327
1557,326,327,39210.49395,328,327
1558,326,309,39210.49395,310,327
1559,327,341,39210.49395,342,328
1560,327,326,39210.49395,327,328
1561,327,327,0,328,328
1562,327,328,39210.49395,329,328
1563,327,310,39210.49395,311,328
1564,328,342,39210.49395,343,329
1565,328,327,39210.49395,328,329
1566,328,328,0,329,329
1567,328,329,39210.49395,330,329
1568,328,311,39210.49395,312,329
1569,329,328,39210.49395,329,330
1570,329,329,0,330,330
1571,329,312,39210.49395,313,330
1572,330,330,0,331,331
1573,330,331,39210.49395,332,331
1574,330,316,39210.49395,317,331
1575,331,330,39210.49395,331,332
1576,331,331,0,332,332
1577,331,332,39210.49395,333,332
1578,331,317,39210.49395,318,332
1579,332,343,39210.49395,344,333
1580,332,331,39210.49395,332,333
1581,332,332,0,333,333
1582,332,333,39210.49395,334,333
1583,332,318,39210.49395,319,333
1584,333,344,39210.49395,345,334
1585,333,332,39210.49395,333,334
1586,333,333,0,334,334
1587,333,334,39210.49395,335,334
1588,333,319,39210.49395,320,334
1589,334,345,39210.49395,346,335
1590,334,333,39210.49395,334,335
1591,334,334,0,335,335
1592,334,335,39210.49395,336,335
1593,334,320,39210.49395,321,335
1594,335,346,39210.49395,347,336
1595,335,334,39210.49395,335,336
1596,335,335,0,336,336
1597,335,336,39210.49395,337,336
1598,335,321,39210.49395,322,336
1599,336,347,39210.49395,348,337
1600,336,335,39210.49395,336,337
1601,336,336,0,337,337
1602,336,337,39210.49395,338,337
1603,336,322,39210.49395,323,337
1604,337,348,39210.49395,349,338
1605,337,336,39210.49395,337,338
1606,337,337,0,338,338
1607,337,338,39210.49395,339,338
1608,337,323,39210.49395,324,338
1609,338,349,39210.49395,350,339
1610,338,337,39210.49395,338,339
1611,338,338,0,339,339
1612,338,339,39210.49395,340,339
1613,338,324,39210.49395,325,339
1614,339,350,39210.49395,351,340
1615,339,338,39210.49395,339,340
1616,339,339,0,340,340
1617,339,340,39210.49395,341,340
1618,339,325,39210.49395,326,340
1619,340,351,39210.49395,352,341
1620,340,339,39210.49395,340,341
1621,340,340,0,341,341
1622,340,341,39210.49395,342,341
1623,340,326,39210.49395,327,341
1624,341,340,39210.49395,341,342
1625,341,341,0,342,342
1626,341,342,39210.49395,343,342
1627,341,327,39210.49395,328,342
1628,342,341,39210.49395,342,343
1629,342,342,0,343,343
1630,342,328,39210.49395,329,343
1631,343,343,0,344,344
1632,343,344,39210.49395,345,344
1633,343,332,39210.49395,333,344
1634,344,343,39210.49395,344,345
1635,344,344,0,345,345
1636,344,345,39210.49395,346,345
1637,344,333,39210.49395,334,345
1638,345,352,39210.49395,353,346
1639,345,344,39210.49395,345,346
1640,345,345,0,346,346
1641,345,346,39210.49395,347,346
1642,345,334,39210.49395,335,346
1643,346,353,39210.49395,354,347
1644,346,345,39210.49395,346,347
1645,346,346,0,347,347
1646,346,347,39210.49395,348,347
1647,346,335,39210.49395,336,347
1648,347,354,39210.49395,355,348
1649,347,346,39210.49395,347,348
1650,347,347,0,348,348
1651,347,348,39210.49395,349,348
1652,347,336,39210.49395,337,348
1653,348,355,39210.49395,356,349
1654,348,347,39210.49395,348,349
1655,348,348,0,349,349
1656,348,349,39210.49395,350,349
1657,348,337,39210.49395,338,349
1658,349,356,39210.49395,357,350
1659,349,348,39210.49395,349,350
1660,349,349,0,350,350
1661,349,350,39210.49395,351,350
1662,349,338,39210.49395,339,350
1663,350,357,39210.49395,358,351
1664,350,349,39210.49395,350,351
1665,350,350,0,351,351
1666,350,351,39210.49395,352,351
1667,350,339,39210.49395,340,351
1668,351,358,39210.49395,359,352
1669,351,350,39210.49395,351,352
1670,351,351,0,352,352
1671,351,340,39210.49395,341,352
1672,352,359,39210.49395,360,353
1673,352,352,0,353,353
1674,352,353,39210.49395,354,353
1675,352,345,39210.49395,346,353
1676,353,352,39210.49395,353,354
1677,353,360,39210.49395,361,354
1678,353,353,0,354,354
1679,353,354,39210.49395,355,354
1680,353,346,39210.49395,347,354
1681,354,353,39210.49395,354,355
1682,354,361,39210.49395,362,355
1683,354,354,0,355,355
1684,354,355,39210.49395,356,355
1685,354,347,39210.49395,348,355
1686,355,354,39210.49395,355,356
1687,355,362,39210.49395,363,356
1688,355,355,0,356,356
1689,355,356,39210.49395,357,356
1690,355,348,39210.49395,349,356
1691,356,355,39210.49395,356,357
1692,356,363,39210.49395,364,357
1693,356,356,0,357,357
1694,356,357,39210.49395,358,357
1695,356,349,39210.49395,350,357
1696,357,356,39210.49395,357,358
1697,357,364,39210.49395,365,358
1698,357,357,0,358,358
1699,357,358,39210.49395,359,358
1700,357,350,39210.49395,351,358
1701,358,357,39210.49395,358,359
1702,358,358,0,359,359
1703,358,351,39210.49395,352,359
1704,359,365,39210.49395,366,360
1705,359,359,0,360,360
1706,359,352,39210.49395,353,360
1707,359,360,39210.49395,361,360
1708,360,366,39210.49395,367,361
1709,360,359,39210.49395,360,361
1710,360,360,0,361,361
1711,360,353,39210.49395,354,361
1712,360,361,39210.49395,362,361
1713,361,367,39210.49395,368,362
1714,361,360,39210.49395,361,362
1715,361,361,0,362,362
1716,361,354,39210.49395,355,362
1717,361,362,39210.49395,363,362
1718,362,368,39210.49395,369,363
1719,362,361,39210.49395,362,363
1720,362,362,0,363,363
1721,362,355,39210.49395,356,363
1722,362,363,39210.49395,364,363
1723,363,369,39210.49395,370,364
1724,363,362,39210.49395,363,364
1725,363,363,0,364,364
1726,363,356,39210.49395,357,364
1727,363,364,39210.49395,365,364
1728,364,370,39210.49395,371,365
1729,364,363,39210.49395,364,365
1730,364,364,0,365,365
1731,364,357,39210.49395,358,365
1732,365,365,0,366,366
1733,365,366,39210.49395,367,366
1734,365,359,39210.49395,360,366
1735,366,365,39210.49395,366,367
1736,366,366,0,367,367
1737,366,367,39210.49395,368,367
1738,366,360,39210.49395,361,367
1739,367,371,39210.49395,372,368
1740,367,366,39210.49395,367,368
1741,367,367,0,368,368
1742,367,368,39210.49395,369,368
1743,367,361,39210.49395,362,368
1744,368,372,39210.49395,373,369
1745,368,367,39210.49395,368,369
1746,368,368,0,369,369
1747,368,369,39210.49395,370,369
1748,368,362,39210.49395,363,369
1749,369,373,39210.49395,374,370
1750,369,368,39210.49395,369,370
1751,369,369,0,370,370
1752,369,370,39210.49395,371,370
1753,369,363,39210.49395,364,370
1754,370,369,39210.49395,370,371
1755,370,370,0,371,371
1756,370,364,39210.49395,365,371
1757,371,371,0,372,372
1758,371,372,39210.49395,373,372
1759,371,367,39210.49395,368,372
1760,372,374,39210.49395,375,373
1761,372,371,39210.49395,372,373
1762,372,372,0,373,373
1763,372,373,39210.49395,374,373
1764,372,368,39210.49395,369,373
1765,373,375,39210.49395,376,374
1766,373,372,39210.49395,373,374
1767,373,373,0,374,374
1768,373,369,39210.49395,370,374
1769,374,374,0,375,375
1770,374,375,39210.49395,376,375
1771,374,372,39210.49395,373,375
1772,375,374,39210.49395,375,376
1773,375,375,0,376,376
1774,375,373,39210.49395,374,376
1775,376,2,39209.99996,3,377
1776,376,376,0,377,377
1777,376,377,39210.4939,378,377
1778,377,3,39209.99996,4,378
1779,377,376,39210.4939,377,378
1780,377,377,0,378,378
